host_id	state
ERR6430833_bin.2	A+B coexist
GCA_001563335.1	B-only
GCA_001940655.1	B-only
GCA_001940665.2	B-only
GCA_001940705.1	B-only
GCA_001940755.1	A-only
GCA_003144275.1	B-only
GCA_003345545.1	B-only
GCA_003345555.1	B-only
GCA_003345595.1	B-only
GCA_003662765.1	B-only
GCA_004375715.1	A-only
GCA_004376265.1	B-only
GCA_004524365.1	A+B coexist
GCA_004524385.1	A-only
GCA_004524435.1	B-only
GCA_004524445.1	B-only
GCA_004524535.1	A+B coexist
GCA_004524545.1	A+B coexist
GCA_004524725.1	A-only
GCA_005191415.1	B-only
GCA_005191425.1	B-only
GCA_005222975.1	A+B coexist
GCA_005223125.1	A+B coexist
GCA_008080735.1	A+B coexist
GCA_008080745.1	B-only
GCA_008080765.1	A+B coexist
GCA_011364905.1	B-only
GCA_011364925.1	A+B coexist
GCA_011364965.1	B-only
GCA_011364975.1	A-only
GCA_011364985.1	B-only
GCA_013138615.1	B-only
GCA_013166775.1	A+B coexist
GCA_013166835.1	B-only
GCA_013375475.1	A+B coexist
GCA_013375485.1	A+B coexist
GCA_013388835.1	B-only
GCA_014728035.1	A+B coexist
GCA_014729935.1	B-only
GCA_014730165.1	A+B coexist
GCA_014730275.1	B-only
GCA_015520535.1	B-only
GCA_015523565.1	B-only
GCA_016839245.1	B-only
GCA_016839265.1	B-only
GCA_016839275.1	B-only
GCA_016839295.1	B-only
GCA_016839365.1	B-only
GCA_016839385.1	A+B coexist
GCA_016839425.1	A+B coexist
GCA_016839445.1	B-only
GCA_016839515.1	B-only
GCA_016839545.1	B-only
GCA_016839555.1	A+B coexist
GCA_016839585.1	A+B coexist
GCA_016839605.1	B-only
GCA_016839625.1	B-only
GCA_016839705.1	A+B coexist
GCA_016839745.1	A+B coexist
GCA_016839765.1	A+B coexist
GCA_016839785.1	B-only
GCA_016839815.1	B-only
GCA_016839865.1	A-only
GCA_016839905.1	A+B coexist
GCA_016839915.1	A-only
GCA_016840035.1	B-only
GCA_016840085.1	A+B coexist
GCA_016840095.1	A-only
GCA_016840165.1	A+B coexist
GCA_016840285.1	B-only
GCA_016840305.1	B-only
GCA_016840345.1	A+B coexist
GCA_016840385.1	B-only
GCA_016840425.1	B-only
GCA_016840465.1	A+B coexist
GCA_016840485.1	B-only
GCA_016840545.1	A+B coexist
GCA_016840565.1	B-only
GCA_016840585.1	B-only
GCA_016840625.1	B-only
GCA_016840655.1	A+B coexist
GCA_016840695.1	B-only
GCA_016840725.1	B-only
GCA_016840745.1	B-only
GCA_016840795.1	B-only
GCA_016840855.1	B-only
GCA_016840905.1	B-only
GCA_016926735.1	A+B coexist
GCA_016930515.1	A+B coexist
GCA_016933055.1	A+B coexist
GCA_016933575.1	B-only
GCA_018238155.1	B-only
GCA_018238205.1	B-only
GCA_018238375.1	B-only
GCA_018238545.1	A+B coexist
GCA_018238625.1	A+B coexist
GCA_018238825.1	B-only
GCA_018238965.1	A+B coexist
GCA_018335335.1	B-only
GCA_018383815.1	B-only
GCA_018383855.1	B-only
GCA_018383875.1	B-only
GCA_018383895.1	B-only
GCA_019056785.1	B-only
GCA_019056805.1	B-only
GCA_019056875.1	B-only
GCA_019057355.1	A+B coexist
GCA_019057375.1	A-only
GCA_019057385.1	B-only
GCA_019057475.1	B-only
GCA_019057635.1	B-only
GCA_019057795.1	A+B coexist
GCA_019057815.1	A-only
GCA_019057865.1	A+B coexist
GCA_019058015.1	A+B coexist
GCA_019058135.1	B-only
GCA_019058165.1	B-only
GCA_019058245.1	A+B coexist
GCA_019058275.1	B-only
GCA_019058295.1	B-only
GCA_019058315.1	B-only
GCA_019058365.1	A+B coexist
GCA_019058425.1	A+B coexist
GCA_019058445.1	A+B coexist
GCA_019058495.1	B-only
GCA_019894715.1	A+B coexist
GCA_019894795.1	A-only
GCA_019894815.1	A-only
GCA_019894855.1	A-only
GCA_019894885.1	A-only
GCA_019894955.1	A-only
GCA_019894975.1	A-only
GCA_020343655.1	A-only
GCA_020344955.1	A+B coexist
GCA_020348985.1	B-only
GCA_020353515.1	B-only
GCA_020355105.1	B-only
GCA_021399345.1	A+B coexist
GCA_021399395.1	A+B coexist
GCA_021498085.1	B-only
GCA_021498095.1	A+B coexist
GCA_021498125.1	B-only
GCA_021513695.1	A+B coexist
GCA_021513715.1	A+B coexist
GCA_022574115.1	B-only
GCA_023136245.1	A-only
GCA_023139025.1	A-only
GCA_023270155.1	A-only
GCA_023705905.1	A+B coexist
GCA_023705945.1	A-only
GCA_023705985.1	A-only
GCA_024275415.1	B-only
GCA_024276395.1	B-only
GCA_024276825.1	B-only
GCA_024720815.1	A-only
GCA_024720855.1	A-only
GCA_024720875.1	A-only
GCA_024720895.1	A-only
GCA_024720915.1	A-only
GCA_024720935.1	A-only
GCA_024720955.1	A-only
GCA_024720975.1	A-only
GCA_024720985.1	A-only
GCA_025839675.1	A+B coexist
GCA_026993975.1	A-only
GCA_027001645.1	B-only
GCA_027016475.1	B-only
GCA_027031765.1	B-only
GCA_027061945.1	B-only
GCA_027068385.1	A-only
GCA_027077875.1	B-only
GCA_029210805.1	B-only
GCA_029258835.1	B-only
GCA_029838175.1	A+B coexist
GCA_029838195.1	A+B coexist
GCA_029838215.1	B-only
GCA_029855935.1	B-only
GCA_029856045.1	A+B coexist
GCA_029856055.1	A-only
GCA_029856085.1	A+B coexist
GCA_029856105.1	A+B coexist
GCA_029856125.1	A+B coexist
GCA_029856145.1	A+B coexist
GCA_029856155.1	A+B coexist
GCA_029856235.1	A+B coexist
GCA_029856295.1	B-only
GCA_029856365.1	B-only
GCA_029856375.1	B-only
GCA_029856435.1	B-only
GCA_029856445.1	A+B coexist
GCA_029856635.1	A-only
GCA_029856685.1	A-only
GCA_029858305.1	B-only
GCA_029882335.1	A-only
GCA_030149205.1	B-only
GCA_030587475.2	B-only
GCA_030587585.2	A-only
GCA_030589605.1	B-only
GCA_030593165.1	A+B coexist
GCA_030599585.1	A+B coexist
GCA_030602675.1	B-only
GCA_030603365.1	A+B coexist
GCA_030603385.1	A+B coexist
GCA_030605895.1	A-only
GCA_030606095.1	A+B coexist
GCA_030606485.1	A+B coexist
GCA_030607575.1	A-only
GCA_030608385.1	A-only
GCA_030610785.1	A+B coexist
GCA_030611625.1	A+B coexist
GCA_030611665.1	A+B coexist
GCA_030612005.1	B-only
GCA_030612265.1	A+B coexist
GCA_030612365.1	B-only
GCA_030612905.1	A+B coexist
GCA_030613185.1	A-only
GCA_030615145.1	A+B coexist
GCA_030615235.1	A+B coexist
GCA_030631995.1	A-only
GCA_030667705.1	A+B coexist
GCA_030668165.1	B-only
GCA_030668825.1	A+B coexist
GCA_030668875.1	A+B coexist
GCA_030669595.1	B-only
GCA_034660795.1	B-only
GCA_035528035.1	B-only
GCA_035530895.1	A+B coexist
GCA_035531115.1	B-only
GCA_036478875.1	A+B coexist
GCA_037305845.1	B-only
GCA_037308085.1	B-only
GCA_037310415.1	B-only
GCA_037386725.1	A+B coexist
GCA_038817605.1	A-only
GCA_038819355.1	B-only
GCA_038820475.1	B-only
GCA_038821275.1	B-only
GCA_038822405.1	B-only
GCA_038824485.1	B-only
GCA_038825165.1	B-only
GCA_038825615.1	B-only
GCA_038826135.1	B-only
GCA_038839555.1	A-only
GCA_038840315.1	B-only
GCA_038842575.1	A-only
GCA_038843635.1	A-only
GCA_038846665.1	B-only
GCA_038849455.1	B-only
GCA_038853475.1	A-only
GCA_038854135.1	B-only
GCA_038855695.1	B-only
GCA_038858525.1	B-only
GCA_038861025.1	A-only
GCA_038861695.1	B-only
GCA_038866325.1	B-only
GCA_038868355.1	B-only
GCA_038871565.1	B-only
GCA_038871775.1	B-only
GCA_038881135.1	B-only
GCA_038883015.1	B-only
GCA_038884015.1	B-only
GCA_038886715.1	B-only
GCA_038887685.1	A-only
GCA_038888305.1	A-only
GCA_038889235.1	B-only
GCA_038893995.1	B-only
GCA_038894575.1	B-only
GCA_038894835.1	A-only
GCA_038897395.1	B-only
GCA_040225955.1	B-only
GCA_041305945.1	B-only
GCA_048881705.1	B-only
GCA_048881725.1	B-only
GCA_048882045.1	B-only
GCA_048882145.1	A-only
GCA_048882285.1	B-only
GCA_048882325.1	B-only
GCA_048882385.1	B-only
GCA_048882485.1	B-only
GCA_048882505.1	B-only
GCA_048882545.1	B-only
GCA_048882565.1	B-only
GCA_048882645.1	A-only
GCA_048882745.1	B-only
GCA_048882805.1	B-only
GCA_048882825.1	B-only
GCA_048882885.1	A+B coexist
GCA_048883045.1	A+B coexist
GCA_048883065.1	A-only
GCA_048883105.1	A+B coexist
GCA_048883245.1	A+B coexist
GCA_048883265.1	A+B coexist
GCA_048883405.1	B-only
GCA_048883425.1	B-only
GCA_048883465.1	B-only
GCA_048884785.1	B-only
GCA_048884925.1	B-only
GCA_048884945.1	B-only
GCA_048884965.1	B-only
GCA_048885285.1	A+B coexist
GCA_048885325.1	A+B coexist
GCA_048885365.1	A+B coexist
GCA_048885525.1	A-only
GCA_048885535.1	A+B coexist
GCA_048885565.1	A+B coexist
GCA_048885575.1	A+B coexist
GCA_048885625.1	A+B coexist
GCA_048885705.1	A+B coexist
GCA_048885765.1	A+B coexist
GCA_048885785.1	A+B coexist
GCA_048885865.1	B-only
GCA_048885925.1	A+B coexist
GCA_048885985.1	A+B coexist
GCA_048886105.1	B-only
GCA_048886165.1	A+B coexist
GCA_048886185.1	B-only
GCA_048886225.1	A+B coexist
GCA_048886305.1	A+B coexist
GCA_048886345.1	A+B coexist
GCA_048886445.1	B-only
GCA_048886485.1	A+B coexist
GCA_048886525.1	B-only
GCA_048886605.1	A-only
GCA_048886645.1	B-only
GCA_048886685.1	A+B coexist
GCA_048886785.1	A+B coexist
GCA_048886825.1	A-only
GCA_048886985.1	B-only
GCA_048887145.1	A+B coexist
GCA_048887165.1	A+B coexist
GCA_048887205.1	A-only
GCA_048887225.1	A+B coexist
GCA_048887385.1	B-only
GCA_048937405.1	A+B coexist
GCA_048937415.1	A+B coexist
GCA_048937435.1	B-only
GCA_048937485.1	B-only
GCA_048937605.1	B-only
GCA_048937645.1	A+B coexist
GCA_048937805.1	A-only
GCA_048937825.1	A+B coexist
GCA_048937845.1	A-only
GCA_048937855.1	A-only
GCA_048938005.1	A+B coexist
GCA_048938025.1	A-only
GCA_048938045.1	A+B coexist
GCA_048938105.1	B-only
GCA_048938155.1	A+B coexist
GCA_048938225.1	A-only
GCA_048938245.1	A+B coexist
GCA_048938325.1	B-only
GCA_048938445.1	A+B coexist
GCA_048938455.1	B-only
GCA_048938565.1	A-only
GCA_048938675.1	A+B coexist
GCA_048938765.1	B-only
GCA_048938825.1	A+B coexist
GCA_048938855.1	A+B coexist
GCA_048938885.1	B-only
GCA_048938895.1	A+B coexist
GCA_048938985.1	A+B coexist
GCA_048939005.1	A+B coexist
GCA_048939015.1	A+B coexist
GCA_048939245.1	B-only
GCA_048939265.1	B-only
GCA_048939445.1	A+B coexist
GCA_048939465.1	B-only
GCA_048939725.1	B-only
GCA_048939765.1	B-only
GCA_048939785.1	A+B coexist
GCA_048939795.1	A-only
GCA_048939935.1	B-only
GCA_048939985.1	A+B coexist
GCA_048939995.1	A+B coexist
GCA_048940045.1	B-only
GCA_048940105.1	A-only
GCA_048940185.1	A+B coexist
GCA_048940205.1	A+B coexist
GCA_048940245.1	A-only
GCA_048940305.1	A-only
GCA_048940325.1	B-only
GCA_048940395.1	B-only
GCA_048940445.1	A+B coexist
GCA_048940505.1	A-only
GCA_048940605.1	A+B coexist
GCA_048940645.1	A+B coexist
GCA_048940745.1	B-only
GCA_048940765.1	A-only
GCA_048940805.1	A+B coexist
GCA_048940825.1	B-only
GCA_048940925.1	A+B coexist
GCA_048941015.1	A+B coexist
GCA_048941065.1	A+B coexist
GCA_048941095.1	B-only
GCA_048941185.1	A+B coexist
GCA_048941205.1	A-only
GCA_048941225.1	A+B coexist
GCA_048941265.1	A+B coexist
GCA_048941285.1	A+B coexist
GCA_048941385.1	A+B coexist
GCA_048941465.1	A+B coexist
GCA_048941475.1	A+B coexist
GCA_048941535.1	A-only
GCA_048941605.1	A+B coexist
GCA_048941625.1	A+B coexist
GCA_048941715.1	B-only
GCA_048941725.1	A-only
GCA_052584815.1	B-only
GCA_052584825.1	A+B coexist
GCA_052584985.1	B-only
GCA_052585085.1	A-only
GCA_052626455.1	A-only
GCA_052626505.1	A+B coexist
GCA_054381395.1	A+B coexist
GCA_054381415.1	B-only
GCA_054381435.1	A+B coexist
GCA_054381475.1	B-only
GCA_054381495.1	B-only
GCA_054381545.1	A+B coexist
GCA_054381575.1	B-only
GCA_054381595.1	B-only
GCA_054382835.1	A-only
GCA_054382875.1	A+B coexist
GCA_054382895.1	A-only
GCA_054383015.1	A-only
GCA_054383035.1	B-only
GCA_054383055.1	B-only
GCA_054383075.1	B-only
GCA_054383095.1	B-only
GCA_054383115.1	B-only
GCA_054383155.1	A-only
GCA_054383175.1	B-only
GCA_054383215.1	B-only
GCA_054383235.1	A+B coexist
GCA_054383255.1	B-only
GCA_054383295.1	A+B coexist
GCA_054383315.1	B-only
GCA_054383395.1	A-only
GCA_054383455.1	B-only
GCA_054383495.1	A-only
GCA_054383515.1	A+B coexist
GCA_054383535.1	B-only
GCA_054383555.1	B-only
GCA_054383575.1	A+B coexist
GCA_054383595.1	B-only
GCA_054383615.1	A+B coexist
GCA_054383655.1	B-only
GCA_054383675.1	A+B coexist
GCA_054383715.1	A-only
GCA_054383735.1	A-only
GCA_054383755.1	B-only
GCA_054383815.1	B-only
GCA_054383835.1	B-only
GCA_054383855.1	B-only
GCA_054383875.1	A+B coexist
GCA_054383895.1	A+B coexist
GCA_054383915.1	B-only
GCA_054383935.1	B-only
GCA_054383955.1	B-only
GCA_054383975.1	B-only
GCA_054384015.1	A+B coexist
GCA_054384035.1	B-only
GCA_054384055.1	A+B coexist
GCA_054384095.1	B-only
GCA_054384115.1	B-only
GCA_054384125.1	A+B coexist
GCA_054384155.1	B-only
GCA_054384175.1	A+B coexist
GCA_054384195.1	A-only
GCA_054384215.1	B-only
GCA_054384235.1	B-only
GCA_054384275.1	A+B coexist
GCA_054384295.1	B-only
GCA_054384335.1	A-only
GCA_054384355.1	B-only
GCA_054384375.1	A+B coexist
GCA_054384435.1	A-only
GCA_054384455.1	A-only
GCA_054384475.1	B-only
GCA_054384535.1	A+B coexist
GCA_054384575.1	A-only
GCA_054384595.1	A+B coexist
GCA_054384635.1	A-only
GCA_054384655.1	B-only
GCA_054384695.1	A+B coexist
GCA_054384735.1	B-only
GCA_054384775.1	B-only
GCA_054384795.1	A+B coexist
GCA_054384835.1	A+B coexist
GCA_054384875.1	A-only
GCA_054384895.1	A-only
GCA_054384915.1	A-only
GCA_054384955.1	A-only
GCA_054384975.1	A-only
GCA_054384995.1	B-only
GCA_054385015.1	A-only
GCA_054385055.1	B-only
GCA_054385475.1	B-only
GCA_054385555.1	B-only
GCA_054385575.1	A-only
GCA_054385615.1	B-only
GCA_054385635.1	A-only
GCA_054385655.1	A-only
GCA_054385675.1	B-only
GCA_054385695.1	A+B coexist
GCA_054385715.1	B-only
GCA_054385735.1	A-only
GCA_054385755.1	B-only
GCA_054385775.1	B-only
GCA_054385795.1	A-only
GCA_054385835.1	B-only
GCA_054385855.1	A+B coexist
GCA_054385875.1	B-only
GCA_054385915.1	B-only
GCA_054385935.1	B-only
GCA_054385955.1	A+B coexist
GCA_054385975.1	A+B coexist
GCA_054386015.1	B-only
GCA_054386055.1	B-only
GCA_054386075.1	A+B coexist
GCA_054386095.1	A+B coexist
GCA_054386115.1	A-only
GCA_054386175.1	A+B coexist
GCA_054386195.1	B-only
GCA_054386255.1	A-only
GCA_054386315.1	B-only
GCA_054386395.1	B-only
GCA_054386435.1	A-only
GCA_054386475.1	B-only
GCA_054386495.1	A+B coexist
GCA_054386515.1	B-only
GCA_054386535.1	A+B coexist
GCA_054386555.1	A-only
GCA_054386595.1	A-only
GCA_054386635.1	A+B coexist
GCA_054386675.1	A-only
GCA_054386695.1	B-only
GCA_054386715.1	A-only
GCA_054386735.1	A+B coexist
GCA_054386755.1	A+B coexist
GCA_054386775.1	B-only
GCA_054386795.1	A-only
GCA_054386815.1	B-only
GCA_054386855.1	B-only
GCA_054386895.1	A+B coexist
GCA_054386955.1	A+B coexist
GCA_054386975.1	B-only
GCA_054386995.1	B-only
GCA_054387015.1	B-only
GCA_054387035.1	A+B coexist
GCA_054387055.1	B-only
GCA_054387075.1	B-only
GCA_054387095.1	A-only
GCA_054387115.1	A-only
GCA_054387135.1	B-only
GCA_054387155.1	B-only
GCA_054387175.1	A+B coexist
GCA_054387215.1	A-only
GCA_054387275.1	B-only
GCA_054387335.1	A+B coexist
GCA_054387365.1	A+B coexist
GCA_054387395.1	B-only
GCA_054387415.1	A+B coexist
GCA_054387435.1	A+B coexist
GCA_054387455.1	A+B coexist
GCA_054387475.1	A+B coexist
GCA_054387495.1	B-only
GCA_054387555.1	B-only
GCA_054387615.1	B-only
GCA_054387635.1	A+B coexist
GCA_054387675.1	B-only
GCA_054387695.1	A+B coexist
GCA_054387715.1	B-only
GCA_054387735.1	A+B coexist
GCA_054387755.1	B-only
GCA_054387775.1	B-only
GCA_054387795.1	B-only
GCA_054387815.1	B-only
GCA_054387835.1	A+B coexist
GCA_054387875.1	A-only
GCA_054387935.1	A+B coexist
GCA_054387955.1	B-only
GCA_054387995.1	A+B coexist
GCA_054388015.1	A+B coexist
GCA_054388035.1	B-only
GCA_054388055.1	A-only
GCA_054388115.1	B-only
GCA_054388135.1	B-only
GCA_054388175.1	A-only
GCA_054388235.1	A+B coexist
GCA_054388355.1	A-only
GCA_054388435.1	B-only
GCA_054388475.1	B-only
GCA_054388515.1	A-only
GCA_054388535.1	B-only
GCA_054388595.1	B-only
GCA_054388615.1	B-only
GCA_054388655.1	B-only
GCA_054388735.1	A+B coexist
GCA_054389205.1	B-only
GCA_054389235.1	B-only
GCA_054389255.1	B-only
GCA_054389375.1	B-only
GCA_054389415.1	B-only
GCA_054389475.1	B-only
GCA_054389535.1	B-only
GCA_054389595.1	A-only
GCA_054389615.1	B-only
GCA_054389635.1	B-only
GCA_054389655.1	A-only
GCA_054389675.1	B-only
GCA_054389695.1	B-only
GCA_054389715.1	B-only
GCA_054389775.1	A-only
GCA_054389835.1	B-only
GCA_054389855.1	A+B coexist
GCA_054389875.1	B-only
GCA_054389895.1	B-only
GCA_054389935.1	B-only
GCA_054389955.1	B-only
GCA_054389975.1	B-only
GCA_054390095.1	B-only
GCA_054390135.1	B-only
GCA_054390195.1	B-only
GCA_054390215.1	B-only
GCA_054390235.1	B-only
GCA_054390255.1	B-only
GCA_054390335.1	A+B coexist
GCA_054390395.1	B-only
GCA_054390415.1	A+B coexist
GCA_054390435.1	B-only
GCA_054390475.1	B-only
GCA_054390515.1	A-only
GCA_054390595.1	A+B coexist
GCA_054390655.1	B-only
GCA_054390715.1	A+B coexist
GCA_054390735.1	B-only
GCA_054390755.1	A+B coexist
GCA_054390775.1	B-only
GCA_054390815.1	B-only
GCA_054390855.1	B-only
GCA_054390875.1	B-only
GCA_054390955.1	B-only
GCA_054390975.1	B-only
GCA_054390995.1	B-only
GCA_054391035.1	B-only
GCA_054391075.1	A-only
GCA_054391095.1	B-only
GCA_054391215.1	A-only
GCA_054391295.1	B-only
GCA_054391315.1	B-only
GCF_008000775.2	A+B coexist
GOMC.bin.10032	A-only
GOMC.bin.10054	A+B coexist
GOMC.bin.10982	B-only
GOMC.bin.12197	A-only
GOMC.bin.1254	B-only
GOMC.bin.12592	A-only
GOMC.bin.1369	A+B coexist
GOMC.bin.1376	A+B coexist
GOMC.bin.14008	B-only
GOMC.bin.1438	B-only
GOMC.bin.1446	A+B coexist
GOMC.bin.1479	A+B coexist
GOMC.bin.14973	A+B coexist
GOMC.bin.15130	A+B coexist
GOMC.bin.1540	B-only
GOMC.bin.16112	B-only
GOMC.bin.16114	B-only
GOMC.bin.16116	A+B coexist
GOMC.bin.16247	A-only
GOMC.bin.16287	A-only
GOMC.bin.16288	B-only
GOMC.bin.16340	A-only
GOMC.bin.1637	B-only
GOMC.bin.16389	A-only
GOMC.bin.16560	A-only
GOMC.bin.16641	B-only
GOMC.bin.16809	B-only
GOMC.bin.16881	B-only
GOMC.bin.16903	A-only
GOMC.bin.16906	A-only
GOMC.bin.16957	B-only
GOMC.bin.17070	B-only
GOMC.bin.17206	A-only
GOMC.bin.17308	B-only
GOMC.bin.17905	A-only
GOMC.bin.18203	B-only
GOMC.bin.18519	A-only
GOMC.bin.18629	B-only
GOMC.bin.19169	A+B coexist
GOMC.bin.19673	A-only
GOMC.bin.2462	B-only
GOMC.bin.27075	B-only
GOMC.bin.2757	B-only
GOMC.bin.2758	B-only
GOMC.bin.27746	A-only
GOMC.bin.2818	A+B coexist
GOMC.bin.2831	B-only
GOMC.bin.2861	A-only
GOMC.bin.2973	B-only
GOMC.bin.2990	A-only
GOMC.bin.2992	A-only
GOMC.bin.3003	A-only
GOMC.bin.30581	A-only
GOMC.bin.3147	B-only
GOMC.bin.3201	B-only
GOMC.bin.32939	A-only
GOMC.bin.3316	B-only
GOMC.bin.3447	B-only
GOMC.bin.3488	A-only
GOMC.bin.35589	B-only
GOMC.bin.4316	A-only
GOMC.bin.4340	A-only
GOMC.bin.4504	A+B coexist
GOMC.bin.5617	B-only
GOMC.bin.7496	A+B coexist
GOMC.bin.7548	A+B coexist
GOMC.bin.7564	A+B coexist
GOMC.bin.7984	B-only
GOMC.bin.7985	A-only
GOMC.bin.8267	B-only
GOMC.bin.8294	B-only
GOMC.bin.9181	A+B coexist
GOMC.bin.9621	A-only
GOMC.bin.9735	A+B coexist
GOMC.bin.9814	B-only
GOMC.bin.9834	B-only
GOMC.bin.985	A+B coexist
GOMC.bin.9856	B-only
GOMC.bin.9869	B-only
GOMC.bin.9875	B-only
SRR17658257_bin.2	B-only
SRR17658268_bin.3	B-only
SRR17658279_bin.16	B-only
SRR17658283_bin.2	B-only
