case_id	og_id	contract_version	software_version	n_genes	n_hosts	n_single	n_coexist	p_cluster	r_hat	delta_log_likelihood	p_persistence_one_sided	fit_status	closure
archaea1338__OG0000244	OG0000244	coexist_gl_v2_no_ale_unit_edge	0.1.0	463	318	193	125	0.0001	27.976509291559367	44.43782899522702	2.102125171486096e-21	COEXIST_PERSISTENCE_SUPPORTED	PASS
archaea1338__OG0000323	OG0000323	coexist_gl_v2_no_ale_unit_edge	0.1.0	406	300	236	64	0.0001	16.793391966408073	24.21098506287504	1.7184798257353327e-12	COEXIST_PERSISTENCE_SUPPORTED	PASS
archaea1338__OG0000345	OG0000345	coexist_gl_v2_no_ale_unit_edge	0.1.0	392	338	299	39	0.0013	7.629611745524212	6.151604458179889	0.00022609010345084823	COEXIST_PERSISTENCE_SUPPORTED	PASS
archaea1338__OG0000355	OG0000355	coexist_gl_v2_no_ale_unit_edge	0.1.0	388	248	194	54	0.0001	77.68235444649268	57.23987625723244	5.115277131281122e-27	COEXIST_PERSISTENCE_SUPPORTED	PASS
archaea1338__OG0000455	OG0000455	coexist_gl_v2_no_ale_unit_edge	0.1.0	355	295	237	58	0.0001	18.137012511399384	24.991318730818165	7.755622530680987e-13	COEXIST_PERSISTENCE_SUPPORTED	PASS
archaea1338__OG0000477	OG0000477	coexist_gl_v2_no_ale_unit_edge	0.1.0	348	257	198	59	0.0001	17.028983560952184	18.245887937363435	7.665587636943821e-10	COEXIST_PERSISTENCE_SUPPORTED	PASS
archaea1338__OG0000566	OG0000566	coexist_gl_v2_no_ale_unit_edge	0.1.0	317	272	237	35	0.0001	25.093149688137935	26.670960261534873	1.4013076924877912e-13	COEXIST_PERSISTENCE_SUPPORTED	PASS
archaea1338__OG0000637	OG0000637	coexist_gl_v2_no_ale_unit_edge	0.1.0	302	197	112	85	0.0001	20.035707245016862	15.956751715038777	8.059633899395835e-09	COEXIST_PERSISTENCE_SUPPORTED	PASS
archaea1338__OG0000648	OG0000648	coexist_gl_v2_no_ale_unit_edge	0.1.0	300	251	210	41	0.0001	31.552633175135718	32.402607915978734	4.1340001260389887e-16	COEXIST_PERSISTENCE_SUPPORTED	PASS
archaea1338__OG0000688	OG0000688	coexist_gl_v2_no_ale_unit_edge	0.1.0	294	227	174	53	0.0001	33.616536185716434	40.631767077204074	9.876906217678398e-20	COEXIST_PERSISTENCE_SUPPORTED	PASS
archaea1338__OG0000701	OG0000701	coexist_gl_v2_no_ale_unit_edge	0.1.0	292	195	135	60	0.0001	15.880366860171986	12.292747702415127	3.5542390749112487e-07	COEXIST_PERSISTENCE_SUPPORTED	PASS
archaea1338__OG0000710	OG0000710	coexist_gl_v2_no_ale_unit_edge	0.1.0	291	196	130	66	0.0001	13.502123885974719	11.015347284592622	1.3416245653516953e-06	COEXIST_PERSISTENCE_SUPPORTED	PASS
archaea1338__OG0000762	OG0000762	coexist_gl_v2_no_ale_unit_edge	0.1.0	282	236	195	41	0.0001	18.477861631218374	20.546998791946663	7.254060190898643e-11	COEXIST_PERSISTENCE_SUPPORTED	PASS
archaea1338__OG0000843	OG0000843	coexist_gl_v2_no_ale_unit_edge	0.1.0	272	246	221	25	0.0001	23.856931780025974	19.3140236825216	2.563837564894407e-10	COEXIST_PERSISTENCE_SUPPORTED	PASS
archaea1338__OG0000979	OG0000979	coexist_gl_v2_no_ale_unit_edge	0.1.0	254	146	73	73	0.0003	13.458590236120154	6.945380514603471	9.687426885285082e-05	COEXIST_PERSISTENCE_SUPPORTED	PASS
archaea1338__OG0001050	OG0001050	coexist_gl_v2_no_ale_unit_edge	0.1.0	246	172	127	45	0.0026	7.980867682905121	5.191474497926592	0.0006359219525889046	COEXIST_PERSISTENCE_SUPPORTED	PASS
archaea1338__OG0001088	OG0001088	coexist_gl_v2_no_ale_unit_edge	0.1.0	241	122	67	55	0.0001	20.49410894180154	13.753981981572537	7.822447918945468e-08	COEXIST_PERSISTENCE_SUPPORTED	PASS
archaea1338__OG0001103	OG0001103	coexist_gl_v2_no_ale_unit_edge	0.1.0	239	126	74	52	0.0001	16.283223773993193	9.621156735435534	5.756649614546346e-06	COEXIST_PERSISTENCE_SUPPORTED	PASS
archaea1338__OG0001243	OG0001243	coexist_gl_v2_no_ale_unit_edge	0.1.0	224	164	114	50	0.0023	8.525030296361079	4.194580781913118	0.0018873249201322992	COEXIST_PERSISTENCE_SUPPORTED	PASS
archaea1338__OG0001360	OG0001360	coexist_gl_v2_no_ale_unit_edge	0.1.0	213	121	85	36	0.0001	26.854880121038637	18.50007947999171	5.90598081766754e-10	COEXIST_PERSISTENCE_SUPPORTED	PASS
archaea1338__OG0001449	OG0001449	coexist_gl_v2_no_ale_unit_edge	0.1.0	207	134	86	48	0.0001	15.010922103232677	8.119064002984345	2.7929260280892704e-05	COEXIST_PERSISTENCE_SUPPORTED	PASS
archaea1338__OG0001565	OG0001565	coexist_gl_v2_no_ale_unit_edge	0.1.0	197	130	85	45	0.0031	10.136660050272027	3.271178833129582	0.005266782951796453	COEXIST_PERSISTENCE_SUPPORTED	PASS
archaea1338__OG0001568	OG0001568	coexist_gl_v2_no_ale_unit_edge	0.1.0	197	167	140	27	0.0002	16.777345175637535	11.673736693763026	6.761050614851385e-07	COEXIST_PERSISTENCE_SUPPORTED	PASS
archaea1338__OG0001580	OG0001580	coexist_gl_v2_no_ale_unit_edge	0.1.0	196	107	52	55	0.0003	14.005139720588621	5.029899213035236	0.00075769902930705	COEXIST_PERSISTENCE_SUPPORTED	PASS
archaea1338__OG0001582	OG0001582	coexist_gl_v2_no_ale_unit_edge	0.1.0	194	126	91	35	0.0001	29.450353922017356	15.788379067854152	9.585520263419984e-09	COEXIST_PERSISTENCE_SUPPORTED	PASS
archaea1338__OG0001589	OG0001589	coexist_gl_v2_no_ale_unit_edge	0.1.0	196	158	124	34	0.0669	5.7002058518767	0.8822550908921301	0.09203147456960732	COEXIST_OBSERVED_NULL_BOUNDARY	PASS
archaea1338__OG0001771	OG0001771	coexist_gl_v2_no_ale_unit_edge	0.1.0	184	142	102	40	0.0001	36.58154618036141	20.787780354284592	5.6701031754070735e-11	COEXIST_PERSISTENCE_SUPPORTED	PASS
archaea1338__OG0001785	OG0001785	coexist_gl_v2_no_ale_unit_edge	0.1.0	183	120	80	40	0.0051	9.53505974095495	3.604428897123057	0.003627232350245444	COEXIST_PERSISTENCE_SUPPORTED	PASS
archaea1338__OG0001791	OG0001791	coexist_gl_v2_no_ale_unit_edge	0.1.0	183	117	85	32	0.0001	19.68102205038739	11.275314950222764	1.0233870480465168e-06	R_NOT_IDENTIFIABLE	PASS
archaea1338__OG0001833	OG0001833	coexist_gl_v2_no_ale_unit_edge	0.1.0	181	105	63	42	0.0004	14.323019614458856	6.856056411926119	0.0001065378965822493	COEXIST_PERSISTENCE_SUPPORTED	PASS
archaea1338__OG0002358	OG0002358	coexist_gl_v2_no_ale_unit_edge	0.1.0	157	107	63	44	0.1468	2.4888721364048725	0.027519242501213625	0.40725850876486935	COEXIST_OBSERVED_NULL_BOUNDARY	PASS
archaea1338__OG0002388	OG0002388	coexist_gl_v2_no_ale_unit_edge	0.1.0	156	127	101	26	0.1546	9.758156196391845	2.2551723331593863	0.01684522558923309	COEXIST_PERSISTENCE_SUPPORTED	PASS
archaea1338__OG0002523	OG0002523	coexist_gl_v2_no_ale_unit_edge	0.1.0	151	121	92	29	0.0001	18.115498311894346	8.183939640653819	2.6080877162051135e-05	COEXIST_PERSISTENCE_SUPPORTED	PASS
