family_id	species_cut_id	r	A	kappa_hat	logL	expected_S_to_S	expected_S_to_C_gain	expected_C_to_S_resolution	expected_C_to_C_persistence	expected_changed_edges	expected_total_edges	status
archaea1338__OG0001580__AU31_ALE_matched	full	1.0	0.0622539088783536	NA	-186.4382590805748	132.07317001643608	44.73185157647573	7.35935004234599	27.835628364742234	52.091201618821714	212.00000000000003	PASS
archaea1338__OG0001580__AU31_ALE_matched	full	1.0	0.1245078177567072	NA	-155.8047172837952	130.94478506207554	49.352023851291946	10.261911347798826	21.44127973883367	59.613935199090776	212.0	PASS
archaea1338__OG0001580__AU31_ALE_matched	full	1.0	0.2490156355134144	NA	-125.90310466731907	123.32268520845192	52.9176630516329	15.907789822511825	19.851861917403372	68.82545287414473	212.00000000000003	PASS
archaea1338__OG0001580__AU31_ALE_matched	full	1.0	0.352161288986026	NA	-112.20063944036669	116.51475258961722	54.45618771113134	20.120016310044807	20.90904338920668	74.57620402117615	212.00000000000006	PASS
archaea1338__OG0001580__AU31_ALE_matched	full	1.0	0.4980312710268288	NA	-99.91965365255194	107.4212444249496	55.78408781277946	25.38043169190183	23.41423607036911	81.1645195046813	212.0	PASS
archaea1338__OG0001580__AU31_ALE_matched	full	1.0	0.704322577972052	NA	-89.53843564907497	96.01289676712867	56.69612613762044	31.601807168480615	27.68916992677033	88.29793330610106	212.00000000000003	PASS
archaea1338__OG0001580__AU31_ALE_matched	full	1.0	0.9960625420536576	NA	-81.53074230207531	82.6097824063293	56.81338715158315	38.43412788250494	34.14270255958251	95.24751503408808	211.9999999999999	PASS
archaea1338__OG0001580__AU31_ALE_matched	full	1.0	1.9921250841073153	NA	-74.16873604823492	53.45151668614162	52.69829536342377	51.1223933817528	54.72779456868181	103.82068874517657	212.0	PASS
archaea1338__OG0001580__AU31_ALE_matched	full	1.0	2.114274083183933	NA	-74.12149167513661	51.053999268420895	52.00267394578764	51.98821798100105	56.9551088047904	103.99089192678869	211.99999999999997	PASS
archaea1338__OG0001580__AU31_ALE_matched	full	1.0	3.9842501682146305	NA	-79.36406509651904	29.298630428824094	41.63616575443288	57.834557003919635	83.2306468128234	99.47072275835251	212.0	PASS
archaea1338__OG0001580__AU31_ALE_matched	full	1.25	0.0622539088783536	NA	-180.7540837804113	125.64871664010626	40.73160228868082	8.57130689472232	37.04837417649056	49.30290918340314	211.99999999999994	PASS
archaea1338__OG0001580__AU31_ALE_matched	full	1.25	0.1245078177567072	NA	-151.72597126999565	126.04630687658346	46.07075942923056	11.070172683322763	28.81276101086316	57.14093211255333	211.99999999999997	PASS
archaea1338__OG0001580__AU31_ALE_matched	full	1.25	0.2490156355134144	NA	-122.74528582160524	119.41370211205147	49.999332318804164	16.40243970467504	26.184525864469354	66.4017720234792	212.00000000000003	PASS
archaea1338__OG0001580__AU31_ALE_matched	full	1.25	0.352161288986026	NA	-109.3479449616662	112.9954613374348	51.50001907631259	20.400700166856158	27.10381941939634	71.90071924316875	211.9999999999999	PASS
archaea1338__OG0001580__AU31_ALE_matched	full	1.25	0.4980312710268288	NA	-97.34678728785255	104.28688598079788	52.62819075369569	25.368602474373514	29.71632079113289	77.99679322806921	211.99999999999997	PASS
archaea1338__OG0001580__AU31_ALE_matched	full	1.25	0.704322577972052	NA	-87.29615198472324	93.30772483323393	53.18669175495326	31.198513156096652	34.30707025571613	84.38520491104991	211.99999999999997	PASS
archaea1338__OG0001580__AU31_ALE_matched	full	1.25	0.9960625420536576	NA	-79.76015866034392	80.40863464809618	52.83454506668107	37.544152841437715	41.21266744378504	90.3786979081188	212.0	PASS
archaea1338__OG0001580__AU31_ALE_matched	full	1.25	1.9921250841073153	NA	-74.10462942690077	52.422097277530945	47.82024204335345	49.197377007642025	62.560283671473556	97.01761905099548	212.0	PASS
archaea1338__OG0001580__AU31_ALE_matched	full	1.25	2.114274083183933	NA	-74.26026882535407	50.12441977848258	47.07722051139639	49.989624481609866	64.8087352285112	97.06684499300626	212.00000000000006	PASS
archaea1338__OG0001580__AU31_ALE_matched	full	1.25	3.9842501682146305	NA	-82.09687542517862	29.25049700498199	36.77083733950795	55.42565393403722	90.55301172147286	92.19649127354518	212.0	PASS
archaea1338__OG0001580__AU31_ALE_matched	full	1.5	0.0622539088783536	NA	-175.03722644700466	118.89186840795071	36.880357053506934	10.023948089576123	46.20382644896624	46.90430514308306	212.0	PASS
archaea1338__OG0001580__AU31_ALE_matched	full	1.5	0.1245078177567072	NA	-147.59491430437825	121.1105638992279	42.88335723322423	11.943871602223087	36.062207265324815	54.827228835447315	212.00000000000003	PASS
archaea1338__OG0001580__AU31_ALE_matched	full	1.5	0.2490156355134144	NA	-119.59989419353589	115.58404612300156	47.1282070904139	16.880664060274405	32.40708272631013	64.00887115068831	212.0	PASS
archaea1338__OG0001580__AU31_ALE_matched	full	1.5	0.352161288986026	NA	-106.5592005608213	109.6292962109444	48.62505293444586	20.644842887400078	33.100807967209704	69.26989582184594	212.00000000000006	PASS
archaea1338__OG0001580__AU31_ALE_matched	full	1.5	0.4980312710268288	NA	-94.89795830856309	101.39309133469166	49.62735710608554	25.313143570453228	35.66640798876957	74.94050067653876	212.00000000000003	PASS
archaea1338__OG0001580__AU31_ALE_matched	full	1.5	0.704322577972052	NA	-85.24322182887556	90.9386747034968	49.95359113493759	30.764073673958215	40.34366048760736	80.7176648088958	211.99999999999997	PASS
archaea1338__OG0001580__AU31_ALE_matched	full	1.5	0.9960625420536576	NA	-78.24023183583033	78.6326353151274	49.308972703309806	36.666615784000996	47.39177619756178	85.9755884873108	212.0	PASS
archaea1338__OG0001580__AU31_ALE_matched	full	1.5	1.9921250841073153	NA	-74.31431265426743	51.87944663060429	43.87338793304411	47.49272361277617	68.75444182357536	91.36611154582027	211.99999999999994	PASS
archaea1338__OG0001580__AU31_ALE_matched	full	1.5	2.114274083183933	NA	-74.66275804776903	49.67591063834824	43.12371969372553	48.23464868123462	70.96572098669165	91.35836837496015	212.00000000000003	PASS
archaea1338__OG0001580__AU31_ALE_matched	full	1.5	3.9842501682146305	NA	-84.81865989454035	29.537272853909762	33.15631618844339	53.47349707976076	95.8329138778861	86.62981326820415	212.0	PASS
archaea1338__OG0001580__AU31_ALE_matched	full	2.0	0.0622539088783536	NA	-163.84980846705838	104.72346516634664	29.52212355767754	13.429034112163128	64.32537716381268	42.95115766984067	211.99999999999997	PASS
archaea1338__OG0001580__AU31_ALE_matched	full	2.0	0.1245078177567072	NA	-139.53570145573084	111.19850525327288	36.90688962020142	13.910482198177515	49.98412292834823	50.81737181837893	212.00000000000003	PASS
archaea1338__OG0001580__AU31_ALE_matched	full	2.0	0.2490156355134144	NA	-113.58649496138574	108.31553588838722	41.79104484130813	17.84326119296251	44.05015807734212	59.63430603427064	211.99999999999994	PASS
archaea1338__OG0001580__AU31_ALE_matched	full	2.0	0.352161288986026	NA	-101.34981474048912	103.46586811793345	43.35295255516639	21.08593227175133	44.09524705514879	64.43888482691771	211.99999999999994	PASS
archaea1338__OG0001580__AU31_ALE_matched	full	2.0	0.4980312710268288	NA	-90.48018669610593	96.36112558798058	44.26418643062013	25.14103933940951	46.23364864198984	69.40522577002963	212.00000000000006	PASS
archaea1338__OG0001580__AU31_ALE_matched	full	2.0	0.704322577972052	NA	-81.73019152442166	87.13758401666367	44.38526491389723	29.871738697703286	50.605412371735845	74.25700361160051	212.0	PASS
archaea1338__OG0001580__AU31_ALE_matched	full	2.0	0.9960625420536576	NA	-75.8732790905895	76.15593286920455	43.50852533273356	34.993949435397035	57.341592362664834	78.5024747681306	212.0	PASS
archaea1338__OG0001580__AU31_ALE_matched	full	2.0	1.9921250841073153	NA	-75.26059896839989	51.83629856374945	38.01229238628476	44.571859814252164	77.57954923571356	82.58415220053692	211.99999999999994	PASS
archaea1338__OG0001580__AU31_ALE_matched	full	2.0	2.114274083183933	NA	-75.95306527271605	49.79525001321805	37.30274716054404	45.252786691837564	79.64921613440029	82.5555338523816	211.99999999999994	PASS
archaea1338__OG0001580__AU31_ALE_matched	full	2.0	3.9842501682146305	NA	-89.99736619889329	30.728926495106663	28.232962871655968	50.40821042419218	102.62990020904518	78.64117329584815	212.0	PASS
archaea1338__OG0001580__AU31_ALE_matched	full	4.0	0.0622539088783536	NA	-128.15404782725213	68.6242609715111	12.41557516333394	22.945713910399867	108.01444995475508	35.36128907373381	212.0	PASS
archaea1338__OG0001580__AU31_ALE_matched	full	4.0	0.1245078177567072	NA	-113.48443072748378	79.25942776194887	19.485229132209923	21.171807157105285	92.08353594873596	40.65703628931521	212.00000000000006	PASS
archaea1338__OG0001580__AU31_ALE_matched	full	4.0	0.2490156355134144	NA	-95.29748198248254	86.52403412343119	26.537841604939143	21.095536965972887	77.84258730565683	47.63337857091203	212.00000000000006	PASS
archaea1338__OG0001580__AU31_ALE_matched	full	4.0	0.352161288986026	NA	-86.42116482866494	86.76204943585637	28.976091519329252	22.220066576278043	74.04179246853637	51.196158095607295	212.00000000000006	PASS
archaea1338__OG0001580__AU31_ALE_matched	full	4.0	0.4980312710268288	NA	-78.896139316478	84.75357886946365	30.567460948807007	24.05121146922573	72.62774871250366	54.61867241803274	212.00000000000006	PASS
archaea1338__OG0001580__AU31_ALE_matched	full	4.0	0.704322577972052	NA	-73.74326954531948	80.69553798185855	31.28438260530116	26.477637282524295	73.542442130316	57.76201988782546	212.0	PASS
archaea1338__OG0001580__AU31_ALE_matched	full	4.0	0.9960625420536576	NA	-71.9506498056539	74.74458591207126	31.071827689097308	29.395399668781984	76.7881867300495	60.467227357879295	212.00000000000006	PASS
archaea1338__OG0001580__AU31_ALE_matched	full	4.0	1.9921250841073153	NA	-81.04020628255309	57.98250114376996	27.560751669105276	36.15956387750497	90.29718330961981	63.72031554661025	212.00000000000003	PASS
archaea1338__OG0001580__AU31_ALE_matched	full	4.0	2.114274083183933	NA	-82.63220429599605	56.32954414690235	27.066419266036227	36.75387734071318	91.85015924634828	63.82029660674941	212.00000000000006	PASS
archaea1338__OG0001580__AU31_ALE_matched	full	4.0	3.9842501682146305	NA	-106.03507523338823	38.68910299444173	20.50831057676881	42.47735164127945	110.32523478751006	62.98566221804826	212.00000000000006	PASS
archaea1338__OG0001580__AU31_ALE_matched	full	8.0	0.0622539088783536	NA	-97.39581786289091	59.74331666914061	7.722822593149577	25.050472375457417	119.48338836225238	32.773294968607	212.0	PASS
archaea1338__OG0001580__AU31_ALE_matched	full	8.0	0.1245078177567072	NA	-88.90666362493967	65.64752844054536	10.978893905592635	23.72071287856663	111.65286477529541	34.699606784159265	212.00000000000003	PASS
archaea1338__OG0001580__AU31_ALE_matched	full	8.0	0.2490156355134144	NA	-78.86448717296481	74.04639484032641	16.176059506154605	22.12085128859902	99.65669436491996	38.29691079475363	212.0	PASS
archaea1338__OG0001580__AU31_ALE_matched	full	8.0	0.352161288986026	NA	-74.22951371847707	78.3477087688928	19.09605929756506	21.433838612061912	93.12239332148012	40.52989790962697	211.9999999999999	PASS
archaea1338__OG0001580__AU31_ALE_matched	full	8.0	0.4980312710268288	NA	-70.89968671413006	81.73919691911627	21.703605733713065	21.047937099054714	87.50926024811596	42.75154283276778	212.0	PASS
archaea1338__OG0001580__AU31_ALE_matched	full	8.0	0.704322577972052	NA	-69.9095027451944	83.5232077776704	23.64066468845097	21.133180485607184	83.70294704827145	44.77384517405815	212.0	PASS
archaea1338__OG0001580__AU31_ALE_matched	full	8.0	0.9960625420536576	NA	-72.29810998469934	83.22284408938941	24.685260856466826	21.8179781338655	82.27391692027831	46.50323899033232	212.00000000000006	PASS
archaea1338__OG0001580__AU31_ALE_matched	full	8.0	1.9921250841073153	NA	-89.98990542033208	74.8395134057122	23.471243531593338	25.452102698690457	88.23714036400399	48.9233462302838	212.0	PASS
archaea1338__OG0001580__AU31_ALE_matched	full	8.0	2.114274083183933	NA	-92.33543351444388	73.60037342038754	23.144519370800506	25.915511240516384	89.3395959682956	49.06003061131689	212.00000000000003	PASS
archaea1338__OG0001580__AU31_ALE_matched	full	8.0	3.9842501682146305	NA	-123.59865565245705	56.722674505063765	17.990671054406565	31.912717033322824	105.37393740720687	49.90338808772939	212.0	PASS
archaea1338__OG0001580__AU31_ALE_matched	full	14.005139720588621	0.0622539088783536	NA	-83.36800753243182	60.42187684227677	6.8569012283912825	24.25289054952047	120.4683313798115	31.109791777911752	212.00000000000003	PASS
archaea1338__OG0001580__AU31_ALE_matched	full	14.005139720588621	0.1245078177567072	NA	-77.8581520527009	65.64171958304202	9.185110612951608	22.799667682022612	114.37350212198378	31.98477829497422	212.0	PASS
archaea1338__OG0001580__AU31_ALE_matched	full	14.005139720588621	0.2490156355134144	NA	-72.1789673437717	74.69929389909188	13.541202339825833	20.443958447457803	103.31554531362451	33.98516078728363	212.00000000000003	PASS
archaea1338__OG0001580__AU31_ALE_matched	full	14.005139720588621	0.352161288986026	NA	-70.00758367547091	80.62662731366079	16.502277854985568	18.959536218853135	95.91155861250057	35.4618140738387	212.00000000000006	PASS
archaea1338__OG0001580__AU31_ALE_matched	full	14.005139720588621	0.4980312710268288	NA	-69.09159246210137	86.87780376758597	19.666619070775468	17.415862638120412	88.03971452351819	37.082481708895884	212.00000000000006	PASS
archaea1338__OG0001580__AU31_ALE_matched	full	14.005139720588621	0.704322577972052	NA	-70.35182345754075	92.12281758469342	22.40337834595038	16.16250944671044	81.31129462264576	38.56588779266082	212.0	PASS
archaea1338__OG0001580__AU31_ALE_matched	full	14.005139720588621	0.9960625420536576	NA	-74.8453714082206	95.18681301125369	24.220280193400086	15.540705358367248	77.05220143697896	39.760985551767334	212.0	PASS
archaea1338__OG0001580__AU31_ALE_matched	full	14.005139720588621	1.9921250841073153	NA	-96.78915110037231	92.57622733985785	24.299942690009953	16.894108797575992	78.2297211725562	41.194051487585945	212.0	PASS
archaea1338__OG0001580__AU31_ALE_matched	full	14.005139720588621	2.114274083183933	NA	-99.53191976477203	91.71828982142765	24.054385992432014	17.201605324949497	79.0257188611908	41.255991317381515	211.99999999999994	PASS
archaea1338__OG0001580__AU31_ALE_matched	full	14.005139720588621	3.9842501682146305	NA	-135.47657726642083	76.48700254121724	19.04936415493085	22.347097668274763	94.11653563557718	41.39646182320561	212.00000000000003	PASS
archaea1338__OG0001580__AU31_ALE_matched	full	16.0	0.0622539088783536	NA	-81.39521582141982	61.04408178836632	6.7973946760515	23.90505584342337	120.25346769215881	30.70245051947487	212.0	PASS
archaea1338__OG0001580__AU31_ALE_matched	full	16.0	0.1245078177567072	NA	-76.40829811114736	66.2448788360945	9.036934678919652	22.417976973774085	114.3002095112118	31.45491165269374	212.00000000000006	PASS
archaea1338__OG0001580__AU31_ALE_matched	full	16.0	0.2490156355134144	NA	-71.47401250521708	75.63462626231845	13.36149610586886	19.880790200215667	103.12308743159697	33.24228630608452	211.99999999999994	PASS
archaea1338__OG0001580__AU31_ALE_matched	full	16.0	0.352161288986026	NA	-69.7095765744861	81.93883028013488	16.386472143983926	18.239930734828224	95.43476684105296	34.62640287881215	212.0	PASS
archaea1338__OG0001580__AU31_ALE_matched	full	16.0	0.4980312710268288	NA	-69.17333610520747	88.81761363078657	19.717174421058047	16.465531268510496	86.99968067964491	36.18270568956854	212.00000000000003	PASS
archaea1338__OG0001580__AU31_ALE_matched	full	16.0	0.704322577972052	NA	-70.76651614619917	94.72253464010872	22.626773798003878	14.968332205189137	79.68235935669829	37.59510600319302	212.0	PASS
archaea1338__OG0001580__AU31_ALE_matched	full	16.0	0.9960625420536576	NA	-75.56411626476002	98.3178361456654	24.566212007851732	14.141540543653319	74.97441130282954	38.70775255150505	211.99999999999997	PASS
archaea1338__OG0001580__AU31_ALE_matched	full	16.0	1.9921250841073153	NA	-98.1668102682847	96.7633970442307	24.893836713461994	15.087776568104186	75.25498967420315	39.98161328156618	212.0	PASS
archaea1338__OG0001580__AU31_ALE_matched	full	16.0	2.114274083183933	NA	-100.97741516871905	96.0022815538022	24.67200898740418	15.358220011011639	75.96748944778193	40.03022899841582	211.99999999999994	PASS
archaea1338__OG0001580__AU31_ALE_matched	full	16.0	3.9842501682146305	NA	-137.82227640559898	81.28011086199128	19.714980575336135	20.26066559055058	90.74424297212198	39.975646165886715	211.99999999999997	PASS
archaea1338__OG0001580__AU31_ALE_matched	full	32.0	0.0622539088783536	NA	-77.7554647267881	65.04635104005635	6.913402708638522	21.93944849397718	118.10079775732792	28.852851202615703	212.0	PASS
archaea1338__OG0001580__AU31_ALE_matched	full	32.0	0.1245078177567072	NA	-74.5049399676953	71.45190518270185	9.344777296411495	19.950685120816686	111.25263240006996	29.29546241722818	212.0	PASS
archaea1338__OG0001580__AU31_ALE_matched	full	32.0	0.2490156355134144	NA	-71.78832122199508	83.23195294032895	14.175445438456652	16.47489022376448	98.11771139744994	30.65033566222113	212.0	PASS
archaea1338__OG0001580__AU31_ALE_matched	full	32.0	0.352161288986026	NA	-71.08013764431946	92.38093644692673	18.174231091593878	13.8996950166738	87.54513744480559	32.07392610826768	212.0	PASS
archaea1338__OG0001580__AU31_ALE_matched	full	32.0	0.4980312710268288	NA	-71.32114641918447	102.4473175215554	22.494909222974773	11.02694801162113	76.03082524384878	33.5218572345959	212.00000000000006	PASS
archaea1338__OG0001580__AU31_ALE_matched	full	32.0	0.704322577972052	NA	-73.5664409148888	109.2324197866752	25.462127145723727	9.118206531379311	68.18724653622179	34.58033367710304	212.0	PASS
archaea1338__OG0001580__AU31_ALE_matched	full	32.0	0.9960625420536576	NA	-79.07147163176948	113.06078390804242	27.280036730009645	8.113206211521685	63.54597315042626	35.39324294153133	212.0	PASS
archaea1338__OG0001580__AU31_ALE_matched	full	32.0	1.9921250841073153	NA	-103.59863568159795	114.31383595420432	28.25990919765938	7.977284468571603	61.448970379564756	36.23719366623098	212.00000000000006	PASS
archaea1338__OG0001580__AU31_ALE_matched	full	32.0	2.114274083183933	NA	-106.63292616847295	114.00723501437116	28.165453397805965	8.083442927325667	61.743868660497185	36.24889632513163	212.0	PASS
archaea1338__OG0001580__AU31_ALE_matched	full	32.0	3.9842501682146305	NA	-146.95491576571058	105.1859812871227	24.947318291777727	10.886560070675758	70.98014035042391	35.83387836245348	212.00000000000009	PASS
archaea1338__OG0001580__AU31_ALE_matched	full	64.0	0.0622539088783536	NA	-81.7628053649203	70.14318047780715	7.78675997023805	19.82261703741997	114.24744251453487	27.60937700765802	212.00000000000006	PASS
archaea1338__OG0001580__AU31_ALE_matched	full	64.0	0.1245078177567072	NA	-78.60960826963753	79.5419718153188	11.11015838902825	16.784669642455043	104.56320015319793	27.894828031483293	212.00000000000003	PASS
archaea1338__OG0001580__AU31_ALE_matched	full	64.0	0.2490156355134144	NA	-75.76152517553736	96.23840514439645	18.155399917335647	11.959103149354005	85.64709178891383	30.11450306668965	211.99999999999994	PASS
archaea1338__OG0001580__AU31_ALE_matched	full	64.0	0.352161288986026	NA	-74.3298217459705	108.63036973339952	23.2518491979062	8.311407485317762	71.80637358337654	31.563256683223962	212.00000000000003	PASS
archaea1338__OG0001580__AU31_ALE_matched	full	64.0	0.4980312710268288	NA	-74.00491960601832	115.28328131635584	26.085463402405775	6.401822843125888	64.22943243811251	32.487286245531664	212.0	PASS
archaea1338__OG0001580__AU31_ALE_matched	full	64.0	0.704322577972052	NA	-76.08835512129886	119.37584608927723	28.0250172591222	5.325370775464396	59.273765876136196	33.3503880345866	212.00000000000003	PASS
archaea1338__OG0001580__AU31_ALE_matched	full	64.0	0.9960625420536576	NA	-81.64887901791657	122.27627450267238	29.544295430709116	4.634842896744298	55.544587169874234	34.179138327453416	212.00000000000003	PASS
archaea1338__OG0001580__AU31_ALE_matched	full	64.0	1.9921250841073153	NA	-106.77936907213189	124.1033530045826	30.70816334115579	4.303362649258577	52.88512100500308	35.01152599041436	212.00000000000006	PASS
archaea1338__OG0001580__AU31_ALE_matched	full	64.0	2.114274083183933	NA	-109.90611045790165	123.96644155584342	30.659602027040798	4.347553344051975	53.026403073063776	35.00715537109277	212.0	PASS
archaea1338__OG0001580__AU31_ALE_matched	full	64.0	3.9842501682146305	NA	-151.88333313782886	119.33821101646377	28.64542610687761	5.654839936208762	58.361522940449916	34.300266043086374	212.00000000000006	PASS
archaea1338__OG0001580__AU31_ALE_matched	full	128.0	0.0622539088783536	NA	-89.1728747020067	78.68820548678902	9.952815488230195	16.632394862546608	106.72658416243421	26.585210350776805	212.00000000000003	PASS
archaea1338__OG0001580__AU31_ALE_matched	full	128.0	0.1245078177567072	NA	-85.1174355582525	87.4807447863229	13.544189873811536	14.031827705567409	96.94323763429813	27.576017579378945	211.99999999999997	PASS
archaea1338__OG0001580__AU31_ALE_matched	full	128.0	0.2490156355134144	NA	-79.43515079469296	113.41716248671268	24.136545398258647	6.359835224818813	68.08645689020996	30.49638062307746	212.0000000000001	PASS
archaea1338__OG0001580__AU31_ALE_matched	full	128.0	0.352161288986026	NA	-76.90112683236619	118.6049348638206	26.371458028301266	4.883424519675296	62.140182588202784	31.254882547976564	211.99999999999994	PASS
archaea1338__OG0001580__AU31_ALE_matched	full	128.0	0.4980312710268288	NA	-76.11430975805865	122.30395820590263	28.173316858029917	3.934857973612832	57.58786696245462	32.10817483164275	212.0	PASS
archaea1338__OG0001580__AU31_ALE_matched	full	128.0	0.704322577972052	NA	-77.94375707320366	125.60058704189419	29.951265413942505	3.1755301169201475	53.27261742724316	33.12679553086265	212.0	PASS
archaea1338__OG0001580__AU31_ALE_matched	full	128.0	0.9960625420536576	NA	-83.35240129833518	128.2862847214671	31.490676373637356	2.602397215294992	49.62064168960054	34.09307358893235	212.0	PASS
archaea1338__OG0001580__AU31_ALE_matched	full	128.0	1.9921250841073153	NA	-108.59039043356319	130.19675252419944	32.70590040052099	2.25480240799424	46.84254466728531	34.96070280851523	212.0	PASS
archaea1338__OG0001580__AU31_ALE_matched	full	128.0	2.114274083183933	NA	-111.7589420830524	130.12368571194986	32.67692821912505	2.276853102391414	46.92253296653364	34.953781321516466	211.99999999999994	PASS
archaea1338__OG0001580__AU31_ALE_matched	full	128.0	3.9842501682146305	NA	-154.59702558718678	126.82448902042562	30.997458939794086	3.086772266796677	51.091279772983626	34.084231206590765	212.0	PASS
