species_cut_id	species_block	host_id
full	GCA_000270325.1	GCA_000270325.1
full	GCA_001516585.1	GCA_001516585.1
full	GCA_001593865.1	GCA_001593865.1
full	GCA_001593935.1	GCA_001593935.1
full	GCA_002009975.1	GCA_002009975.1
full	GCA_002254595.1	GCA_002254595.1
full	GCA_002255045.1	GCA_002255045.1
full	GCA_002490245.1	GCA_002490245.1
full	GCA_002494765.1	GCA_002494765.1
full	GCA_002898355.1	GCA_002898355.1
full	GCA_002898395.1	GCA_002898395.1
full	GCA_003116855.1	GCA_003116855.1
full	GCA_003164815.1	GCA_003164815.1
full	GCA_003649155.1	GCA_003649155.1
full	GCA_003649205.1	GCA_003649205.1
full	GCA_003650785.1	GCA_003650785.1
full	GCA_003650925.1	GCA_003650925.1
full	GCA_003660605.1	GCA_003660605.1
full	GCA_003662645.1	GCA_003662645.1
full	GCA_003663345.1	GCA_003663345.1
full	GCA_004524535.1	GCA_004524535.1
full	GCA_005191425.1	GCA_005191425.1
full	GCA_005223125.1	GCA_005223125.1
full	GCA_007118975.1	GCA_007118975.1
full	GCA_009903825.1	GCA_009903825.1
full	GCA_011605725.1	GCA_011605725.1
full	GCA_013329495.1	GCA_013329495.1
full	GCA_014729055.1	GCA_014729055.1
full	GCA_014729935.1	GCA_014729935.1
full	GCA_015520475.1	GCA_015520475.1
full	GCA_015520705.1	GCA_015520705.1
full	GCA_015521735.1	GCA_015521735.1
full	GCA_015661855.1	GCA_015661855.1
full	GCA_016932935.1	GCA_016932935.1
full	GCA_016933055.1	GCA_016933055.1
full	GCA_017601265.1	GCA_017601265.1
full	GCA_018302265.1	GCA_018302265.1
full	GCA_018396535.1	GCA_018396535.1
full	GCA_018396725.1	GCA_018396725.1
full	GCA_018396755.1	GCA_018396755.1
full	GCA_019058015.1	GCA_019058015.1
full	GCA_019058135.1	GCA_019058135.1
full	GCA_019058445.1	GCA_019058445.1
full	GCA_020029475.1	GCA_020029475.1
full	GCA_020350825.1	GCA_020350825.1
full	GCA_021161825.1	GCA_021161825.1
full	GCA_021162845.1	GCA_021162845.1
full	GCA_021163245.1	GCA_021163245.1
full	GCA_021323375.2	GCA_021323375.2
full	GCA_021650775.1	GCA_021650775.1
full	GCA_023131225.1	GCA_023131225.1
full	GCA_023269735.1	GCA_023269735.1
full	GCA_025041175.1	GCA_025041175.1
full	GCA_027002815.1	GCA_027002815.1
full	GCA_029258735.1	GCA_029258735.1
full	GCA_029258885.1	GCA_029258885.1
full	GCA_029259245.1	GCA_029259245.1
full	GCA_029838175.1	GCA_029838175.1
full	GCA_029856295.1	GCA_029856295.1
full	GCA_030587475.2	GCA_030587475.2
full	GCA_030610785.1	GCA_030610785.1
full	GCA_030749885.1	GCA_030749885.1
full	GCA_035622335.1	GCA_035622335.1
full	GCA_038727395.1	GCA_038727395.1
full	GCA_038730885.1	GCA_038730885.1
full	GCA_038741495.1	GCA_038741495.1
full	GCA_038817485.1	GCA_038817485.1
full	GCA_038840355.1	GCA_038840355.1
full	GCA_038845265.1	GCA_038845265.1
full	GCA_038846965.1	GCA_038846965.1
full	GCA_038852285.1	GCA_038852285.1
full	GCA_038852745.1	GCA_038852745.1
full	GCA_038861055.1	GCA_038861055.1
full	GCA_038866625.1	GCA_038866625.1
full	GCA_038883485.1	GCA_038883485.1
full	GCA_038884875.1	GCA_038884875.1
full	GCA_039000425.1	GCA_039000425.1
full	GCA_041305945.1	GCA_041305945.1
full	GCA_041479945.1	GCA_041479945.1
full	GCA_041862235.1	GCA_041862235.1
full	GCA_044343385.1	GCA_044343385.1
full	GCA_046538535.1	GCA_046538535.1
full	GCA_048887225.1	GCA_048887225.1
full	GCA_052626505.1	GCA_052626505.1
full	GCA_054383595.1	GCA_054383595.1
full	GCA_054384275.1	GCA_054384275.1
full	GCA_054384595.1	GCA_054384595.1
full	GCA_054386615.1	GCA_054386615.1
full	GCA_902812485.1	GCA_902812485.1
full	GCF_000007305.1	GCF_000007305.1
full	GCF_000018305.1	GCF_000018305.1
full	GCF_021083305.1	GCF_021083305.1
full	GCF_029338295.1	GCF_029338295.1
full	GCF_036429475.1	GCF_036429475.1
full	GOMC.bin.1205	GOMC.bin.1205
full	GOMC.bin.16739	GOMC.bin.16739
full	GOMC.bin.2724	GOMC.bin.2724
full	GOMC.bin.2847	GOMC.bin.2847
full	GOMC.bin.2857	GOMC.bin.2857
full	GOMC.bin.2866	GOMC.bin.2866
full	GOMC.bin.2875	GOMC.bin.2875
full	GOMC.bin.2895	GOMC.bin.2895
full	GOMC.bin.2900	GOMC.bin.2900
full	GOMC.bin.3628	GOMC.bin.3628
full	GOMC.bin.4346	GOMC.bin.4346
full	GOMC.bin.5642	GOMC.bin.5642
full	GOMC.bin.707	GOMC.bin.707
