family_id	r	A_hat	logL	delta_logL_from_free
archaea1338__OG0000323__final33	1.0	0.5371870145616743	-155.21078227582046	-24.21098506287504
archaea1338__OG0000323__final33	1.0724220381210556	0.5258376170985019	-155.08563607257852	-24.0858388596331
archaea1338__OG0000323__final33	1.1500890278477192	0.5143502671018523	-154.93322237108055	-23.933425158135123
archaea1338__OG0000323__final33	1.2333808192651146	0.502729911158999	-154.7513863700149	-23.751589157069475
archaea1338__OG0000323__final33	1.3227047719757117	0.4909816689739641	-154.5379210409786	-23.53812382803318
archaea1338__OG0000323__final33	1.418497747394639	0.47911084625883593	-154.29058032325003	-23.290783110304602
archaea1338__OG0000323__final33	1.521228245331085	0.4671228537353735	-154.00709648544358	-23.00729927249816
archaea1338__OG0000323__final33	1.6313986953052797	0.4550232840606074	-153.6852020325744	-22.685404819628985
archaea1338__OG0000323__final33	1.749547913807319	0.44281792027103273	-153.3226561487185	-22.32285893577307
archaea1338__OG0000323__final33	1.8762537395156864	0.43051262840761517	-152.91727505072308	-21.917477837777653
archaea1338__OG0000323__final33	2.012135859363665	0.41811334142122336	-152.46696490911145	-21.46716769616603
archaea1338__OG0000323__final33	2.1578588392752436	0.4056257430909158	-151.96975561843018	-20.96995840548476
archaea1338__OG0000323__final33	2.314135374393092	0.39305477431346203	-151.42383459236896	-20.424037379423538
archaea1338__OG0000323__final33	2.481729774694672	0.38040429235705364	-150.82758324075775	-19.827786027812323
archaea1338__OG0000323__final33	2.6614617030437686	0.3676769005216843	-150.17962601522697	-19.17982880228155
archaea1338__OG0000323__final33	2.854210183959334	0.3548746035552819	-149.47891258751451	-18.47911537456909
archaea1338__OG0000323__final33	3.060917902707543	0.3420014475883774	-148.72486416725337	-17.725066954307948
archaea1338__OG0000323__final33	3.2825958157428503	0.3290680246945184	-147.9176166078109	-16.91781939486549
archaea1338__OG0000323__final33	3.5203280950465974	0.31609839371047516	-147.05837379271767	-16.05857657977225
archaea1338__OG0000323__final33	3.7752774305446852	0.30313666455095956	-146.14983711670402	-15.150039903758596
archaea1338__OG0000323__final33	4.048690716537154	0.2902502286344701	-145.19661093881504	-14.196813725869617
archaea1338__OG0000323__final33	4.3419051499505725	0.2775266197668077	-144.20543687588426	-13.205639662938836
archaea1338__OG0000323__final33	4.656354770238301	0.2650630341806012	-143.18512982216117	-12.185332609215749
archaea1338__OG0000323__final33	4.993577472913659	0.25295257853203307	-142.14618941770482	-11.146392204759394
archaea1338__OG0000323__final33	5.355222531017455	0.241272898600804	-141.10018927207489	-10.100392059129462
archaea1338__OG0000323__final33	5.743058661305539	0.23008116588904964	-140.05911748954682	-9.059320276601397
archaea1338__OG0000323__final33	6.158982674606068	0.2194154560576043	-139.03481756748866	-8.035020354543235
archaea1338__OG0000323__final33	6.60502875265331	0.2092998272112967	-138.03859582279247	-7.038798609847049
archaea1338__OG0000323__final33	7.083378396768637	0.19974996378832627	-137.08098381208504	-6.081186599139613
archaea1338__OG0000323__final33	7.596371097045278	0.19077737892205726	-136.1716059508085	-5.171808737863074
archaea1338__OG0000323__final33	8.146515774217177	0.18239188257069253	-135.3191004838941	-4.319303270948666
archaea1338__OG0000323__final33	8.736503050171315	0.17460220432580628	-134.5310578388982	-3.5312606259527684
archaea1338__OG0000323__final33	9.369218407115541	0.16741545901173915	-133.81395916544807	-2.8141619525026442
archaea1338__OG0000323__final33	10.047756299760161	0.16083615172958168	-133.1731124419802	-2.1733152290347846
archaea1338__OG0000323__final33	10.775435289532469	0.1548649699408532	-132.6125924331535	-1.6127952202080849
archaea1338__OG0000323__final33	11.555814274841959	0.1494975311756025	-132.1351950141515	-1.135397801206068
archaea1338__OG0000323__final33	12.392709896774404	0.14472359469745796	-131.74241747039034	-0.7426202574449121
archaea1338__OG0000323__final33	13.290215205341784	0.1405263164018701	-131.4344754402226	-0.43467822727717476
archaea1338__OG0000323__final33	14.252719677580082	0.1368821292303228	-131.21036453900163	-0.2105673260562071
archaea1338__OG0000323__final33	15.284930685398507	0.1337611463130552	-131.067970082862	-0.06817286991656601
archaea1338__OG0000323__final33	16.391896518174132	0.13112826084237864	-131.00422134914254	-0.004424136197116013
archaea1338__OG0000323__final33	16.793391966408073	0.13032380228645807	-130.99979721294534	8.526512829121202e-14
archaea1338__OG0000323__final33	17.57903107268974	0.1289451350361248	-131.01527795769863	-0.015480744753205045
archaea1338__OG0000323__final33	18.852140331167302	0.1271728430035326	-131.09672734793534	-0.09693013498991832
archaea1338__OG0000323__final33	20.21745075689459	0.12577476419175732	-131.243767453707	-0.2439702407615698
archaea1338__OG0000323__final33	21.68163974632098	0.1247191539684002	-131.45135075569425	-0.451553542748826
archaea1338__OG0000323__final33	23.251868286556032	0.1239806105193503	-131.71427571573886	-0.7144785027934404
archaea1338__OG0000323__final33	24.93581597799076	0.12353995907176049	-132.02722678932494	-1.027429576379518
archaea1338__OG0000323__final33	26.74171859332844	0.12338217845579107	-132.3847806068374	-1.3849833938919858
archaea1338__OG0000323__final33	28.678408356717004	0.1234924130255327	-132.78140957411094	-1.7816123611655144
archaea1338__OG0000323__final33	30.755357139978365	0.12385059629063386	-133.21152158957807	-2.2117243766326453
archaea1338__OG0000323__final33	32.982722787196565	0.12442607465757803	-133.66957096687108	-2.6697737539256536
archaea1338__OG0000323__final33	35.371398794227126	0.12517453650747545	-134.15025455949564	-3.150457346550212
archaea1338__OG0000323__final33	37.93306758609771	0.12603969280156113	-134.64876732174014	-3.648970108794714
archaea1338__OG0000323__final33	40.68025765286666	0.12696026520653508	-135.16104890114605	-4.161251688200622
archaea1338__OG0000323__final33	43.62640482337694	0.12787970623141168	-135.6839386357874	-4.684141422841975
archaea1338__OG0000323__final33	46.78591797658015	0.12875445525609028	-136.2151891559495	-5.215391943004079
archaea1338__OG0000323__final33	50.174249511808625	0.12955773426392275	-136.7533484472525	-5.753551234307082
archaea1338__OG0000323__final33	53.807970922648195	0.13027854870479788	-137.2975650008728	-6.29776778792737
archaea1338__OG0000323__final33	57.70485384402488	0.13091799326145037	-137.8473786421988	-6.847581429253381
archaea1338__OG0000323__final33	61.8839569688868	0.13148477801398778	-138.4025406042851	-7.402743391339669
archaea1338__OG0000323__final33	66.36571925956929	0.13199135042529136	-138.96288125800214	-7.963084045056718
archaea1338__OG0000323__final33	71.1720599097171	0.13245117749725668	-139.52822558410261	-8.52842837115719
archaea1338__OG0000323__final33	76.3264855456527	0.13287698874450293	-140.09834746677865	-9.098550253833224
archaea1338__OG0000323__final33	81.85420519148617	0.13327992098028876	-140.67295159402374	-9.67315438107832
archaea1338__OG0000323__final33	87.7822535602327	0.1336691944379985	-141.25167290647664	-10.251875693531218
archaea1338__OG0000323__final33	94.13962327392404	0.13405212140596423	-141.834085890088	-10.834288677142581
archaea1338__OG0000323__final33	100.95740665937001	0.13443427581977763	-142.41971838633225	-11.419921173386825
archaea1338__OG0000323__final33	108.26894781305782	0.13481976961594425	-143.00806653368892	-12.008269320743494
archaea1338__OG0000323__final33	116.11000567890169	0.13521155272839475	-143.59860886225405	-12.59881164930863
archaea1338__OG0000323__final33	124.51892893641511	0.1356116727003806	-144.1908185032065	-13.191021290261062
archaea1338__OG0000323__final33	133.5368435546412	0.1360214968878914	-144.7841730561665	-13.784375843221085
archaea1338__OG0000323__final33	143.2078539291209	0.13644205585392608	-145.37816198600515	-14.37836477305973
archaea1338__OG0000323__final33	153.57925858561026	0.13687411790512174	-145.9722915801097	-14.972494367164273
archaea1338__OG0000323__final33	164.7017815055008	0.13731845059045086	-146.5660875458372	-15.566290332891782
archaea1338__OG0000323__final33	176.62982020429797	0.13777606605033146	-147.15909530154283	-16.15929808859741
archaea1338__OG0000323__final33	189.42171177644886	0.13824838370896547	-147.750877929792	-16.751080716846587
archaea1338__OG0000323__final33	203.14001820767845	0.13873748273971295	-148.341011618514	-17.341214405568564
archaea1338__OG0000323__final33	217.8518323502269	0.13924654459190342	-148.9290781988922	-17.929280985946775
archaea1338__OG0000323__final33	233.6291060574369	0.13978013524665853	-149.5146540612302	-18.51485684828478
archaea1338__OG0000323__final33	250.54900208251675	0.14034501840079072	-150.09729422367258	-19.097497010727153
archaea1338__OG0000323__final33	268.69427146252923	0.14095098938718348	-150.67650951944995	-19.676712306504527
