gene_id	mapped_host	status
ERR4283445_bin.66|G0000001	ERR4283445_bin.66	PASS
ERR4283445_bin.66|G0000002	ERR4283445_bin.66	PASS
ERR4283445_bin.66|G0000003	ERR4283445_bin.66	PASS
GCA_000306725.1|G0000004	GCA_000306725.1	PASS
GCA_000306725.1|G0000005	GCA_000306725.1	PASS
GCA_000306725.1|G0000006	GCA_000306725.1	PASS
GCA_000306725.1|G0000007	GCA_000306725.1	PASS
GCA_000309865.1|G0000008	GCA_000309865.1	PASS
GCA_000309865.1|G0000009	GCA_000309865.1	PASS
GCA_000380705.1|G0000010	GCA_000380705.1	PASS
GCA_000380705.1|G0000011	GCA_000380705.1	PASS
GCA_001273385.1|G0000012	GCA_001273385.1	PASS
GCA_001273385.1|G0000013	GCA_001273385.1	PASS
GCA_001507955.1|G0000014	GCA_001507955.1	PASS
GCA_001564275.1|G0000015	GCA_001564275.1	PASS
GCA_001564275.1|G0000016	GCA_001564275.1	PASS
GCA_001595885.1|G0000017	GCA_001595885.1	PASS
GCA_001766815.1|G0000018	GCA_001766815.1	PASS
GCA_001766815.1|G0000019	GCA_001766815.1	PASS
GCA_001768965.1|G0000020	GCA_001768965.1	PASS
GCA_001873845.1|G0000021	GCA_001873845.1	PASS
GCA_001940665.2|G0000022	GCA_001940665.2	PASS
GCA_002009975.1|G0000023	GCA_002009975.1	PASS
GCA_002010045.1|G0000024	GCA_002010045.1	PASS
GCA_002010075.1|G0000025	GCA_002010075.1	PASS
GCA_002010305.1|G0000026	GCA_002010305.1	PASS
GCA_002011155.2|G0000027	GCA_002011155.2	PASS
GCA_002067095.1|G0000028	GCA_002067095.1	PASS
GCA_002067315.1|G0000029	GCA_002067315.1	PASS
GCA_002067315.1|G0000030	GCA_002067315.1	PASS
GCA_002067865.1|G0000031	GCA_002067865.1	PASS
GCA_002254385.1|G0000032	GCA_002254385.1	PASS
GCA_002494725.1|G0000033	GCA_002494725.1	PASS
GCA_002497075.1|G0000034	GCA_002497075.1	PASS
GCA_002497075.1|G0000035	GCA_002497075.1	PASS
GCA_002499905.1|G0000036	GCA_002499905.1	PASS
GCA_002501765.1|G0000037	GCA_002501765.1	PASS
GCA_002501765.1|G0000038	GCA_002501765.1	PASS
GCA_002503135.1|G0000039	GCA_002503135.1	PASS
GCA_002503885.1|G0000040	GCA_002503885.1	PASS
GCA_002503885.1|G0000041	GCA_002503885.1	PASS
GCA_002508545.1|G0000042	GCA_002508545.1	PASS
GCA_002508545.1|G0000043	GCA_002508545.1	PASS
GCA_002838935.1|G0000044	GCA_002838935.1	PASS
GCA_002844335.1|G0000045	GCA_002844335.1	PASS
GCA_002844335.1|G0000046	GCA_002844335.1	PASS
GCA_002844335.1|G0000047	GCA_002844335.1	PASS
GCA_003009755.1|G0000048	GCA_003009755.1	PASS
GCA_003019595.1|G0000049	GCA_003019595.1	PASS
GCA_003104905.1|G0000050	GCA_003104905.1	PASS
GCA_003104905.1|G0000051	GCA_003104905.1	PASS
GCA_003104905.1|G0000052	GCA_003104905.1	PASS
GCA_003133625.1|G0000053	GCA_003133625.1	PASS
GCA_003135935.1|G0000054	GCA_003135935.1	PASS
GCA_003135935.1|G0000055	GCA_003135935.1	PASS
GCA_003144275.1|G0000056	GCA_003144275.1	PASS
GCA_003194425.1|G0000057	GCA_003194425.1	PASS
GCA_003194445.1|G0000058	GCA_003194445.1	PASS
GCA_003194445.1|G0000059	GCA_003194445.1	PASS
GCA_003194445.1|G0000060	GCA_003194445.1	PASS
GCA_003551675.1|G0000061	GCA_003551675.1	PASS
GCA_003560595.1|G0000062	GCA_003560595.1	PASS
GCA_003561665.1|G0000063	GCA_003561665.1	PASS
GCA_003561665.1|G0000064	GCA_003561665.1	PASS
GCA_003561665.1|G0000065	GCA_003561665.1	PASS
GCA_003649915.1|G0000066	GCA_003649915.1	PASS
GCA_003661125.1|G0000067	GCA_003661125.1	PASS
GCA_003661125.1|G0000068	GCA_003661125.1	PASS
GCA_003661125.1|G0000069	GCA_003661125.1	PASS
GCA_003661265.1|G0000070	GCA_003661265.1	PASS
GCA_004193545.1|G0000071	GCA_004193545.1	PASS
GCA_005223125.1|G0000072	GCA_005223125.1	PASS
GCA_005884195.1|G0000073	GCA_005884195.1	PASS
GCA_005888675.1|G0000074	GCA_005888675.1	PASS
GCA_005888675.1|G0000075	GCA_005888675.1	PASS
GCA_005954745.1|G0000076	GCA_005954745.1	PASS
GCA_005954745.1|G0000077	GCA_005954745.1	PASS
GCA_005954745.1|G0000078	GCA_005954745.1	PASS
GCA_007118075.1|G0000079	GCA_007118075.1	PASS
GCA_007118975.1|G0000080	GCA_007118975.1	PASS
GCA_007118975.1|G0000081	GCA_007118975.1	PASS
GCA_007122875.1|G0000082	GCA_007122875.1	PASS
GCA_007122875.1|G0000083	GCA_007122875.1	PASS
GCA_007129655.1|G0000084	GCA_007129655.1	PASS
GCA_011046235.1|G0000085	GCA_011046235.1	PASS
GCA_011048835.1|G0000086	GCA_011048835.1	PASS
GCA_011048835.1|G0000087	GCA_011048835.1	PASS
GCA_013152845.1|G0000088	GCA_013152845.1	PASS
GCA_013331375.1|G0000089	GCA_013331375.1	PASS
GCA_013415695.1|G0000090	GCA_013415695.1	PASS
GCA_013538675.1|G0000091	GCA_013538675.1	PASS
GCA_013538715.1|G0000092	GCA_013538715.1	PASS
GCA_013791785.1|G0000093	GCA_013791785.1	PASS
GCA_014859835.1|G0000094	GCA_014859835.1	PASS
GCA_015520145.1|G0000095	GCA_015520145.1	PASS
GCA_015520145.1|G0000096	GCA_015520145.1	PASS
GCA_015520705.1|G0000097	GCA_015520705.1	PASS
GCA_015660865.1|G0000098	GCA_015660865.1	PASS
GCA_015660915.1|G0000099	GCA_015660915.1	PASS
GCA_015660915.1|G0000100	GCA_015660915.1	PASS
GCA_016180755.1|G0000101	GCA_016180755.1	PASS
GCA_016198125.1|G0000102	GCA_016198125.1	PASS
GCA_016212785.1|G0000103	GCA_016212785.1	PASS
GCA_016214785.1|G0000104	GCA_016214785.1	PASS
GCA_016841265.1|G0000105	GCA_016841265.1	PASS
GCA_016841265.1|G0000106	GCA_016841265.1	PASS
GCA_016841265.1|G0000107	GCA_016841265.1	PASS
GCA_016841485.1|G0000108	GCA_016841485.1	PASS
GCA_016928095.1|G0000109	GCA_016928095.1	PASS
GCA_016932935.1|G0000110	GCA_016932935.1	PASS
GCA_016937345.1|G0000111	GCA_016937345.1	PASS
GCA_017601265.1|G0000112	GCA_017601265.1	PASS
GCA_017601265.1|G0000113	GCA_017601265.1	PASS
GCA_017601265.1|G0000114	GCA_017601265.1	PASS
GCA_017883965.1|G0000115	GCA_017883965.1	PASS
GCA_017885655.1|G0000116	GCA_017885655.1	PASS
GCA_018396695.1|G0000117	GCA_018396695.1	PASS
GCA_018396865.1|G0000118	GCA_018396865.1	PASS
GCA_018814355.1|G0000119	GCA_018814355.1	PASS
GCA_018830205.1|G0000120	GCA_018830205.1	PASS
GCA_018992685.1|G0000121	GCA_018992685.1	PASS
GCA_019347805.1|G0000122	GCA_019347805.1	PASS
GCA_019429385.1|G0000123	GCA_019429385.1	PASS
GCA_019429385.1|G0000124	GCA_019429385.1	PASS
GCA_020029475.1|G0000125	GCA_020029475.1	PASS
GCA_020201485.1|G0000126	GCA_020201485.1	PASS
GCA_020696385.1|G0000127	GCA_020696385.1	PASS
GCA_020725985.1|G0000128	GCA_020725985.1	PASS
GCA_020725985.1|G0000129	GCA_020725985.1	PASS
GCA_020854925.1|G0000130	GCA_020854925.1	PASS
GCA_021108405.1|G0000131	GCA_021108405.1	PASS
GCA_021108405.1|G0000132	GCA_021108405.1	PASS
GCA_021108405.1|G0000133	GCA_021108405.1	PASS
GCA_021325135.1|G0000134	GCA_021325135.1	PASS
GCA_021325135.1|G0000135	GCA_021325135.1	PASS
GCA_022848835.1|G0000136	GCA_022848835.1	PASS
GCA_022848835.1|G0000137	GCA_022848835.1	PASS
GCA_022848865.1|G0000138	GCA_022848865.1	PASS
GCA_022865705.1|G0000139	GCA_022865705.1	PASS
GCA_023008585.1|G0000140	GCA_023008585.1	PASS
GCA_023008585.1|G0000141	GCA_023008585.1	PASS
GCA_023008585.1|G0000142	GCA_023008585.1	PASS
GCA_023008585.1|G0000143	GCA_023008585.1	PASS
GCA_023140195.1|G0000144	GCA_023140195.1	PASS
GCA_023145185.1|G0000145	GCA_023145185.1	PASS
GCA_023229165.1|G0000146	GCA_023229165.1	PASS
GCA_023252215.1|G0000147	GCA_023252215.1	PASS
GCA_025041175.1|G0000148	GCA_025041175.1	PASS
GCA_025517465.1|G0000149	GCA_025517465.1	PASS
GCA_025517465.1|G0000150	GCA_025517465.1	PASS
GCA_025517465.1|G0000151	GCA_025517465.1	PASS
GCA_025517465.1|G0000152	GCA_025517465.1	PASS
GCA_027030065.1|G0000153	GCA_027030065.1	PASS
GCA_028279585.1|G0000154	GCA_028279585.1	PASS
GCA_028679985.1|G0000155	GCA_028679985.1	PASS
GCA_028716125.1|G0000156	GCA_028716125.1	PASS
GCA_029259245.1|G0000157	GCA_029259245.1	PASS
GCA_029762535.1|G0000158	GCA_029762535.1	PASS
GCA_029775965.1|G0000159	GCA_029775965.1	PASS
GCA_029858465.1|G0000160	GCA_029858465.1	PASS
GCA_029907465.1|G0000161	GCA_029907465.1	PASS
GCA_029907465.1|G0000162	GCA_029907465.1	PASS
GCA_029907705.1|G0000163	GCA_029907705.1	PASS
GCA_029932465.1|G0000164	GCA_029932465.1	PASS
GCA_030019205.1|G0000165	GCA_030019205.1	PASS
GCA_030587475.2|G0000166	GCA_030587475.2	PASS
GCA_030594205.1|G0000167	GCA_030594205.1	PASS
GCA_030601715.1|G0000168	GCA_030601715.1	PASS
GCA_030604065.1|G0000169	GCA_030604065.1	PASS
GCA_030605385.1|G0000170	GCA_030605385.1	PASS
GCA_030605805.1|G0000171	GCA_030605805.1	PASS
GCA_030605805.1|G0000172	GCA_030605805.1	PASS
GCA_030605805.1|G0000173	GCA_030605805.1	PASS
GCA_030605805.1|G0000174	GCA_030605805.1	PASS
GCA_030605805.1|G0000175	GCA_030605805.1	PASS
GCA_030606525.1|G0000176	GCA_030606525.1	PASS
GCA_030611045.1|G0000177	GCA_030611045.1	PASS
GCA_030611265.1|G0000178	GCA_030611265.1	PASS
GCA_030612095.1|G0000179	GCA_030612095.1	PASS
GCA_030633635.1|G0000180	GCA_030633635.1	PASS
GCA_030672365.1|G0000181	GCA_030672365.1	PASS
GCA_030837285.1|G0000182	GCA_030837285.1	PASS
GCA_031852275.1|G0000183	GCA_031852275.1	PASS
GCA_031852275.1|G0000184	GCA_031852275.1	PASS
GCA_034190145.1|G0000185	GCA_034190145.1	PASS
GCA_034190145.1|G0000186	GCA_034190145.1	PASS
GCA_034190245.1|G0000187	GCA_034190245.1	PASS
GCA_034190245.1|G0000188	GCA_034190245.1	PASS
GCA_034190245.1|G0000189	GCA_034190245.1	PASS
GCA_034659235.1|G0000190	GCA_034659235.1	PASS
GCA_034659235.1|G0000191	GCA_034659235.1	PASS
GCA_034659235.1|G0000192	GCA_034659235.1	PASS
GCA_034659235.1|G0000193	GCA_034659235.1	PASS
GCA_034660695.1|G0000194	GCA_034660695.1	PASS
GCA_035292305.1|G0000195	GCA_035292305.1	PASS
GCA_035529455.1|G0000196	GCA_035529455.1	PASS
GCA_035529455.1|G0000197	GCA_035529455.1	PASS
GCA_035540375.1|G0000198	GCA_035540375.1	PASS
GCA_035540375.1|G0000199	GCA_035540375.1	PASS
GCA_035540375.1|G0000200	GCA_035540375.1	PASS
GCA_035541015.1|G0000201	GCA_035541015.1	PASS
GCA_036444275.1|G0000202	GCA_036444275.1	PASS
GCA_036446635.1|G0000203	GCA_036446635.1	PASS
GCA_036475875.1|G0000204	GCA_036475875.1	PASS
GCA_036733165.1|G0000205	GCA_036733165.1	PASS
GCA_037442405.1|G0000206	GCA_037442405.1	PASS
GCA_037443105.1|G0000207	GCA_037443105.1	PASS
GCA_038046745.1|G0000208	GCA_038046745.1	PASS
GCA_038852745.1|G0000209	GCA_038852745.1	PASS
GCA_038852745.1|G0000210	GCA_038852745.1	PASS
GCA_038868495.1|G0000211	GCA_038868495.1	PASS
GCA_038883055.1|G0000212	GCA_038883055.1	PASS
GCA_040753455.1|G0000213	GCA_040753455.1	PASS
GCA_040776445.1|G0000214	GCA_040776445.1	PASS
GCA_041305945.1|G0000215	GCA_041305945.1	PASS
GCA_041599855.1|G0000216	GCA_041599855.1	PASS
GCA_041599855.1|G0000217	GCA_041599855.1	PASS
GCA_041661025.1|G0000218	GCA_041661025.1	PASS
GCA_041862235.1|G0000219	GCA_041862235.1	PASS
GCA_046539605.1|G0000220	GCA_046539605.1	PASS
GCA_048939465.1|G0000221	GCA_048939465.1	PASS
GCA_048939465.1|G0000222	GCA_048939465.1	PASS
GCA_054386615.1|G0000223	GCA_054386615.1	PASS
GCA_902384455.1|G0000224	GCA_902384455.1	PASS
GCA_905171695.1|G0000225	GCA_905171695.1	PASS
GCA_905202485.1|G0000226	GCA_905202485.1	PASS
GCA_963677995.1|G0000227	GCA_963677995.1	PASS
GCA_973788585.1|G0000228	GCA_973788585.1	PASS
GCA_974486395.1|G0000229	GCA_974486395.1	PASS
GCF_000007305.1|G0000230	GCF_000007305.1	PASS
GCF_000008645.1|G0000231	GCF_000008645.1	PASS
GCF_000011005.1|G0000232	GCF_000011005.1	PASS
GCF_000011005.1|G0000233	GCF_000011005.1	PASS
GCF_000011005.1|G0000234	GCF_000011005.1	PASS
GCF_000016125.1|G0000235	GCF_000016125.1	PASS
GCF_000025325.1|G0000236	GCF_000025325.1	PASS
GCF_000025325.1|G0000237	GCF_000025325.1	PASS
GCF_000025325.1|G0000238	GCF_000025325.1	PASS
GCF_000025325.1|G0000239	GCF_000025325.1	PASS
GCF_000214415.1|G0000240	GCF_000214415.1	PASS
GCF_000275865.1|G0000241	GCF_000275865.1	PASS
GCF_000306765.2|G0000242	GCF_000306765.2	PASS
GCF_000306765.2|G0000243	GCF_000306765.2	PASS
GCF_000306765.2|G0000244	GCF_000306765.2	PASS
GCF_000308215.1|G0000245	GCF_000308215.1	PASS
GCF_000308215.1|G0000246	GCF_000308215.1	PASS
GCF_000327485.1|G0000247	GCF_000327485.1	PASS
GCF_000334895.1|G0000248	GCF_000334895.1	PASS
GCF_000334895.1|G0000249	GCF_000334895.1	PASS
GCF_000403645.1|G0000250	GCF_000403645.1	PASS
GCF_000711905.1|G0000251	GCF_000711905.1	PASS
GCF_003369835.1|G0000252	GCF_003369835.1	PASS
GCF_003369835.1|G0000253	GCF_003369835.1	PASS
GCF_003369835.1|G0000254	GCF_003369835.1	PASS
GCF_003369835.1|G0000255	GCF_003369835.1	PASS
GCF_004102725.1|G0000256	GCF_004102725.1	PASS
GCF_014647115.1|G0000257	GCF_014647115.1	PASS
GCF_014647115.1|G0000258	GCF_014647115.1	PASS
GCF_014647475.1|G0000259	GCF_014647475.1	PASS
GCF_017094485.1|G0000260	GCF_017094485.1	PASS
GCF_021023085.1|G0000261	GCF_021023085.1	PASS
GCF_021083305.1|G0000262	GCF_021083305.1	PASS
GCF_021083305.1|G0000263	GCF_021083305.1	PASS
GCF_021083305.1|G0000264	GCF_021083305.1	PASS
GCF_024227995.1|G0000265	GCF_024227995.1	PASS
GCF_024227995.1|G0000266	GCF_024227995.1	PASS
GCF_029338295.1|G0000267	GCF_029338295.1	PASS
GCF_029338295.1|G0000268	GCF_029338295.1	PASS
GCF_029338295.1|G0000269	GCF_029338295.1	PASS
GCF_029338295.1|G0000270	GCF_029338295.1	PASS
GCF_030287405.1|G0000271	GCF_030287405.1	PASS
GCF_030287405.1|G0000272	GCF_030287405.1	PASS
GCF_030287405.1|G0000273	GCF_030287405.1	PASS
GCF_036429475.1|G0000274	GCF_036429475.1	PASS
GCF_036429475.1|G0000275	GCF_036429475.1	PASS
GCF_036429475.1|G0000276	GCF_036429475.1	PASS
GCF_036429475.1|G0000277	GCF_036429475.1	PASS
GCF_946463545.1|G0000278	GCF_946463545.1	PASS
GOMC.bin.11076|G0000279	GOMC.bin.11076	PASS
GOMC.bin.11076|G0000280	GOMC.bin.11076	PASS
GOMC.bin.11076|G0000281	GOMC.bin.11076	PASS
GOMC.bin.11431|G0000282	GOMC.bin.11431	PASS
GOMC.bin.12150|G0000283	GOMC.bin.12150	PASS
GOMC.bin.2408|G0000284	GOMC.bin.2408	PASS
GOMC.bin.2868|G0000285	GOMC.bin.2868	PASS
GOMC.bin.7887|G0000286	GOMC.bin.7887	PASS
GOMC.bin.7887|G0000287	GOMC.bin.7887	PASS
GOMC.bin.7887|G0000288	GOMC.bin.7887	PASS
GOMC.bin.831|G0000289	GOMC.bin.831	PASS
GOMC.bin.874|G0000290	GOMC.bin.874	PASS
GOMC.bin.9202|G0000291	GOMC.bin.9202	PASS
GOMC.bin.9202|G0000292	GOMC.bin.9202	PASS
