family_id	species_cut_id	r	A	normalized_G	normalized_L	kappa_hat	logL	delta_logL_vs_null_mle	is_null	is_free_mle	status
archaea1338__OG0000979__AU31_ALE_matched	full	1.0	0.061223398654975544	0.061223398654975544	1.0	NA	-249.49620868225978	-148.30284581424644	False	False	PASS
archaea1338__OG0000979__AU31_ALE_matched	full	1.0	0.12244679730995109	0.12244679730995109	1.0	NA	-208.52767611428817	-107.33431324627483	False	False	PASS
archaea1338__OG0000979__AU31_ALE_matched	full	1.0	0.24489359461990218	0.24489359461990218	1.0	NA	-168.69243589218038	-67.49907302416705	False	False	PASS
archaea1338__OG0000979__AU31_ALE_matched	full	1.0	0.3463318428497645	0.3463318428497645	1.0	NA	-150.51391729332536	-49.320554425312025	False	False	PASS
archaea1338__OG0000979__AU31_ALE_matched	full	1.0	0.48978718923980435	0.48978718923980435	1.0	NA	-134.28414580765218	-33.09078293963884	False	False	PASS
archaea1338__OG0000979__AU31_ALE_matched	full	1.0	0.692663685699529	0.692663685699529	1.0	NA	-120.64565737855632	-19.452294510542984	False	False	PASS
archaea1338__OG0000979__AU31_ALE_matched	full	1.0	0.9795743784796087	0.9795743784796087	1.0	NA	-110.23779953919176	-9.044436671178417	False	False	PASS
archaea1338__OG0000979__AU31_ALE_matched	full	1.0	1.9591487569592174	1.9591487569592174	1.0	NA	-101.2006293007114	-0.0072664326980600435	False	False	PASS
archaea1338__OG0000979__AU31_ALE_matched	full	1.0	1.9986801305253885	1.9986801305253885	1.0	NA	-101.19336286801334	0.0	True	False	PASS
archaea1338__OG0000979__AU31_ALE_matched	full	1.0	3.918297513918435	3.918297513918435	1.0	NA	-109.30220964598688	-8.10884677797354	False	False	PASS
archaea1338__OG0000979__AU31_ALE_matched	full	1.25	0.061223398654975544	0.061223398654975544	1.0	NA	-241.9928257891398	-140.79946292112646	False	False	PASS
archaea1338__OG0000979__AU31_ALE_matched	full	1.25	0.12244679730995109	0.12244679730995109	1.0	NA	-203.22915439705682	-102.03579152904348	False	False	PASS
archaea1338__OG0000979__AU31_ALE_matched	full	1.25	0.24489359461990218	0.24489359461990218	1.0	NA	-164.60595454977414	-63.4125916817608	False	False	PASS
archaea1338__OG0000979__AU31_ALE_matched	full	1.25	0.3463318428497645	0.3463318428497645	1.0	NA	-146.820462230731	-45.62709936271767	False	False	PASS
archaea1338__OG0000979__AU31_ALE_matched	full	1.25	0.48978718923980435	0.48978718923980435	1.0	NA	-130.95282728522508	-29.759464417211746	False	False	PASS
archaea1338__OG0000979__AU31_ALE_matched	full	1.25	0.692663685699529	0.692663685699529	1.0	NA	-117.75020360858113	-16.556840740567793	False	False	PASS
archaea1338__OG0000979__AU31_ALE_matched	full	1.25	0.9795743784796087	0.9795743784796087	1.0	NA	-107.97588392441565	-6.782521056402317	False	False	PASS
archaea1338__OG0000979__AU31_ALE_matched	full	1.25	1.9591487569592174	1.9591487569592174	1.0	NA	-101.26835843542842	-0.07499556741508684	False	False	PASS
archaea1338__OG0000979__AU31_ALE_matched	full	1.25	1.9986801305253885	1.9986801305253885	1.0	NA	-101.35326581663628	-0.15990294862294263	False	False	PASS
archaea1338__OG0000979__AU31_ALE_matched	full	1.25	3.918297513918435	3.918297513918435	1.0	NA	-113.22617462330025	-12.032811755286914	False	False	PASS
archaea1338__OG0000979__AU31_ALE_matched	full	1.5	0.061223398654975544	0.061223398654975544	1.0	NA	-234.31510901750943	-133.1217461494961	False	False	PASS
archaea1338__OG0000979__AU31_ALE_matched	full	1.5	0.12244679730995109	0.12244679730995109	1.0	NA	-197.78336555163648	-96.59000268362314	False	False	PASS
archaea1338__OG0000979__AU31_ALE_matched	full	1.5	0.24489359461990218	0.24489359461990218	1.0	NA	-160.4989691398934	-59.305606271880066	False	False	PASS
archaea1338__OG0000979__AU31_ALE_matched	full	1.5	0.3463318428497645	0.3463318428497645	1.0	NA	-143.18597493575191	-41.99261206773858	False	False	PASS
archaea1338__OG0000979__AU31_ALE_matched	full	1.5	0.48978718923980435	0.48978718923980435	1.0	NA	-127.76661770879718	-26.573254840783846	False	False	PASS
archaea1338__OG0000979__AU31_ALE_matched	full	1.5	0.692663685699529	0.692663685699529	1.0	NA	-115.08921104821763	-13.895848180204297	False	False	PASS
archaea1338__OG0000979__AU31_ALE_matched	full	1.5	0.9795743784796087	0.9795743784796087	1.0	NA	-106.02921615211133	-4.835853284097993	False	False	PASS
archaea1338__OG0000979__AU31_ALE_matched	full	1.5	1.9591487569592174	1.9591487569592174	1.0	NA	-101.67207994847737	-0.4787170804640368	False	False	PASS
archaea1338__OG0000979__AU31_ALE_matched	full	1.5	1.9986801305253885	1.9986801305253885	1.0	NA	-101.84459460307266	-0.6512317350593264	False	False	PASS
archaea1338__OG0000979__AU31_ALE_matched	full	1.5	3.918297513918435	3.918297513918435	1.0	NA	-117.08789700756992	-15.894534139556583	False	False	PASS
archaea1338__OG0000979__AU31_ALE_matched	full	2.0	0.061223398654975544	0.061223398654975544	1.0	NA	-219.10627309793458	-117.91291022992124	False	False	PASS
archaea1338__OG0000979__AU31_ALE_matched	full	2.0	0.12244679730995109	0.12244679730995109	1.0	NA	-186.98398531938471	-85.79062245137138	False	False	PASS
archaea1338__OG0000979__AU31_ALE_matched	full	2.0	0.24489359461990218	0.24489359461990218	1.0	NA	-152.54460352401074	-51.3512406559974	False	False	PASS
archaea1338__OG0000979__AU31_ALE_matched	full	2.0	0.3463318428497645	0.3463318428497645	1.0	NA	-136.32415710317048	-35.13079423515714	False	False	PASS
archaea1338__OG0000979__AU31_ALE_matched	full	2.0	0.48978718923980435	0.48978718923980435	1.0	NA	-121.96910699468913	-20.77574412667579	False	False	PASS
archaea1338__OG0000979__AU31_ALE_matched	full	2.0	0.692663685699529	0.692663685699529	1.0	NA	-110.50461117629851	-9.311248308285172	False	False	PASS
archaea1338__OG0000979__AU31_ALE_matched	full	2.0	0.9795743784796087	0.9795743784796087	1.0	NA	-102.98605803237653	-1.7926951643631952	False	False	PASS
archaea1338__OG0000979__AU31_ALE_matched	full	2.0	1.9591487569592174	1.9591487569592174	1.0	NA	-103.12889765207483	-1.9355347840614883	False	False	PASS
archaea1338__OG0000979__AU31_ALE_matched	full	2.0	1.9986801305253885	1.9986801305253885	1.0	NA	-103.45819790263938	-2.2648350346260457	False	False	PASS
archaea1338__OG0000979__AU31_ALE_matched	full	2.0	3.918297513918435	3.918297513918435	1.0	NA	-124.36920795610334	-23.17584508809	False	False	PASS
archaea1338__OG0000979__AU31_ALE_matched	full	4.0	0.061223398654975544	0.061223398654975544	1.0	NA	-172.20990110661268	-71.01653823859934	False	False	PASS
archaea1338__OG0000979__AU31_ALE_matched	full	4.0	0.12244679730995109	0.12244679730995109	1.0	NA	-152.18194200516982	-50.98857913715648	False	False	PASS
archaea1338__OG0000979__AU31_ALE_matched	full	4.0	0.24489359461990218	0.24489359461990218	1.0	NA	-128.0601731008606	-26.866810232847257	False	False	PASS
archaea1338__OG0000979__AU31_ALE_matched	full	4.0	0.3463318428497645	0.3463318428497645	1.0	NA	-116.4111161626309	-15.217753294617566	False	False	PASS
archaea1338__OG0000979__AU31_ALE_matched	full	4.0	0.48978718923980435	0.48978718923980435	1.0	NA	-106.60665668637847	-5.413293818365133	False	False	PASS
archaea1338__OG0000979__AU31_ALE_matched	full	4.0	0.692663685699529	0.692663685699529	1.0	NA	-100.02575649755288	1.1676063704604616	False	False	PASS
archaea1338__OG0000979__AU31_ALE_matched	full	4.0	0.9795743784796087	0.9795743784796087	1.0	NA	-98.0222504735427	3.17111239447064	False	False	PASS
archaea1338__OG0000979__AU31_ALE_matched	full	4.0	1.9591487569592174	1.9591487569592174	1.0	NA	-111.38309966354424	-10.189736795530905	False	False	PASS
archaea1338__OG0000979__AU31_ALE_matched	full	4.0	1.9986801305253885	1.9986801305253885	1.0	NA	-112.12489176137096	-10.931528893357623	False	False	PASS
archaea1338__OG0000979__AU31_ALE_matched	full	4.0	3.918297513918435	3.918297513918435	1.0	NA	-146.72605285448785	-45.53268998647451	False	False	PASS
archaea1338__OG0000979__AU31_ALE_matched	full	8.0	0.061223398654975544	0.061223398654975544	1.0	NA	-131.2754748576435	-30.082111989630164	False	False	PASS
archaea1338__OG0000979__AU31_ALE_matched	full	8.0	0.12244679730995109	0.12244679730995109	1.0	NA	-120.35931096004757	-19.165948092034228	False	False	PASS
archaea1338__OG0000979__AU31_ALE_matched	full	8.0	0.24489359461990218	0.24489359461990218	1.0	NA	-106.75181426512287	-5.558451397109536	False	False	PASS
archaea1338__OG0000979__AU31_ALE_matched	full	8.0	0.3463318428497645	0.3463318428497645	1.0	NA	-100.57385654748732	0.6195063205260141	False	False	PASS
archaea1338__OG0000979__AU31_ALE_matched	full	8.0	0.48978718923980435	0.48978718923980435	1.0	NA	-96.29698849841614	4.896374369597197	False	False	PASS
archaea1338__OG0000979__AU31_ALE_matched	full	8.0	0.692663685699529	0.692663685699529	1.0	NA	-95.29162477985662	5.901738088156719	False	False	PASS
archaea1338__OG0000979__AU31_ALE_matched	full	8.0	0.9795743784796087	0.9795743784796087	1.0	NA	-98.94151719213768	2.251845675875657	False	False	PASS
archaea1338__OG0000979__AU31_ALE_matched	full	8.0	1.9591487569592174	1.9591487569592174	1.0	NA	-124.03927156810401	-22.845908700090675	False	False	PASS
archaea1338__OG0000979__AU31_ALE_matched	full	8.0	1.9986801305253885	1.9986801305253885	1.0	NA	-125.12845915009686	-23.93509628208352	False	False	PASS
archaea1338__OG0000979__AU31_ALE_matched	full	8.0	3.918297513918435	3.918297513918435	1.0	NA	-171.2506994234065	-70.05733655539316	False	False	PASS
archaea1338__OG0000979__AU31_ALE_matched	full	13.458590236120154	0.061223398654975544	0.061223398654975544	1.0	NA	-113.93883296063595	-12.745470092622611	False	False	PASS
archaea1338__OG0000979__AU31_ALE_matched	full	13.458590236120154	0.12244679730995109	0.12244679730995109	1.0	NA	-107.14788374709339	-5.95452087908005	False	False	PASS
archaea1338__OG0000979__AU31_ALE_matched	full	13.458590236120154	0.24489359461990218	0.24489359461990218	1.0	NA	-98.89481105604858	2.2985518119647566	False	False	PASS
archaea1338__OG0000979__AU31_ALE_matched	full	13.458590236120154	0.3463318428497645	0.3463318428497645	1.0	NA	-95.61414073108071	5.5792221369326285	False	False	PASS
archaea1338__OG0000979__AU31_ALE_matched	full	13.458590236120154	0.48978718923980435	0.48978718923980435	1.0	NA	-94.24798235340987	6.945380514603471	False	True	PASS
archaea1338__OG0000979__AU31_ALE_matched	full	13.458590236120154	0.692663685699529	0.692663685699529	1.0	NA	-96.06175394732628	5.131608920687057	False	False	PASS
archaea1338__OG0000979__AU31_ALE_matched	full	13.458590236120154	0.9795743784796087	0.9795743784796087	1.0	NA	-102.40832039071684	-1.2149575227035	False	False	PASS
archaea1338__OG0000979__AU31_ALE_matched	full	13.458590236120154	1.9591487569592174	1.9591487569592174	1.0	NA	-132.94422141514056	-31.750858547127223	False	False	PASS
archaea1338__OG0000979__AU31_ALE_matched	full	13.458590236120154	1.9986801305253885	1.9986801305253885	1.0	NA	-134.20259884977867	-33.00923598176533	False	False	PASS
archaea1338__OG0000979__AU31_ALE_matched	full	13.458590236120154	3.918297513918435	3.918297513918435	1.0	NA	-186.85780620919385	-85.66444334118052	False	False	PASS
archaea1338__OG0000979__AU31_ALE_matched	full	16.0	0.061223398654975544	0.061223398654975544	1.0	NA	-110.76380771901526	-9.570444851001923	False	False	PASS
archaea1338__OG0000979__AU31_ALE_matched	full	16.0	0.12244679730995109	0.12244679730995109	1.0	NA	-104.89946411697737	-3.706101248964032	False	False	PASS
archaea1338__OG0000979__AU31_ALE_matched	full	16.0	0.24489359461990218	0.24489359461990218	1.0	NA	-97.79101885479247	3.402344013220869	False	False	PASS
archaea1338__OG0000979__AU31_ALE_matched	full	16.0	0.3463318428497645	0.3463318428497645	1.0	NA	-95.14937978952892	6.043983078484416	False	False	PASS
archaea1338__OG0000979__AU31_ALE_matched	full	16.0	0.48978718923980435	0.48978718923980435	1.0	NA	-94.4268012294435	6.76656163856984	False	False	PASS
archaea1338__OG0000979__AU31_ALE_matched	full	16.0	0.692663685699529	0.692663685699529	1.0	NA	-96.85257592182211	4.34078694619123	False	False	PASS
archaea1338__OG0000979__AU31_ALE_matched	full	16.0	0.9795743784796087	0.9795743784796087	1.0	NA	-103.77286292006357	-2.5795000520502356	False	False	PASS
archaea1338__OG0000979__AU31_ALE_matched	full	16.0	1.9591487569592174	1.9591487569592174	1.0	NA	-135.4852039996245	-34.291841131611164	False	False	PASS
archaea1338__OG0000979__AU31_ALE_matched	full	16.0	1.9986801305253885	1.9986801305253885	1.0	NA	-136.78184399878668	-35.588481130773346	False	False	PASS
archaea1338__OG0000979__AU31_ALE_matched	full	16.0	3.918297513918435	3.918297513918435	1.0	NA	-191.07391442043627	-89.88055155242293	False	False	PASS
archaea1338__OG0000979__AU31_ALE_matched	full	32.0	0.061223398654975544	0.061223398654975544	1.0	NA	-108.31604009672897	-7.122677228715631	False	False	PASS
archaea1338__OG0000979__AU31_ALE_matched	full	32.0	0.12244679730995109	0.12244679730995109	1.0	NA	-103.73168638072076	-2.5383235127074215	False	False	PASS
archaea1338__OG0000979__AU31_ALE_matched	full	32.0	0.24489359461990218	0.24489359461990218	1.0	NA	-98.43719960994741	2.756163258065925	False	False	PASS
archaea1338__OG0000979__AU31_ALE_matched	full	32.0	0.3463318428497645	0.3463318428497645	1.0	NA	-97.07533220108435	4.118030666928988	False	False	PASS
archaea1338__OG0000979__AU31_ALE_matched	full	32.0	0.48978718923980435	0.48978718923980435	1.0	NA	-97.62414126047418	3.5692216075391627	False	False	PASS
archaea1338__OG0000979__AU31_ALE_matched	full	32.0	0.692663685699529	0.692663685699529	1.0	NA	-101.23150006673862	-0.03813719872528054	False	False	PASS
archaea1338__OG0000979__AU31_ALE_matched	full	32.0	0.9795743784796087	0.9795743784796087	1.0	NA	-109.27407243374786	-8.080709565734523	False	False	PASS
archaea1338__OG0000979__AU31_ALE_matched	full	32.0	1.9591487569592174	1.9591487569592174	1.0	NA	-143.59835595335164	-42.404993085338305	False	False	PASS
archaea1338__OG0000979__AU31_ALE_matched	full	32.0	1.9986801305253885	1.9986801305253885	1.0	NA	-144.98918166224652	-43.795818794233185	False	False	PASS
archaea1338__OG0000979__AU31_ALE_matched	full	32.0	3.918297513918435	3.918297513918435	1.0	NA	-203.6295049141097	-102.43614204609636	False	False	PASS
archaea1338__OG0000979__AU31_ALE_matched	full	64.0	0.061223398654975544	0.061223398654975544	1.0	NA	-115.72312815615186	-14.52976528813852	False	False	PASS
archaea1338__OG0000979__AU31_ALE_matched	full	64.0	0.12244679730995109	0.12244679730995109	1.0	NA	-109.05571851967805	-7.862355651664714	False	False	PASS
archaea1338__OG0000979__AU31_ALE_matched	full	64.0	0.24489359461990218	0.24489359461990218	1.0	NA	-103.40434704408916	-2.2109841760758258	False	False	PASS
archaea1338__OG0000979__AU31_ALE_matched	full	64.0	0.3463318428497645	0.3463318428497645	1.0	NA	-101.89134083100336	-0.6979779629900236	False	False	PASS
archaea1338__OG0000979__AU31_ALE_matched	full	64.0	0.48978718923980435	0.48978718923980435	1.0	NA	-102.27407524853649	-1.0807123805231527	False	False	PASS
archaea1338__OG0000979__AU31_ALE_matched	full	64.0	0.692663685699529	0.692663685699529	1.0	NA	-105.7614548501231	-4.568091982109763	False	False	PASS
archaea1338__OG0000979__AU31_ALE_matched	full	64.0	0.9795743784796087	0.9795743784796087	1.0	NA	-113.8019985400001	-12.608635671986761	False	False	PASS
archaea1338__OG0000979__AU31_ALE_matched	full	64.0	1.9591487569592174	1.9591487569592174	1.0	NA	-148.85745777431015	-47.66409490629681	False	False	PASS
archaea1338__OG0000979__AU31_ALE_matched	full	64.0	1.9986801305253885	1.9986801305253885	1.0	NA	-150.2900999094367	-49.09673704142335	False	False	PASS
archaea1338__OG0000979__AU31_ALE_matched	full	64.0	3.918297513918435	3.918297513918435	1.0	NA	-211.3174336727733	-110.12407080475995	False	False	PASS
archaea1338__OG0000979__AU31_ALE_matched	full	128.0	0.061223398654975544	0.061223398654975544	1.0	NA	-124.98783811098087	-23.794475242967536	False	False	PASS
archaea1338__OG0000979__AU31_ALE_matched	full	128.0	0.12244679730995109	0.12244679730995109	1.0	NA	-116.69981613549557	-15.506453267482229	False	False	PASS
archaea1338__OG0000979__AU31_ALE_matched	full	128.0	0.24489359461990218	0.24489359461990218	1.0	NA	-109.23581460051192	-8.042451732498577	False	False	PASS
archaea1338__OG0000979__AU31_ALE_matched	full	128.0	0.3463318428497645	0.3463318428497645	1.0	NA	-106.79342038843782	-5.600057520424485	False	False	PASS
archaea1338__OG0000979__AU31_ALE_matched	full	128.0	0.48978718923980435	0.48978718923980435	1.0	NA	-106.35704721511894	-5.163684347105601	False	False	PASS
archaea1338__OG0000979__AU31_ALE_matched	full	128.0	0.692663685699529	0.692663685699529	1.0	NA	-109.2048498232646	-8.011486955251257	False	False	PASS
archaea1338__OG0000979__AU31_ALE_matched	full	128.0	0.9795743784796087	0.9795743784796087	1.0	NA	-116.84931333560937	-15.655950467596028	False	False	PASS
archaea1338__OG0000979__AU31_ALE_matched	full	128.0	1.9591487569592174	1.9591487569592174	1.0	NA	-151.93670933250215	-50.74334646448881	False	False	PASS
archaea1338__OG0000979__AU31_ALE_matched	full	128.0	1.9986801305253885	1.9986801305253885	1.0	NA	-153.38804815269114	-52.1946852846778	False	False	PASS
archaea1338__OG0000979__AU31_ALE_matched	full	128.0	3.918297513918435	3.918297513918435	1.0	NA	-215.79841618402875	-114.60505331601541	False	False	PASS
