parent	child	posterior_S_to_S	posterior_S_to_C	posterior_C_to_S	posterior_C_to_C
N0001	GCA_024860865.1	0.9210783311598855	0.0	0.07892166884011448	0.0
N0001	N0002	0.37854308546351706	0.542535245696367	0.00029819055877975363	0.07862347828133619
N0002	N0003	0.3315757820944828	0.04726549392780924	0.022816171228787714	0.5983425527489203
N0002	N0218	0.19932293846325858	0.17951833755903548	0.00372642242703994	0.617432301550666
N0003	N0004	0.35403426104592695	0.0003576922773465145	0.5444170813239543	0.10119096535277222
N0003	N0213	0.016507064861995543	0.33788488846128	0.0001713992767712801	0.6454366473999532
N0004	N0005	0.8974804032769098	0.0009709390929724704	0.08469252892371296	0.016856128706404707
N0004	N0191	0.8973221912240592	0.0011291511458225228	0.082459381188101	0.019089276442017283
N0005	N0006	0.9811269245938692	0.0010460076067536688	0.014903891248171292	0.00292317655120578
N0005	N0129	0.9804542253139893	0.0017187068866334196	0.013479896325548184	0.004347171473829064
N0006	N0007	0.9947965473904548	0.0012342684515857796	0.0032315625228237473	0.000737621635135697
N0006	N0067	0.9945762990507607	0.0014545167912797478	0.003127691596496232	0.0008414925614632123
N0007	N0008	0.9949860863111366	0.003042023602141905	0.0012620423261319065	0.0007098477605896031
N0007	N0053	0.9971478266754852	0.0008802832377931964	0.0016963831381628153	0.0002755069485586983
N0008	N0009	0.9774203390038021	0.018827789633466544	0.0008257204354973841	0.002926150927234101
N0008	GCA_974499105.1	0.9962481286372685	0.0	0.003751871362731493	0.0
N0009	N0010	0.8546030240628029	0.12364303537649628	0.0007877153158128387	0.020966225244888087
N0009	N0045	0.9773683277513149	0.000877731687984131	0.018669466340485247	0.0030844742202156585
N0010	N0011	0.8547049978714025	0.0006857415072144833	0.12601002797874003	0.01859923264264288
N0010	GCA_030594725.1	0.0	0.8553907393786162	0.0	0.14460926062138374
N0011	N0012	0.9798046713989925	0.000910354451150221	0.016469801116771828	0.0028151730330854942
N0011	GCA_030595765.1	0.9807150258501426	0.0	0.01928497414985733	0.0
N0012	N0013	0.9953812503360782	0.0008932221796860911	0.0031976358583252255	0.000527891625910457
N0012	N0038	0.9953824795899945	0.0008919929257697795	0.003198260084379386	0.0005272673998562844
N0013	N0014	0.9977786164791256	0.000800269715277804	0.0012383862532428399	0.0001827275523536844
N0013	N0036	0.9978087437815537	0.0007701424128497908	0.001244414613801525	0.00017669919179500216
N0014	N0015	0.9980917475438971	0.0009252551884714591	0.0008397780469351679	0.00014321922069632394
N0014	GCA_024281315.1	0.9990170027323686	0.0	0.0009829972676314964	0.0
N0015	N0016	0.9980487087420978	0.0008828168487344483	0.0009189368558011734	0.0001495375533665952
N0015	N0030	0.9980386927109133	0.0008928328799188887	0.0009174787281517249	0.0001509956810160429
N0016	N0017	0.9981703703731042	0.000797275224794718	0.0009000920491643243	0.00013226235293670584
N0016	N0029	0.998282992647841	0.0006846529500580169	0.000916693473347184	0.00011566092875384916
N0017	GCA_030604065.1	0.9990704624222685	0.0	0.0009295375777314286	0.0
N0017	N0018	0.9981715485522149	0.0008989138700536442	0.0007974238778550267	0.00013211369987639515
N0018	N0019	0.998058391292941	0.00091058113712892	0.0008828462379014039	0.00014818133202863486
N0018	N0028	0.9982843185706537	0.0006846538594163668	0.0009155152942364959	0.00011551227569353773
N0019	N0020	0.9980361350899524	0.0009051024408900867	0.0009073767698244979	0.0001513856993330425
N0019	N0026	0.9981708156587167	0.0007704218721257703	0.0009271175073914477	0.0001316449617660903
N0020	N0021	0.9980765609294557	0.0008669509303211865	0.0009109228064943931	0.00014556533372873947
N0020	N0024	0.9981730882336012	0.000770423626175648	0.0009251259651578741	0.0001313621750652631
N0021	N0022	0.9983028171896161	0.0006846665463339421	0.0008990779222943876	0.00011343834175555915
N0021	N0023	0.9983028171896161	0.0006846665463339421	0.0008990779222943876	0.00011343834175555915
N0022	GCA_002067865.1	0.9992018951119105	0.0	0.0007981048880894937	0.0
N0022	GCA_002497075.1	0.9992018951119105	0.0	0.0007981048880894937	0.0
N0023	GCA_003135935.1	0.9992018951119105	0.0	0.0007981048880894937	0.0
N0023	GCA_026394375.1	0.9992018951119105	0.0	0.0007981048880894937	0.0
N0024	N0025	0.9984134717621415	0.0006847424366176341	0.0008007532652278023	0.00010103253601310053
N0024	ERR4283445_bin.66	0.999098214198759	0.0	0.0009017858012409072	0.0
N0025	GCF_000308215.1	0.9992142250273693	0.0	0.0007857749726307248	0.0
N0025	GCA_002508545.1	0.9992142250273693	0.0	0.0007857749726307248	0.0
N0026	N0027	0.9984131909220991	0.0006847422440089503	0.0008010028120853565	0.00010106402180650131
N0026	GCA_029907465.1	0.9990979331661082	0.0	0.0009020668338918609	0.0
N0027	GCA_028679985.1	0.9992141937341845	0.0	0.0007858062658154501	0.0
N0027	GCA_020725985.1	0.9992141937341845	0.0	0.0007858062658154501	0.0
N0028	GCA_013415695.1	0.9991998338648902	0.0	0.0008001661351098962	0.0
N0028	GCA_046539605.1	0.9991998338648902	0.0	0.0008001661351098962	0.0
N0029	GCA_019721035.1	0.9991996861211881	0.0	0.0008003138788118546	0.0
N0029	GCA_021806165.1	0.9991996861211881	0.0	0.0008003138788118546	0.0
N0030	N0031	0.9981749895294393	0.0007811819096258188	0.0009124564010200352	0.0001313721599149136
N0030	N0034	0.9981857380493353	0.0007704333897297082	0.0009140404592618872	0.00012978810167305524
N0031	N0032	0.9983169112967968	0.0007705346336624066	0.0007990884442529636	0.00011346562528776637
N0031	GCA_035529455.1	0.9990874459304592	0.0	0.0009125540695407259	0.0
N0032	N0033	0.9984312451149243	0.0006847546261255142	0.0007849603451756643	9.903991377450658e-05
N0032	GCA_014859835.1	0.9991159997410498	0.0	0.0008840002589501753	0.0
N0033	GCA_018814355.1	0.9992162054601	0.0	0.000783794539900014	0.0
N0033	GCA_038852315.1	0.9992162054601	0.0	0.000783794539900014	0.0
N0034	GCA_011046235.1	0.9990997785085973	0.0	0.0009002214914027617	0.0
N0034	N0035	0.9984150349998634	0.0006847435087337833	0.0007993642145142077	0.00010085727688855087
N0035	GCA_029858465.1	0.9992143992143777	0.0	0.00078560078562233	0.0
N0035	GOMC.bin.8344	0.9992143992143777	0.0	0.00078560078562233	0.0
N0036	GCA_022848865.1	0.9990531583953552	0.0	0.0009468416046447965	0.0
N0036	N0037	0.9983684468382049	0.0006847115571503527	0.0008407611935445712	0.00010608041110022064
N0037	GCA_013791785.1	0.9992092080317495	0.0	0.0007907919682505785	0.0
N0037	GCA_020696385.1	0.9992092080317495	0.0	0.0007907919682505785	0.0
N0038	N0039	0.9977998513517055	0.000780888322668492	0.001240637799440321	0.0001786225261857543
N0038	N0042	0.9977998513517055	0.000780888322668492	0.001240637799440321	0.0001786225261857543
N0039	N0040	0.9982699907323561	0.0007704984187896309	0.0008402066869754458	0.00011930416187879692
N0039	GCA_030673205.1	0.9990404891511458	0.0	0.0009595108488542385	0.0
N0040	GCA_021797355.1	0.9991101974193316	0.0	0.0008898025806684183	0.0
N0040	N0041	0.9984254467698881	0.0006847506494434874	0.000790112597579053	9.968998308936228e-05
N0041	GCA_016806715.1	0.9992155593674672	0.0	0.0007844406325328411	0.0
N0041	GCA_000965745.1	0.9992155593674672	0.0	0.0007844406325328411	0.0
N0042	GCA_003551675.1	0.9990404891511458	0.0	0.0009595108488542385	0.0
N0042	N0043	0.9982699907323561	0.0007704984187896309	0.0008402066869754458	0.00011930416187879692
N0043	GCA_007129655.1	0.9991101974193316	0.0	0.0008898025806684183	0.0
N0043	N0044	0.9984254467698881	0.0006847506494434874	0.000790112597579053	9.968998308936228e-05
N0044	GCA_003560595.1	0.9992155593674672	0.0	0.0007844406325328411	0.0
N0044	GCA_003552585.1	0.9992155593674672	0.0	0.0007844406325328411	0.0
N0045	N0046	0.9951475475939924	0.0008902464978077978	0.0034022711317549517	0.0005599347764448724
N0045	N0052	0.9953551491461914	0.0006826449456089116	0.0035182959347219637	0.0004439099734778082
N0046	N0047	0.9977689545832045	0.0007808641425428907	0.0012676671590074525	0.00018251411524522205
N0046	N0050	0.9977796987308464	0.0007701199949008878	0.0012698678763336968	0.00018031339791898949
N0047	N0048	0.9982661263061166	0.0007704954360952347	0.0008435932279941081	0.00011978502979399296
N0047	GCA_028279585.1	0.999036621742212	0.0	0.0009633782577881106	0.0
N0048	N0049	0.9984249692121909	0.0006847503219198504	0.000790536942418416	9.974352347080887e-05
N0048	GCA_029762535.1	0.9991097195341109	0.0	0.0008902804658892279	0.0
N0049	GCA_002254385.1	0.9992155061546094	0.0	0.000784493845390649	0.0
N0049	GCA_023145185.1	0.9992155061546094	0.0	0.000784493845390649	0.0
N0050	GCA_020696345.1	0.9990495666071801	0.0	0.0009504333928198793	0.0
N0050	N0051	0.9983648575116993	0.000684709095480667	0.0008439505718927846	0.00010648282092709139
N0051	GCA_030740765.1	0.9992088080835922	0.0	0.0007911919164077564	0.0
N0051	GOMC.bin.14106	0.9992088080835922	0.0	0.0007911919164077564	0.0
N0052	GCA_028279595.1	0.9988734450809134	0.0	0.0011265549190867077	0.0
N0052	GCA_022615805.1	0.9988734450809134	0.0	0.0011265549190867077	0.0
N0053	N0054	0.9980593519827419	0.0007848578309062376	0.0010097142034107523	0.00014607598294114242
N0053	N0066	0.9981596414615992	0.0006845683520490695	0.0010262999975892192	0.0001294901887626785
N0054	N0055	0.9982685007054914	0.0008005654806612637	0.0008112465161366001	0.00011968729771077951
N0054	GCA_028716125.1	0.9990690661861527	0.0	0.0009309338138473807	0.0
N0055	N0056	0.9981552087157912	0.000924538505836802	0.0007862712185877611	0.00013398155978428553
N0055	GCA_013329495.1	0.999079747221628	0.0	0.0009202527783720449	0.0
N0056	N0057	0.9980624369164363	0.0008790430179425957	0.0009109223896414196	0.00014759767597969268
N0056	N0061	0.9980501745080631	0.0008913054263157042	0.0009091524011888483	0.00014936766443225972
N0057	N0058	0.9982887024400698	0.0006846568660078251	0.0009116199065706883	0.00011502078735159667
N0057	N0059	0.9982029126604044	0.0007704466456732855	0.000898989706249436	0.00012765098767285717
N0058	GCA_029762575.1	0.9992003223466406	0.0	0.0007996776533594236	0.0
N0058	GCA_030612095.1	0.9992003223466406	0.0	0.0007996776533594236	0.0
N0059	N0060	0.9984171574023117	0.0006847449643421614	0.0007974783051648119	0.00010061932818133303
N0059	GCA_003649745.1	0.9991019023666537	0.0	0.0008980976333461492	0.0
N0060	GCA_021161865.1	0.9992146357074765	0.0	0.000785364292523498	0.0
N0060	GOMC.bin.921	0.9992146357074765	0.0	0.000785364292523498	0.0
N0061	N0062	0.9981888910859024	0.0007704358233495824	0.0009112773355777609	0.00012939575517020984
N0061	N0064	0.9981888910859024	0.0007704358233495824	0.0009112773355777609	0.00012939575517020984
N0062	N0063	0.9984154246455156	0.0006847437759646562	0.0007990179859377965	0.00010081359258199206
N0062	GCA_021158865.1	0.9991001684214803	0.0	0.0008998315785197931	0.0
N0063	GCA_011052825.1	0.9992144426314534	0.0	0.0007855573685466456	0.0
N0063	GCA_021162065.1	0.9992144426314534	0.0	0.0007855573685466456	0.0
N0064	GCA_011049295.1	0.9991001684214803	0.0	0.0008998315785197931	0.0
N0064	N0065	0.9984154246455156	0.0006847437759646562	0.0007990179859377965	0.00010081359258199206
N0065	GCA_034660695.1	0.9992144426314534	0.0	0.0007855573685466456	0.0
N0065	GCA_021159125.1	0.9992144426314534	0.0	0.0007855573685466456	0.0
N0066	GCA_041599855.1	0.9991859414591883	0.0	0.0008140585408117356	0.0
N0066	GCA_003561665.1	0.9991859414591883	0.0	0.0008140585408117356	0.0
N0067	N0068	0.9915293194499428	0.006174671197314184	0.0010700736805004955	0.0012259356722424699
N0067	GCA_018263395.1	0.997703990647257	0.0	0.0022960093527429615	0.0
N0068	N0069	0.9859345852542325	0.006664807876210634	0.003298521993650454	0.004102084875906328
N0068	N0111	0.9759206467143108	0.016678746416132467	0.0017858230230147875	0.005614783846541941
N0069	N0070	0.9479399556107624	0.04129315163712069	0.001194479040937016	0.009572413711180028
N0069	N0109	0.9884701726589191	0.0007629345889639241	0.009428153208562978	0.0013387395435539632
N0070	N0071	0.6615545064837549	0.2875799281679441	0.0006281860851633846	0.050237379263137684
N0070	N0108	0.9484839354152632	0.0006504992364362322	0.045166787372635714	0.005698777975664879
N0071	N0072	0.038819863191902726	0.6233628293770156	0.00011431475323820871	0.3377029926778435
N0071	N0106	0.6525608184151426	0.009621874153776074	0.09099231730319764	0.24682499012788373
N0072	N0073	0.010853292019021103	0.028080885926118893	0.0020148681885095165	0.9590509538663505
N0072	N0103	0.001676809997203896	0.03725736794793669	0.00023505682174720488	0.9608307652331122
N0073	N0074	0.0005975423831257908	0.012270617824405024	0.00026122622672851377	0.9868706135657406
N0073	N0102	0.011426462126011974	0.0014416980815185666	0.04077074230343825	0.9463610974890312
N0074	N0075	5.0817727835877984e-05	0.0008079508820184267	0.00034147820147838024	0.9987997531886673
N0074	N0086	5.1799600846185905e-05	0.000806969009008119	0.00034849713070002455	0.9987927342594457
N0075	N0076	1.710932466461343e-05	0.0003751866046496478	0.0002477204008650952	0.9993599836698207
N0075	N0080	0.000112016225745209	0.000280279703569055	0.0021668592879698976	0.9974408447827158
N0076	N0077	1.4718011567906826e-05	0.00025011171396180295	0.00031967999479210423	0.9994154902796782
N0076	GCA_035269625.1	0.0	0.00026482972552970636	0.0	0.9997351702744703
N0077	N0078	9.007131615503347e-05	0.00024432669020498367	0.0019991952969331153	0.9976664066967069
N0077	GCA_023008585.1	0.0	0.00033439800636001805	0.0	0.99966560199364
N0078	N0079	0.00185519339521608	0.00023407321787206843	0.0412159346023186	0.9566947987845932
N0078	GCA_001564275.1	0.0	0.0020892666130881647	0.0	0.9979107333869118
N0079	GCF_000025325.1	0.0	0.04307112799753505	0.0	0.9569288720024649
N0079	GCA_031852275.1	0.04307112799753505	0.0	0.9569288720024649	0.0
N0080	N0081	0.0020333005089876637	0.00024557500472743453	0.04296966943330372	0.9547514550529811
N0080	N0084	9.79812423569028e-05	0.0021808942713582033	0.00024359351776764444	0.9974775309685172
N0081	N0082	0.001934922236058267	0.043068047706233126	0.00023316243417136144	0.9547638676235373
N0081	GCA_003022865.1	0.04500296994229115	0.0	0.9549970300577089	0.0
N0082	N0083	8.954672295906464e-05	0.0020785379472705876	0.0002336155328298673	0.9975982997969405
N0082	GOMC.bin.9202	0.0	0.002168084670229643	0.0	0.9978319153297703
N0083	GCF_000403645.1	0.0	0.00032316225578893674	0.0	0.9996768377442111
N0083	GCF_019693215.1	0.0	0.00032316225578893674	0.0	0.9996768377442111
N0084	GCA_005954745.1	0.0	0.00034157476012454705	0.0	0.9996584252398755
N0084	N0085	1.410779792628764e-05	0.0003274669621982609	0.00023404316104992402	0.9994243820788256
N0085	GOMC.bin.12150	0.0	0.0002481509589762126	0.0	0.9997518490410238
N0085	GCF_017094485.1	0.0	0.0002481509589762126	0.0	0.9997518490410238
N0086	N0087	0.00011562657036452425	0.00028467016118169494	0.0022021063528154363	0.9973975969156383
N0086	N0096	2.347190909947101e-05	0.0003768248224467462	0.0003383313847147879	0.999261371883739
N0087	N0088	0.0001354526180253498	0.002182280305154638	0.00033649366877477297	0.9973457734080452
N0087	N0093	0.0020679705863865545	0.00024976233679345174	0.04296799592955727	0.9547142711472627
N0088	N0089	0.00013105379982075813	0.00034089248697936805	0.0020843701624336693	0.9974436835507662
N0088	N0092	1.9492432180323314e-05	0.0004524538546198024	0.00023401263805982692	0.9992940410751401
N0089	N0090	9.150194109525265e-05	0.0021239220211592123	0.0002336044496065706	0.997550971588139
N0089	N0091	0.0019672165709396067	0.0002482073913148322	0.0412107240229763	0.9565738520147693
N0090	GCA_002844335.1	0.0	0.0003251063907018264	0.0	0.9996748936092982
N0090	GCA_025517465.1	0.0	0.0003251063907018264	0.0	0.9996748936092982
N0091	GCA_003021175.1	0.04317794059391636	0.0	0.9568220594060837	0.0
N0091	GCA_025041175.1	0.0	0.04317794059391636	0.0	0.9568220594060837
N0092	GCF_000334895.1	0.0	0.00025350507024015376	0.0	0.9997464949297599
N0092	GCF_029338295.1	0.0	0.00025350507024015376	0.0	0.9997464949297599
N0093	N0094	0.0019363409380718495	0.04309962557787224	0.00023315437806103854	0.9547308791059949
N0093	GCA_028275105.1	0.04503596651594384	0.0	0.9549640334840561	0.0
N0094	N0095	8.960498577491564e-05	0.002079890330357978	0.00023361520256503086	0.997596889481302
N0094	GCA_030734185.1	0.0	0.0021694953161328846	0.0	0.9978305046838671
N0095	GCF_000237865.1	0.0	0.0003232201883399488	0.0	0.99967677981166
N0095	GCF_000306765.2	0.0	0.0003232201883399488	0.0	0.99967677981166
N0096	N0097	9.745302975279019e-05	0.00026435026406146757	0.0019991404900840245	0.9976390562161017
N0096	N0099	2.0107354085777415e-05	0.0003416959397284859	0.00031964898607026875	0.9993185477201155
N0097	GCF_003369835.1	0.0	0.002096593519836829	0.0	0.9979034064801632
N0097	N0098	0.0018616994241366276	0.00023489409570018506	0.04121563198476044	0.9566877744954027
N0098	GCF_021083305.1	0.0	0.04307733140889777	0.0	0.9569226685911023
N0098	GCF_024227995.1	0.04307733140889777	0.0	0.9569226685911023	0.0
N0099	N0100	9.15146028021652e-05	0.00024824173735388716	0.001999184580993974	0.99766105907885
N0099	GOMC.bin.12128	0.0	0.0003397563401560532	0.0	0.999660243659844
N0100	GCF_001485535.1	0.0	0.00209069918379616	0.0	0.9979093008162039
N0100	N0101	0.001856465466333765	0.00023423371746237877	0.041215875433959506	0.9566934253822443
N0101	GCF_014647115.1	0.0	0.04307234090029377	0.0	0.9569276590997062
N0101	GCF_014647475.1	0.04307234090029377	0.0	0.9569276590997062	0.0
N0102	GCA_003021085.1	0.052197204429450854	0.0	0.9478027955705491	0.0
N0102	GCA_036626315.1	0.0	0.052197204429450854	0.0	0.9478027955705491
N0103	N0104	8.22015441450702e-05	0.0018296652748060632	0.0002436831229056081	0.9978444500581433
N0103	GCA_007122875.1	0.0	0.0019118668189511225	0.0	0.9980881331810488
N0104	GCA_007118975.1	0.0	0.00032588466705067904	0.0	0.9996741153329494
N0104	N0105	1.3459762156753425e-05	0.000312424904893927	0.0002340468344636496	0.9994400684984857
N0105	GCF_030287405.1	0.0	0.00024750659662040736	0.0	0.9997524934033796
N0105	GCF_036429475.1	0.0	0.00024750659662040736	0.0	0.9997524934033796
N0106	N0107	0.6602483654960274	0.08330477022231322	0.010591826336338692	0.24585503794532082
N0106	GCA_034190395.1	0.743553135718342	0.0	0.256446864281658	0.0
N0107	GCA_034521615.1	0.0	0.6708401918323685	0.0	0.3291598081676314
N0107	GOMC.bin.11431	0.6708401918323685	0.0	0.3291598081676314	0.0
N0108	GCA_007118075.1	0.993650722787899	0.0	0.006349277212101006	0.0
N0108	GCA_046543335.1	0.993650722787899	0.0	0.006349277212101006	0.0
N0109	N0110	0.9972144057869131	0.0006839200805689884	0.001866210824946128	0.0002354633075717383
N0109	GCA_034190545.1	0.9978983258674822	0.0	0.0021016741325178764	0.0
N0110	GCF_026242195.1	0.9990806166118593	0.0	0.0009193833881407212	0.0
N0110	GCA_028751075.1	0.9990806166118593	0.0	0.0009193833881407212	0.0
N0111	N0112	0.9766122191612132	0.001094250576112476	0.018483528066606855	0.0038100021960674386
N0111	N0124	0.8725265934868635	0.10517987625046257	0.000961888164480852	0.021331642098193222
N0112	N0113	0.9926392451492765	0.0024565020785434796	0.003369989311064342	0.0015342634611155424
N0112	N0123	0.9944137479239067	0.000681999303913348	0.004354799571496549	0.0005494532006833507
N0113	N0114	0.9818104571548018	0.014198777305539112	0.0010902136592027783	0.0029005518804562686
N0113	GCF_000711905.1	0.9960092344603408	0.0	0.00399076553965911	0.0
N0114	N0115	0.8891756762671711	0.09372499454683354	0.0008385478234144555	0.01626078136258103
N0114	N0120	0.9821320442766731	0.0007686265373313412	0.014947274823497279	0.0021520543624982797
N0115	N0116	0.23972856008666982	0.6502856640039161	0.00021995659897582035	0.10976581931043831
N0115	N0118	0.8893278109173385	0.0006864131732486061	0.09631030696695078	0.01367546894246214
N0116	N0117	0.21306562817711877	0.026882888508528237	0.03139181810817717	0.7286596652061759
N0116	GCA_002839545.1	0.0	0.23994851668564837	0.0	0.7600514833143516
N0117	GCA_003104905.1	0.24445744628529872	0.0	0.7555425537147014	0.0
N0117	GCA_974486395.1	0.0	0.24445744628529872	0.0	0.7555425537147014
N0118	N0119	0.9849626004658093	0.000675517418479783	0.01275283330381471	0.001609048811896112
N0118	GCA_014859725.1	0.9856381178842891	0.0	0.014361882115710892	0.0
N0119	GCA_019429385.1	0.9977154337696241	0.0	0.0022845662303759037	0.0
N0119	GCA_030627385.1	0.9977154337696241	0.0	0.0022845662303759037	0.0
N0120	GCA_016841265.1	0.9970793191001703	0.0	0.00292068089982962	0.0
N0120	N0121	0.9963103332110926	0.0007689858890777089	0.0025575277501954157	0.0003631531496341757
N0121	N0122	0.9981832763996771	0.0006845845616110862	0.0010052986315518863	0.00012684040715999092
N0121	GCA_046546175.1	0.9988678609612881	0.0	0.0011321390387118828	0.0
N0122	GCA_000306725.1	0.9991885750312289	0.0	0.0008114249687710675	0.0
N0122	GCA_030611265.1	0.9991885750312289	0.0	0.0008114249687710675	0.0
N0123	GCA_030019435.1	0.9987685474954033	0.0	0.0012314525045966796	0.0
N0123	GCA_037443105.1	0.9987685474954033	0.0	0.0012314525045966796	0.0
N0124	N0125	0.039158506654401355	0.8343299749969444	3.2267241191016576e-05	0.12647925110746328
N0124	GCA_002011155.2	0.8734884816513443	0.0	0.12651151834865565	0.0
N0125	N0126	0.0016850243429745763	0.03750574955261811	0.0002345814812840499	0.9605746446231233
N0125	N0128	0.0016186661991426038	0.03757210769645004	0.0002249476648880814	0.9605842784395193
N0126	GCA_002494725.1	0.0	0.0019196058242586173	0.0	0.9980803941757415
N0126	N0127	7.928399351547759e-05	0.0018403218307431481	0.00023367370747542302	0.997846720468266
N0127	GCA_002010215.1	0.0	0.00031295770099090323	0.0	0.9996870422990091
N0127	GCA_002010195.1	0.0	0.00031295770099090323	0.0	0.9996870422990091
N0128	GCA_002010305.1	0.0	0.0018436138640307075	0.0	0.9981563861359692
N0128	GCA_015523685.1	0.0	0.0018436138640307075	0.0	0.9981563861359692
N0129	N0130	0.9905067912279518	0.0034273304115857396	0.0037064646325193676	0.0023594137279431765
N0129	N0147	0.9908529632375427	0.0030811584019948333	0.0038585250181832	0.0022073533422793676
N0130	N0131	0.993422238397719	0.0007910174627520415	0.005047371776634764	0.0007393723628941211
N0130	N0136	0.9757161049418974	0.018497150918573655	0.0012894954470628486	0.004497248692466053
N0131	N0132	0.997590982389762	0.0008786277845918337	0.0013169956832537705	0.00021339414239237542
N0131	GCA_038852745.1	0.9984696101743539	0.0	0.001530389825646146	0.0
N0132	N0133	0.9981375818518622	0.0007703962211537193	0.0009562415333516726	0.0001357803936325383
N0132	N0135	0.9982233660167215	0.0006846120562942257	0.0009696760833112408	0.00012234584367297702
N0133	N0134	0.9984090839578862	0.0006847394273275332	0.0008046521492849751	0.0001015244655012746
N0133	GCA_018396415.1	0.9990938233852138	0.0	0.0009061766147862542	0.0
N0134	GCA_005888735.1	0.9992137361071712	0.0	0.0007862638928287966	0.0
N0134	GCA_028275385.1	0.9992137361071712	0.0	0.0007862638928287966	0.0
N0135	GCA_016930055.1	0.9991930421000328	0.0	0.0008069578999671984	0.0
N0135	GCA_026014815.1	0.9991930421000328	0.0	0.0008069578999671984	0.0
N0136	N0137	0.855526166941718	0.12147943344724199	0.0008477970986321944	0.022146602512407874
N0136	N0139	0.9761306708476069	0.00087492954135309	0.01973943955093264	0.0032549600601073617
N0137	N0138	0.8557870391650397	0.0005869248753118354	0.1275347395225738	0.01609129643707464
N0137	GCA_003019595.1	0.0	0.8563739640403512	0.0	0.14362603595964885
N0138	GCA_021800035.1	0.9833217786876138	0.0	0.016678221312386197	0.0
N0138	GCA_023487445.1	0.9833217786876138	0.0	0.016678221312386197	0.0
N0139	N0140	0.9950899992646244	0.0007801111339152591	0.003609334222307455	0.0005205553791529801
N0139	N0144	0.9950913417830358	0.0007787686155036284	0.0036101179287366513	0.0005197716727237626
N0140	N0141	0.9979183524241175	0.0007809810628142687	0.0011369697379984515	0.0001636967750697716
N0140	GCA_038881895.1	0.9986993334869319	0.0	0.0013006665130682277	0.0
N0141	GOMC.bin.2847	0.999055322162116	0.0	0.000944677837884047	0.0
N0141	N0142	0.9982848123035382	0.0007705098585777301	0.0008272179906829253	0.00011745984720111252
N0142	N0143	0.9984272783885977	0.0006847519056235107	0.0007884850707865916	9.948463499224773e-05
N0142	GOMC.bin.2866	0.9991120302942212	0.0	0.0008879697057788437	0.0
N0143	GCA_021162845.1	0.9992157634593842	0.0	0.0007842365406157575	0.0
N0143	GOMC.bin.2875	0.9992157634593842	0.0	0.0007842365406157575	0.0
N0144	GCA_021160575.1	0.9987014597117727	0.0	0.001298540288227388	0.0
N0144	N0145	0.9979312227655157	0.000770236946256939	0.0011370817065575478	0.00016145858166982766
N0145	N0146	0.9983835825344004	0.0006847219376728473	0.0008273120237188028	0.00010438350420795629
N0145	GCA_029259155.1	0.9990683044720733	0.0	0.0009316955279267638	0.0
N0146	GCA_004347965.1	0.9992108945581193	0.0	0.0007891054418807968	0.0
N0146	GOMC.bin.16766	0.9992108945581193	0.0	0.0007891054418807968	0.0
N0147	N0148	0.97908226974658	0.015629218509145865	0.0013433773020464267	0.003945134442227771
N0147	N0156	0.9937866315240368	0.0009248567316890782	0.004515428886813741	0.0007730828574604259
N0148	N0149	0.8749609297565042	0.10546471729212213	0.0008446311049084538	0.01872972184646524
N0148	N0155	0.9797537020516865	0.0006719449969399428	0.01738131939864802	0.0021930335527255776
N0149	GCA_054388035.1	0.8758055608614133	0.0	0.12419443913858674	0.0
N0149	N0150	0.03933105486509492	0.8364745059963186	3.17342563659651e-05	0.1241627048822205
N0150	N0151	0.0017616743908032979	0.03760111473065723	0.0002445839832184692	0.960392626895321
N0150	N0154	0.0016257708108706633	0.03773701831058994	0.00022490739214471787	0.9604123034863947
N0151	N0152	8.286293670615813e-05	0.0019233954373156167	0.00023365342010911108	0.997760088205869
N0151	N0153	8.286293670615813e-05	0.0019233954373156167	0.00023365342010911108	0.997760088205869
N0152	GCA_018238545.1	0.0	0.0003165163568152767	0.0	0.9996834836431847
N0152	GCA_013166775.1	0.0	0.0003165163568152767	0.0	0.9996834836431847
N0153	GCA_019057815.1	0.0	0.0003165163568152767	0.0	0.9996834836431847
N0153	GCA_023705985.1	0.0	0.0003165163568152767	0.0	0.9996834836431847
N0154	GCA_021513715.1	0.0	0.001850678203015403	0.0	0.9981493217969846
N0154	GCA_021513695.1	0.0	0.001850678203015403	0.0	0.9981493217969846
N0155	GCA_016840425.1	0.9971350214503345	0.0	0.002864978549665463	0.0
N0155	GCA_048886645.1	0.9971350214503345	0.0	0.002864978549665463	0.0
N0156	N0157	0.9973812312712641	0.0009208291395863797	0.001451417450094895	0.0002465221390546001
N0156	N0187	0.9974235800657761	0.0008784803450743805	0.0014611826816029775	0.00023675690754650468
N0157	N0158	0.9979657940055883	0.0008668547157706776	0.0010065109700899014	0.00016084030855107985
N0157	N0161	0.9979499104682817	0.0008827382530772422	0.0010039740853589275	0.0001633771932820399
N0158	N0159	0.9982876488322667	0.0006846561434114409	0.0009125561139370558	0.00011513891038470268
N0158	N0160	0.9982876488322667	0.0006846561434114409	0.0009125561139370558	0.00011513891038470268
N0159	GCA_016550395.1	0.9992002049462039	0.0	0.0007997950537961294	0.0
N0159	GCA_048938295.1	0.9992002049462039	0.0	0.0007997950537961294	0.0
N0160	GCA_016840065.1	0.9992002049462039	0.0	0.0007997950537961294	0.0
N0160	GCA_016840135.1	0.9992002049462039	0.0	0.0007997950537961294	0.0
N0161	N0162	0.9981565579664309	0.0007973265872098752	0.0009120809219148123	0.0001340345244444833
N0161	N0186	0.9982692410348586	0.0006846435187820502	0.0009289127843050419	0.00011720266205424832
N0162	N0163	0.9981692289789147	0.0008994099094309603	0.0007989253125359874	0.00013243579911835583
N0162	GCA_027031765.1	0.9990686388883456	0.0	0.0009313611116543458	0.0
N0163	N0164	0.9980540438054779	0.0009141104859728245	0.0008830543259884944	0.00014879138256082287
N0163	N0185	0.9982835009927542	0.000684653298696476	0.0009162417718211948	0.00011560393672812195
N0164	N0165	0.9980073025444494	0.000929795587017042	0.0009073808489056569	0.0001555210196279754
N0164	N0183	0.9981666794518045	0.0007704186796618927	0.0009307422199624626	0.00013215964857118246
N0165	N0166	0.9979878705610584	0.0009268128322966065	0.0009269483812621318	0.00015836822538291002
N0165	N0178	0.9980341487638243	0.0008805346295306988	0.0009337578512547208	0.00015155875539032417
N0166	N0167	0.9980204873459468	0.0008943315963735646	0.000931601011496044	0.00015358004618348274
N0166	N0173	0.9980221921642568	0.000892626778063661	0.0009318526329168278	0.00015332842476269406
N0167	N0168	0.9980730360043586	0.0008790523530842562	0.0009017931814178834	0.00014611846113916268
N0167	N0172	0.9982674460697027	0.0006846422877401627	0.0009305077417421195	0.00011740390081492332
N0168	N0169	0.9982901713123713	0.0006846578734052884	0.0009103147064148104	0.00011485610780862218
N0168	N0170	0.9982043814064755	0.0007704477793009973	0.0008977025892215124	0.00012746822500191352
N0169	GCA_054390655.1	0.9992004860187861	0.0	0.0007995139812139072	0.0
N0169	GCA_011364985.1	0.9992004860187861	0.0	0.0007995139812139072	0.0
N0170	N0171	0.9984173389068735	0.0006847450888235402	0.0007973170251255531	0.00010059897917736258
N0170	GCA_024276825.1	0.9991020839956971	0.0	0.0008979160043029187	0.0
N0171	GCA_019057475.1	0.9992146559319991	0.0	0.0007853440680008855	0.0
N0171	GOMC.bin.1438	0.9992146559319991	0.0	0.0007853440680008855	0.0
N0172	GCA_024275415.1	0.9991979538114449	0.0	0.0008020461885550775	0.0
N0172	GCA_029210805.1	0.9991979538114449	0.0	0.0008020461885550775	0.0
N0173	N0174	0.9980870847256549	0.0008669600715186283	0.0009018411211173303	0.00014411408170902419
N0173	N0177	0.9982694011685669	0.0006846436286066453	0.0009287704938275717	0.00011718470899877552
N0174	N0175	0.9983042583120726	0.0006846675346997049	0.0008977973798993102	0.00011327677332834971
N0174	N0176	0.9983042583120726	0.0006846675346997049	0.0008977973798993102	0.00011327677332834971
N0175	GCA_001563335.1	0.999202055691972	0.0	0.0007979443080280478	0.0
N0175	GCA_048882045.1	0.999202055691972	0.0	0.0007979443080280478	0.0
N0176	GCA_030612005.1	0.999202055691972	0.0	0.0007979443080280478	0.0
N0176	GCA_054381495.1	0.999202055691972	0.0	0.0007979443080280478	0.0
N0177	GCA_016839445.1	0.9991981716623947	0.0	0.0008018283376054062	0.0
N0177	GCA_052584815.1	0.9991981716623947	0.0	0.0008018283376054062	0.0
N0178	N0179	0.9982832534861301	0.0006846531289488779	0.0009164616995059027	0.00011563168541512759
N0178	N0180	0.9981867155285669	0.0007811910865121231	0.0009021981681341632	0.0001298952167868686
N0179	GCA_008080745.1	0.999199715185636	0.0	0.0008002848143640084	0.0
N0179	GCA_014728035.1	0.999199715185636	0.0	0.0008002848143640084	0.0
N0180	N0181	0.998318377931041	0.0007705357656601393	0.0007978031778980239	0.00011328312540095985
N0180	GCA_004524435.1	0.999088913696701	0.0	0.0009110863032989926	0.0
N0181	N0182	0.998431426358511	0.0006847547504278986	0.0007847992970318728	9.901959402922064e-05
N0181	GCA_004524445.1	0.999116181108939	0.0	0.0008838188910610965	0.0
N0182	GCA_018335335.1	0.9992162256555429	0.0	0.0007837743444571208	0.0
N0182	GCA_014730275.1	0.9992162256555429	0.0	0.0007837743444571208	0.0
N0183	GCA_013388835.1	0.999097421671767	0.0	0.0009025783282330825	0.0
N0183	N0184	0.9984126797783159	0.0006847418934509504	0.000801457000611407	0.00010112132762167115
N0184	GCA_003345555.1	0.9992141367789275	0.0	0.0007858632210726038	0.0
N0184	GCA_003345595.1	0.9992141367789275	0.0	0.0007858632210726038	0.0
N0185	GCA_021498125.1	0.9991997427645755	0.0	0.0008002572354246051	0.0
N0185	GCA_029855935.1	0.9991997427645755	0.0	0.0008002572354246051	0.0
N0186	GCA_019056805.1	0.9991981538191638	0.0	0.0008018461808363049	0.0
N0186	GCA_016840485.1	0.9991981538191638	0.0	0.0008018461808363049	0.0
N0187	N0188	0.9982001666019517	0.0006845961454273983	0.000990290455129157	0.0001249467974917399
N0187	N0189	0.9981143844307766	0.0007703783166024132	0.0009765702996845827	0.00013866695293630708
N0188	GCA_038825615.1	0.9991904570570809	0.0	0.0008095429429191238	0.0
N0188	GCA_029856435.1	0.9991904570570809	0.0	0.0008095429429191238	0.0
N0189	N0190	0.9984062172691963	0.0006847374612649111	0.0008071994112364172	0.00010184585830230259
N0189	GCA_048939465.1	0.9990909547304613	0.0	0.0009090452695387243	0.0
N0190	GCA_016839265.1	0.9992134166804328	0.0	0.0007865833195672185	0.0
N0190	GCA_001940665.2	0.9992134166804328	0.0	0.0007865833195672185	0.0
N0191	N0192	0.9789018788875283	0.0008796935246322137	0.017350036579744044	0.0028683910080955144
N0191	N0205	0.9766976646518892	0.00308390776027123	0.012789344225388934	0.0074290833624505274
N0192	N0193	0.9953572644834003	0.000894650983871936	0.003216256679080567	0.0005318278536471919
N0192	N0204	0.9955691237713337	0.0006827916959386478	0.0033281638763901543	0.000419920656337548
N0193	N0194	0.9976755792987465	0.0008979418637344266	0.0012238373737252725	0.0002026414637938692
N0193	N0203	0.997889138329737	0.0006843828327438193	0.001266661756428193	0.00015981708109094242
N0194	N0195	0.9979926235723946	0.0009067931000770969	0.0009429601930722031	0.00015762313445608623
N0194	N0202	0.9982148104838231	0.0006846061886486065	0.0009772782981954725	0.00012330502933280944
N0195	N0196	0.9980565459360026	0.0008790378294643727	0.0009159964099170472	0.00014841982461614376
N0195	N0200	0.9981651662537422	0.0007704175117246361	0.0009320682919301297	0.00013234794260305098
N0196	N0197	0.9982878860398239	0.0006846563060956149	0.0009123453377244703	0.00011511231635603808
N0196	N0198	0.9982020963303173	0.0007704460156022153	0.0008997050867881256	0.000127752567292391
N0197	GCA_022865215.1	0.9992002313775483	0.0	0.0007997686224516443	0.0
N0197	GCA_022729315.1	0.9992002313775483	0.0	0.0007997686224516443	0.0
N0198	GCA_022865275.1	0.9991018014171054	0.0	0.0008981985828946033	0.0
N0198	N0199	0.99841705652195	0.0006847448951553297	0.0007975679447227162	0.0001006306381718839
N0199	GCA_022865265.1	0.9992146244666728	0.0	0.0007853755333272191	0.0
N0199	GCA_022729255.1	0.9992146244666728	0.0	0.0007853755333272191	0.0
N0200	N0201	0.9984124927804703	0.0006847417652021096	0.0008016231618340182	0.00010114229249366913
N0200	GCA_003009795.1	0.9990972345456723	0.0	0.0009027654543276919	0.0
N0201	GCA_001563915.1	0.9992141159423042	0.0	0.000785884057695774	0.0
N0201	GCA_001761425.1	0.9992141159423042	0.0	0.000785884057695774	0.0
N0202	GCA_018609855.1	0.9991920887820186	0.0	0.0008079112179814025	0.0
N0202	GCA_017610165.1	0.9991920887820186	0.0	0.0008079112179814025	0.0
N0203	GCA_017609995.1	0.9991558000861652	0.0	0.0008441999138347542	0.0
N0203	GCA_030669205.1	0.9991558000861652	0.0	0.0008441999138347542	0.0
N0204	GCA_037442745.1	0.9988972876477239	0.0	0.0011027123522761794	0.0
N0204	GCA_020723935.1	0.9988972876477239	0.0	0.0011027123522761794	0.0
N0205	N0206	0.9731139041987686	0.0163731046785098	0.0025670407519631654	0.007945950370758398
N0205	N0210	0.9887132318355576	0.0007737770417206354	0.009189867381289192	0.0013231237414324008
N0206	N0207	0.9749284623101466	0.0007524826405849273	0.021295259660397234	0.0030237953888711338
N0206	N0209	0.866369487537688	0.10931145741304318	0.0010044311068775945	0.023314623942391186
N0207	GCA_021162685.1	0.996223721970544	0.0	0.00377627802945603	0.0
N0207	N0208	0.995540949597314	0.0006827723732300476	0.0033531986845811036	0.0004230793448749136
N0208	GCA_027077895.1	0.998894148281895	0.0	0.0011058517181049595	0.0
N0208	GCA_024275655.1	0.998894148281895	0.0	0.0011058517181049595	0.0
N0209	GCA_038736665.1	0.8673739186445669	0.0	0.13262608135543302	0.0
N0209	GCA_024274695.1	0.0	0.8673739186445669	0.0	0.13262608135543302
N0210	N0211	0.997133477996885	0.0007696212199619146	0.0018361752366145901	0.0002607255465384165
N0210	GCA_001873845.1	0.997903099216847	0.0	0.0020969007831530273	0.0
N0211	N0212	0.9982849989074875	0.0006846543260121256	0.000914910765346634	0.00011543600115368946
N0211	GCA_001723845.1	0.9989696532334996	0.0	0.0010303467665003286	0.0
N0212	GCA_041306075.1	0.9991999096728342	0.0	0.0008000903271658136	0.0
N0212	GCA_902384455.1	0.9991999096728342	0.0	0.0008000903271658136	0.0
N0213	GCA_013154335.1	0.0	0.016678464138766634	0.0	0.9833215358612334
N0213	N0214	0.0019814689728205786	0.01469699516594623	0.0007200959967956227	0.9826014398644376
N0214	N0215	0.0018483384126600272	0.0008532265569562423	0.011606799209119395	0.9856916358212644
N0214	GCF_000023985.1	0.0	0.0027015649696162554	0.0	0.9972984350303837
N0215	N0216	0.013259627164663453	0.00019551045711607172	0.26572943770701324	0.7208154246712072
N0215	GCF_000214415.1	0.0	0.013455137621779372	0.0	0.9865448623782206
N0216	GCA_015661555.1	0.27898906487167674	0.0	0.7210109351283231	0.0
N0216	N0217	0.2477322268230805	0.03125683804859472	0.029779356565236604	0.6912315785630881
N0217	GCF_000016125.1	0.2775115833883206	0.0	0.7224884166116794	0.0
N0217	GCF_946463545.1	0.0	0.2775115833883206	0.0	0.7224884166116794
N0218	GCA_027051165.1	0.0	0.20304936089029738	0.0	0.7969506391097027
N0218	N0219	0.19623752148987753	0.006811839400421777	0.10790034808488841	0.6890502910248123
N0219	GCA_036446635.1	0.3041378695747677	0.0	0.6958621304252323	0.0
N0219	N0220	0.221668833342954	0.08246903623181294	0.01002055554586908	0.685841574879364
N0220	N0221	0.06240637742889052	0.16928301145993346	0.0015365167684613828	0.7667740943427147
N0220	N0223	0.2278556097859742	0.0038337791028514607	0.18760451957630211	0.5807060915348722
N0221	N0222	0.056778983707869844	0.007163910489482345	0.038661242099135795	0.897395863703512
N0221	GCA_002897955.1	0.0	0.06394289419735266	0.0	0.9360571058026473
N0222	GCA_002010065.2	0.0	0.09544022580700662	0.0	0.9045597741929934
N0222	GCA_026989875.1	0.09544022580700662	0.0	0.9045597741929934	0.0
N0223	N0224	0.4151397105441992	0.00032041881807588925	0.511859046408954	0.07268082422877108
N0223	N0226	0.36891360975191645	0.046546519610357814	0.024142797822088505	0.5603970728156373
N0224	N0225	0.9263634286355203	0.0006353283176335888	0.06482247076302583	0.008178772283820178
N0224	GCA_013152845.1	0.9269987569531538	0.0	0.07300124304684624	0.0
N0225	GCA_016212785.1	0.9911858993985464	0.0	0.008814100601453595	0.0
N0225	GCA_015520145.1	0.9911858993985464	0.0	0.008814100601453595	0.0
N0226	GOMC.bin.874	0.0	0.3930564075740104	0.0	0.6069435924259896
N0226	GCA_018830205.1	0.3930564075740104	0.0	0.6069435924259896	0.0
