tree	transition_group	posterior_mean	posterior_variance	posterior_sd	log_likelihood_recomputed	fit_log_likelihood	log_likelihood_abs_difference
GTDB_r226	coexist_mediated	64.099120523944	8.8655533166578	2.977507903710383	-353.5458547900059	-353.5458547900083	2.4442670110147446e-12
GTDB_r226	direct_endpoint	13.68593769908936	0.7403603300796627	0.8604419388196177	-353.5458547900059	-353.5458547900083	2.4442670110147446e-12
A1338_addcore	coexist_mediated	15.577743479963619	4.218525594031537	2.05390496226859	-100.07092786686574	-100.07092786686557	1.7053025658242404e-13
A1338_addcore	direct_endpoint	8.281815980168972	0.7503858796553686	0.8662481628582935	-100.07092786686574	-100.07092786686557	1.7053025658242404e-13
A1338_denovo	coexist_mediated	20.052568935521247	8.76881324529677	2.961218202918652	-146.693760140891	-146.69376014089082	1.7053025658242404e-13
A1338_denovo	direct_endpoint	27.859848006026294	9.787172681778125	3.1284457293963284	-146.693760140891	-146.69376014089082	1.7053025658242404e-13
A1338_ASTRAL64	coexist_mediated	15.560980757084526	4.193494149262733	2.0478022729899323	-100.07750290972167	-100.0775029097218	1.2789769243681803e-13
A1338_ASTRAL64	direct_endpoint	8.280636590356494	0.7504945832200367	0.8663109044794696	-100.07750290972167	-100.0775029097218	1.2789769243681803e-13
Asgard971_addcore	coexist_mediated	4708.865257150487	12261.84692368785	110.7332241185447	-210.81827439008873	-210.8182743900886	1.4210854715202004e-13
Asgard971_addcore	direct_endpoint	12.591589060074662	8.075147718500375	2.841680439194452	-210.81827439008873	-210.8182743900886	1.4210854715202004e-13
Asgard971_ASTRAL89	coexist_mediated	87.04049149326447	82.56250349821433	9.086391115190581	-203.93554470684242	-203.93554470684654	4.121147867408581e-12
Asgard971_ASTRAL89	direct_endpoint	0.03051083861294046	0.03042112931931721	0.17441653969540047	-203.93554470684242	-203.93554470684654	4.121147867408581e-12
