tree	model	root_mode	branch_scale	k	log_likelihood	AIC	success	gradient_max	rates	mapped_MAGs	root_projection_mismatch	n_M_only	n_coexist	n_ALP_only	delta_AIC
GTDB_r226	ARD_unrestricted	stationary	unit_topology	6	-353.5458547900083	719.0917095800166	TRUE	0.000659383662792758	M-only->M+ALP coexist:0.0002809938254;M-only->ALP-only:0.001658744107;M+ALP coexist->M-only:0.03991541598;M+ALP coexist->ALP-only:0.09075891931;ALP-only->M-only:0.003115269931;ALP-only->M+ALP coexist:0.00642267537	4208	0	2546	191	1471	0.0
GTDB_r226	adjacency_coexist_middle	stationary	unit_topology	4	-373.64827124040374	755.2965424808075	TRUE	0.00037516656676139684	M-only->M+ALP coexist:0.0007560700278;M+ALP coexist->M-only:0.08200321974;M+ALP coexist->ALP-only:0.1065703656;ALP-only->M+ALP coexist:0.009566062817	4208	0	2546	191	1471	36.20483290079085
GTDB_r226	adjacency_ALP_middle	stationary	unit_topology	4	-407.9696035515746	823.9392071031492	TRUE	0.0009038103653797287	M-only->ALP-only:0.001917749795;ALP-only->M-only:0.009180787767;ALP-only->M+ALP coexist:0.00695129075;M+ALP coexist->ALP-only:0.1332187899	4208	0	2546	191	1471	104.84749752313257
GTDB_r226	adjacency_M_middle	stationary	unit_topology	4	-586.6257787341599	1181.2515574683198	TRUE	0.0006139089274277402	ALP-only->M-only:0.009452399481;M-only->ALP-only:0.009847917533;M-only->M+ALP coexist:0.005081191712;M+ALP coexist->M-only:0.1230978555	4208	0	2546	191	1471	462.15984788830315
GTDB_r226	ancestral_coexistence_strict	M+ALP coexist	unit_topology	2	-555.5673812768542	1115.1347625537085	TRUE	0.000329691831396379	M+ALP coexist->M-only:0.06320990264;M+ALP coexist->ALP-only:0.3404118346	4208	0	2546	191	1471	396.04305297369183
A1338_addcore	ARD_unrestricted	stationary	unit_topology	6	-100.07092786686557	212.14185573373115	TRUE	4.6895820845174605e-05	M-only->M+ALP coexist:0.007656020112;M-only->ALP-only:0.01915373859;M+ALP coexist->M-only:0.02049102419;M+ALP coexist->ALP-only:0.09858016608;ALP-only->M-only:0.01562870403;ALP-only->M+ALP coexist:0.01953161693	284	1	64	31	189	0.0
A1338_addcore	adjacency_coexist_middle	stationary	unit_topology	4	-111.4689078669597	230.9378157339194	TRUE	2.27373676825089e-05	M-only->M+ALP coexist:0.02442814043;M+ALP coexist->M-only:0.1195016557;M+ALP coexist->ALP-only:0.1853719198;ALP-only->M+ALP coexist:0.03636710096	284	1	64	31	189	18.795960000188245
A1338_addcore	adjacency_ALP_middle	stationary	unit_topology	4	-104.5660088275079	217.1320176550158	TRUE	2.557953864282251e-05	M-only->ALP-only:0.02772989673;ALP-only->M-only:0.01875364064;ALP-only->M+ALP coexist:0.02245665544;M+ALP coexist->ALP-only:0.1238830244	284	1	64	31	189	4.990161921284653
A1338_addcore	adjacency_M_middle	stationary	unit_topology	4	-130.11828010609554	268.2365602121911	TRUE	2.27373676825089e-05	ALP-only->M-only:0.03476052649;M-only->ALP-only:0.06232677558;M-only->M+ALP coexist:0.09419735714;M+ALP coexist->M-only:0.07023824013	284	1	64	31	189	56.09470447845993
A1338_addcore	ancestral_coexistence_strict	M+ALP coexist	unit_topology	2	-148.90787472663334	301.8157494532667	TRUE	2.8421709603136123e-05	M+ALP coexist->M-only:0.1110379259;M+ALP coexist->ALP-only:0.3163343355	284	1	64	31	189	89.67389371953553
A1338_denovo	ARD_unrestricted	stationary	unit_topology	6	-146.69376014089082	305.38752028178163	TRUE	4.831690632533141e-05	M-only->M+ALP coexist:0.02770427941;M-only->ALP-only:0.1307771683;M+ALP coexist->M-only:0.03107111477;M+ALP coexist->ALP-only:0.1253223875;ALP-only->M-only:0.02433470329;ALP-only->M+ALP coexist:0.01858530004	284	1	64	31	189	0.0
A1338_denovo	adjacency_coexist_middle	stationary	unit_topology	4	-165.19051914414413	338.38103828828827	TRUE	1.136868384125445e-05	M-only->M+ALP coexist:0.1172213368;M+ALP coexist->M-only:0.1988579275;M+ALP coexist->ALP-only:0.3377257962;ALP-only->M+ALP coexist:0.04085771253	284	1	64	31	189	32.99351800650663
A1338_denovo	adjacency_ALP_middle	stationary	unit_topology	4	-151.2393053462568	310.4786106925136	TRUE	3.1263880563449734e-05	M-only->ALP-only:0.1310253274;ALP-only->M-only:0.03611812366;ALP-only->M+ALP coexist:0.032022026;M+ALP coexist->ALP-only:0.1193546302	284	1	64	31	189	5.091090410731965
A1338_denovo	adjacency_M_middle	stationary	unit_topology	4	-160.72228444246036	329.4445688849207	TRUE	6.821210304752669e-05	ALP-only->M-only:0.03978792549;M-only->ALP-only:0.1737700558;M-only->M+ALP coexist:0.0825983518;M+ALP coexist->M-only:0.02787441332	284	1	64	31	189	24.057048603139094
A1338_denovo	ancestral_coexistence_strict	M+ALP coexist	unit_topology	2	-183.93682814386415	371.8736562877283	TRUE	4.263256440470418e-05	M+ALP coexist->M-only:0.1547921935;M+ALP coexist->ALP-only:0.3053584719	284	1	64	31	189	66.48613600594666
A1338_ASTRAL64	ARD_unrestricted	stationary	unit_topology	6	-100.0775029097218	212.1550058194436	TRUE	2.7000624122979317e-05	M-only->M+ALP coexist:0.007654736876;M-only->ALP-only:0.01916068811;M+ALP coexist->M-only:0.0205288034;M+ALP coexist->ALP-only:0.09832060993;ALP-only->M-only:0.01562122761;ALP-only->M+ALP coexist:0.01953020672	284	1	64	31	189	0.0
A1338_ASTRAL64	adjacency_coexist_middle	stationary	unit_topology	4	-111.43465790642703	230.86931581285407	TRUE	2.984279508329293e-05	M-only->M+ALP coexist:0.02468867916;M+ALP coexist->M-only:0.1160370284;M+ALP coexist->ALP-only:0.1915372561;ALP-only->M+ALP coexist:0.03620382155	284	1	64	31	189	18.714309993410467
A1338_ASTRAL64	adjacency_ALP_middle	stationary	unit_topology	4	-104.57755829974222	217.15511659948444	TRUE	1.7053025761881673e-05	M-only->ALP-only:0.02773258566;ALP-only->M-only:0.01874968493;ALP-only->M+ALP coexist:0.02244890622;M+ALP coexist->ALP-only:0.123445899	284	1	64	31	189	5.000110780040842
A1338_ASTRAL64	adjacency_M_middle	stationary	unit_topology	4	-130.1157138465931	268.2314276931862	TRUE	8.526512880940836e-06	ALP-only->M-only:0.03473357929;M-only->ALP-only:0.06248466056;M-only->M+ALP coexist:0.09414817036;M+ALP coexist->M-only:0.07016565829	284	1	64	31	189	56.07642187374262
A1338_ASTRAL64	ancestral_coexistence_strict	M+ALP coexist	unit_topology	2	-149.20331753098694	302.4066350619739	TRUE	4.831690632533141e-05	M+ALP coexist->M-only:0.1259393017;M+ALP coexist->ALP-only:0.2978093138	284	1	64	31	189	90.25162924253027
Asgard971_addcore	ARD_unrestricted	stationary	unit_topology	6	-210.8182743900886	433.6365487801772	TRUE	0.004283151637192614	M-only->M+ALP coexist:79.44016004;M-only->ALP-only:0.4261251896;M+ALP coexist->M-only:6.141395592;M+ALP coexist->ALP-only:0.03698305871;ALP-only->M-only:0.0001015420778;ALP-only->M+ALP coexist:0.01026554992	851	1	14	182	655	5.8731343118788
Asgard971_addcore	adjacency_coexist_middle	stationary	unit_topology	4	-209.8817072341492	427.7634144682984	TRUE	0.00017053025761881672	M-only->M+ALP coexist:0.9542581888;M+ALP coexist->M-only:0.07167721237;M+ALP coexist->ALP-only:0.07000165177;ALP-only->M+ALP coexist:0.01040567556	851	1	14	182	655	0.0
Asgard971_addcore	adjacency_ALP_middle	stationary	unit_topology	4	-259.0940059429313	526.1880118858626	TRUE	0.12001919531212321	M-only->ALP-only:22026.46579;ALP-only->M-only:471.6140093;ALP-only->M+ALP coexist:0.009626383179;M+ALP coexist->ALP-only:0.1070020387	851	1	14	182	655	98.4245974175642
Asgard971_addcore	adjacency_M_middle	stationary	unit_topology	4	-210.8230857564977	429.6461715129954	TRUE	0.12142322776651815	ALP-only->M-only:0.01036275939;M-only->ALP-only:0.8995648575;M-only->M+ALP coexist:21909.56531;M+ALP coexist->M-only:1697.409113	851	1	14	182	655	1.8827570446970299
Asgard971_addcore	ancestral_coexistence_strict	M+ALP coexist	unit_topology	2	-250.62737771864755	505.2547554372951	TRUE	0.00015916157377756228	M+ALP coexist->M-only:0.02694023638;M+ALP coexist->ALP-only:0.1433817715	851	1	14	182	655	77.49134096899672
Asgard971_ASTRAL89	ARD_unrestricted	stationary	unit_topology	6	-203.93554470684654	419.8710894136931	TRUE	0.02918340882849276	M-only->M+ALP coexist:0.7917429934;M-only->ALP-only:4.539992976e-05;M+ALP coexist->M-only:0.05792029805;M+ALP coexist->ALP-only:0.07588442228;ALP-only->M-only:4.539992976e-05;ALP-only->M+ALP coexist:0.007939063271	851	4	14	182	655	4.059240297797658
Asgard971_ASTRAL89	adjacency_coexist_middle	stationary	unit_topology	4	-203.9059245579477	415.8118491158954	TRUE	0.00010516032553160366	M-only->M+ALP coexist:0.7884316845;M+ALP coexist->M-only:0.05770836574;M+ALP coexist->ALP-only:0.07588304739;ALP-only->M+ALP coexist:0.00796166385	851	4	14	182	655	0.0
Asgard971_ASTRAL89	adjacency_ALP_middle	stationary	unit_topology	4	-253.25028992381294	514.5005798476259	TRUE	0.2338708796403659	M-only->ALP-only:22026.46579;ALP-only->M-only:471.3542324;ALP-only->M+ALP coexist:0.008204730983;M+ALP coexist->ALP-only:0.1063568556	851	4	14	182	655	98.68873073173046
Asgard971_ASTRAL89	adjacency_M_middle	stationary	unit_topology	4	-205.12874643940953	418.25749287881905	TRUE	0.09369216570673823	ALP-only->M-only:0.007959742242;M-only->ALP-only:0.9800384506;M-only->M+ALP coexist:12888.84642;M+ALP coexist->M-only:992.7004888	851	4	14	182	655	2.4456437629236234
Asgard971_ASTRAL89	ancestral_coexistence_strict	M+ALP coexist	unit_topology	2	-256.88424495673723	517.7684899134745	TRUE	0.0002842170960313612	M+ALP coexist->M-only:0.02666354714;M+ALP coexist->ALP-only:0.1488582152	851	4	14	182	655	101.95664079757904
