sequence_id	host_id	AB_clade
CRR476095_bin.3_S.17_30	CRR476095_bin.3	B
CRR476095_bin.3_S.24_40	CRR476095_bin.3	A
ERR2027894_bin.22_S.99_3	ERR2027894_bin.22	A
ERR2027902_bin.36_S.72_12	ERR2027902_bin.36	A
GCA_000166095.1_S.1_944	GCA_000166095.1	A
GCA_001507955.1_S.57_14	GCA_001507955.1	A
GCF_000008645.1_S.1_120	GCF_000008645.1	A
GCA_015661555.1_S.77_8	GCA_015661555.1	A
GCF_000023985.1_S.1_1361	GCF_000023985.1	A
GCF_000214415.1_S.1_826	GCF_000214415.1	A
GCF_000016125.1_S.1_96	GCF_000016125.1	A
GCF_946463545.1_S.1_389	GCF_946463545.1	A
ERR2282092_bin.34_S.125_3	ERR2282092_bin.34	A
ERR2282092_bin.34_S.135_2	ERR2282092_bin.34	A
GCA_964297655.1_S.88_4	GCA_964297655.1	A
GCA_905202485.1_S.12_37	GCA_905202485.1	A
GCA_002067865.1_S.11_244	GCA_002067865.1	A
GCA_002497075.1_S.6_83	GCA_002497075.1	A
ERR4283445_bin.66_S.12_17	ERR4283445_bin.66	A
GCA_002508545.1_S.32_12	GCA_002508545.1	A
GCF_000308215.1_S.8_80	GCF_000308215.1	A
GCA_003135935.1_S.132_5	GCA_003135935.1	A
GCA_026394375.1_S.1_29	GCA_026394375.1	A
GCA_013331615.1_S.71_13	GCA_013331615.1	A
GCA_020056305.1_S.5_15	GCA_020056305.1	A
GCA_021814005.1_S.2_113	GCA_021814005.1	A
GCA_037442745.1_S.6_26	GCA_037442745.1	A
GCF_021023085.1_S.40_94	GCF_021023085.1	A
GCA_002010195.1_S.59_13	GCA_002010195.1	A
GCA_002010215.1_S.22_4	GCA_002010215.1	A
GCA_023008585.1_S.1_1909	GCA_023008585.1	A
GCA_034190545.1_S.47_4	GCA_034190545.1	A
GCA_030734185.1_S.1_1436	GCA_030734185.1	A
GCF_000237865.1_S.1_933	GCF_000237865.1	A
GCF_000306765.2_S.3_68	GCF_000306765.2	A
GCA_002494725.1_S.10_89	GCA_002494725.1	A
GCA_027051165.1_S.37_18	GCA_027051165.1	A
GCA_027051265.1_S.101_4	GCA_027051265.1	A
GCA_001914405.1_S.1_783	GCA_001914405.1	A
GCA_002010305.1_S.15_60	GCA_002010305.1	A
GCA_015523685.1_S.46_5	GCA_015523685.1	A
GCA_000306725.1_S.1_1860	GCA_000306725.1	A
GCA_016841265.1_S.24_150	GCA_016841265.1	A
GCA_002506015.1_S.103_2	GCA_002506015.1	A
GCA_003194445.1_S.77_21	GCA_003194445.1	A
GCA_014859725.1_S.155_26	GCA_014859725.1	A
GCA_019429385.1_S.35_54	GCA_019429385.1	A
GCA_030627385.1_S.29_4	GCA_030627385.1	A
GCA_046546175.1_S.19_12	GCA_046546175.1	A
GCF_000711905.1_S.8_320	GCF_000711905.1	A
GCA_001412355.1_S.70_20	GCA_001412355.1	A
GCA_011048835.1_S.20_12	GCA_011048835.1	A
GCF_000275865.1_S.1_1955	GCF_000275865.1	A
GCA_002496395.1_S.45_143	GCA_002496395.1	A
GCA_029907705.1_S.69_17	GCA_029907705.1	A
GCA_030019205.1_S.73_39	GCA_030019205.1	A
GCA_002499905.1_S.13_77	GCA_002499905.1	A
GCA_040776445.1_S.7_41	GCA_040776445.1	A
GCA_002067095.1_S.47_5	GCA_002067095.1	A
GCA_015660865.1_S.3_11	GCA_015660865.1	A
GCF_000327485.1_S.1_923	GCF_000327485.1	A
GCA_028678665.1_S.88_9	GCA_028678665.1	A
GCA_016937345.1_S.42_58	GCA_016937345.1	A
GCA_002503885.1_S.84_17	GCA_002503885.1	A
GCF_004102725.1_S.1_687	GCF_004102725.1	A
GOMC.bin.831_S.66_5	GOMC.bin.831	A
GCA_002067795.1_S.62_23	GCA_002067795.1	A
GCA_023229165.1_S.276_5	GCA_023229165.1	A
GCA_002010065.2_S.7_12	GCA_002010065.2	A
GOMC.bin.874_S.6_113	GOMC.bin.874	A
GCA_003695745.1_S.185_1	GCA_003695745.1	A
GCA_013331375.1_S.115_9	GCA_013331375.1	A
GCA_974486395.1_S.97_19	GCA_974486395.1	A
GCA_037443105.1_S.60_4	GCA_037443105.1	A
GCA_001766815.1_S.3_58	GCA_001766815.1	B
GCA_905171695.1_S.1_1582	GCA_905171695.1	B
GCA_021108405.1_S.24_27	GCA_021108405.1	B
GCA_002897955.1_S.80_3	GCA_002897955.1	B
GCA_004193545.1_S.33_54	GCA_004193545.1	B
GOMC.bin.707_S.336_4	GOMC.bin.707	B
GCA_004212075.1_S.1_96	GCA_004212075.1	B
GCA_018263395.1_S.14_39	GCA_018263395.1	B
GCA_003133625.1_S.44_8	GCA_003133625.1	B
GCA_035624185.1_S.61_2	GCA_035624185.1	B
GCA_036444275.1_S.53_45	GCA_036444275.1	B
GOMC.bin.7887_S.70_79	GOMC.bin.7887	B
GCA_001563335.1_S.13_54	GCA_001563335.1	B
GCA_014728035.1_S.34_17	GCA_014728035.1	B
GCA_024275415.1_S.40_2	GCA_024275415.1	B
GCA_024275415.1_S.127_98	GCA_024275415.1	B
GCA_029210805.1_S.344_6	GCA_029210805.1	B
GCA_030612005.1_S.142_14	GCA_030612005.1	B
GCA_054381495.1_S.64_11	GCA_054381495.1	B
GCA_003345555.1_S.77_11	GCA_003345555.1	B
GCA_016839445.1_S.19_9	GCA_016839445.1	B
GCA_052584815.1_S.3_56	GCA_052584815.1	B
GCA_027031765.1_S.41_9	GCA_027031765.1	B
GCA_038825165.1_S.93_11	GCA_038825165.1	B
GCA_021498125.1_S.1_398	GCA_021498125.1	B
GCA_029855935.1_S.21_182	GCA_029855935.1	B
GCA_019057475.1_S.35_5	GCA_019057475.1	B
GOMC.bin.1438_S.214_5	GOMC.bin.1438	B
GCA_024276825.1_S.81_85	GCA_024276825.1	B
GCA_018335335.1_S.155_106	GCA_018335335.1	B
GCA_013388835.1_S.8_3	GCA_013388835.1	B
GCA_004524535.1_S.187_17	GCA_004524535.1	B
GCA_048887225.1_S.4_212	GCA_048887225.1	B
GCA_019058445.1_S.6_450	GCA_019058445.1	B
GCA_052626505.1_S.20_48	GCA_052626505.1	B
GCA_037386725.1_S.247_7	GCA_037386725.1	B
GCA_005223125.1_S.44_9	GCA_005223125.1	B
GCA_016839585.1_S.61_70	GCA_016839585.1	B
GCA_014730165.1_S.378_3	GCA_014730165.1	B
GCA_016926735.1_S.103_6	GCA_016926735.1	B
GCA_019894715.1_S.246_13	GCA_019894715.1	B
GCA_030610785.1_S.99_11	GCA_030610785.1	B
GCA_054384595.1_S.1_15	GCA_054384595.1	B
GCA_011364925.1_S.70_58	GCA_011364925.1	B
GCA_016839425.1_S.439_7	GCA_016839425.1	B
GCA_029838175.1_S.8_69	GCA_029838175.1	B
GCA_005191425.1_S.154_6	GCA_005191425.1	B
GCA_054383595.1_S.3_123	GCA_054383595.1	B
GCA_019058315.1_S.7_206	GCA_019058315.1	B
GCA_054383535.1_S.504_2	GCA_054383535.1	B
GCA_054384275.1_S.48_5	GCA_054384275.1	B
GCA_054381475.1_S.228_2	GCA_054381475.1	B
GCA_013166775.1_S.107_38	GCA_013166775.1	B
GCA_021513695.1_S.1_802	GCA_021513695.1	B
GCA_021513715.1_S.1_950	GCA_021513715.1	B
GCA_054388035.1_S.173_12	GCA_054388035.1	B
GCA_016840425.1_S.133_8	GCA_016840425.1	B
GCA_019057385.1_S.6_412	GCA_019057385.1	B
GCA_048886645.1_S.11_11	GCA_048886645.1	B
GCA_002010305.1_S.5_2	GCA_002010305.1	B
GCA_015523685.1_S.158_6	GCA_015523685.1	B
GCA_024281315.1_S.65_18	GCA_024281315.1	B
GCA_020356005.1_S.1_2110	GCA_020356005.1	B
GCA_030673205.1_S.420_8	GCA_030673205.1	B
GCA_001412355.1_S.29_16	GCA_001412355.1	B
GCA_016841485.1_S.163_1	GCA_016841485.1	B
GCA_002496395.1_S.12_17	GCA_002496395.1	B
GCA_011048835.1_S.6_11	GCA_011048835.1	B
GCA_016841485.1_S.79_7	GCA_016841485.1	B
GCA_016937345.1_S.47_97	GCA_016937345.1	B
GCF_000275865.1_S.1_1927	GCF_000275865.1	B
GCA_002503135.1_S.61_5	GCA_002503135.1	B
GCA_002503885.1_S.142_13	GCA_002503885.1	B
GCF_004102725.1_S.6_384	GCF_004102725.1	B
GOMC.bin.831_S.73_14	GOMC.bin.831	B
GCA_030019205.1_S.14_16	GCA_030019205.1	B
GCA_028678665.1_S.73_1	GCA_028678665.1	B
GCA_040776445.1_S.2_25	GCA_040776445.1	B
GCA_015660865.1_S.2_89	GCA_015660865.1	B
GCF_000327485.1_S.1_2180	GCF_000327485.1	B
GCA_028678665.1_S.51_1	GCA_028678665.1	B
GCA_002067095.1_S.39_9	GCA_002067095.1	B
GCA_002499905.1_S.2_4	GCA_002499905.1	B
GCA_029907705.1_S.49_15	GCA_029907705.1	B
GCA_963677995.1_S.1_872	GCA_963677995.1	B
GCA_002839545.1_S.51_7	GCA_002839545.1	B
GCA_003104905.1_S.50_81	GCA_003104905.1	B
GCA_974486395.1_S.28_12	GCA_974486395.1	B
GCA_013331375.1_S.76_8	GCA_013331375.1	B
GCA_016841265.1_S.38_21	GCA_016841265.1	B
GCA_030611265.1_S.42_66	GCA_030611265.1	B
GCA_014859725.1_S.132_7	GCA_014859725.1	B
GCA_019429385.1_S.65_43	GCA_019429385.1	B
GOMC.bin.707_S.1_4	GOMC.bin.707	B
GCA_037443105.1_S.46_10	GCA_037443105.1	B
GCA_002010065.2_S.2_231	GCA_002010065.2	B
GOMC.bin.874_S.30_43	GOMC.bin.874	B
GCA_013152845.1_S.9_4	GCA_013152845.1	B
GCA_030018435.1_S.2_2	GCA_030018435.1	B
GCF_000016125.1_S.1_703	GCF_000016125.1	B
GCF_946463545.1_S.1_1440	GCF_946463545.1	B
GCF_000023985.1_S.1_554	GCF_000023985.1	B
GCF_000214415.1_S.1_1722	GCF_000214415.1	B
GCA_000166095.1_S.1_790	GCA_000166095.1	B
GCA_001507955.1_S.83_1	GCA_001507955.1	B
GCF_000008645.1_S.1_1671	GCF_000008645.1	B
GCA_000309865.1_S.25_9	GCA_000309865.1	B
ERR2027894_bin.22_S.55_16	ERR2027894_bin.22	B
ERR2027902_bin.36_S.53_9	ERR2027902_bin.36	B
ERR2027902_bin.36_S.139_4	ERR2027902_bin.36	B
