host_id	n_genes	status
GCA_000309865.1	1	PASS
GCA_001412355.1	4	PASS
GCA_001509375.1	4	PASS
GCA_001563335.1	1	PASS
GCA_001564275.1	1	PASS
GCA_001871495.1	1	PASS
GCA_002010045.1	2	PASS
GCA_002067095.1	5	PASS
GCA_002067795.1	1	PASS
GCA_002496395.1	2	PASS
GCA_002499905.1	3	PASS
GCA_002501765.1	3	PASS
GCA_002503135.1	1	PASS
GCA_002503845.1	1	PASS
GCA_002503885.1	5	PASS
GCA_002506015.1	1	PASS
GCA_002844335.1	1	PASS
GCA_003021085.1	1	PASS
GCA_003021175.1	1	PASS
GCA_003022865.1	1	PASS
GCA_003194445.1	1	PASS
GCA_003345595.1	1	PASS
GCA_003552585.1	1	PASS
GCA_004193545.1	1	PASS
GCA_005954745.1	1	PASS
GCA_007118075.1	1	PASS
GCA_007118975.1	1	PASS
GCA_007122875.1	1	PASS
GCA_007129655.1	1	PASS
GCA_011048835.1	5	PASS
GCA_011364985.1	1	PASS
GCA_013166775.1	1	PASS
GCA_013388835.1	1	PASS
GCA_015660865.1	5	PASS
GCA_015660915.1	3	PASS
GCA_016292335.1	2	PASS
GCA_016550395.1	1	PASS
GCA_016840065.1	6	PASS
GCA_016840425.1	7	PASS
GCA_016841265.1	1	PASS
GCA_016841485.1	3	PASS
GCA_016937345.1	2	PASS
GCA_018238545.1	1	PASS
GCA_018992685.1	1	PASS
GCA_019057475.1	1	PASS
GCA_019057815.1	1	PASS
GCA_020348985.1	1	PASS
GCA_020356005.1	1	PASS
GCA_021498095.1	1	PASS
GCA_021513695.1	2	PASS
GCA_021513715.1	1	PASS
GCA_023008585.1	2	PASS
GCA_023229165.1	2	PASS
GCA_023705985.1	1	PASS
GCA_024276825.1	1	PASS
GCA_025041175.1	1	PASS
GCA_025517465.1	2	PASS
GCA_026015185.1	1	PASS
GCA_026989875.1	1	PASS
GCA_027031765.1	1	PASS
GCA_028275105.1	1	PASS
GCA_028678665.1	4	PASS
GCA_028751075.1	1	PASS
GCA_029907705.1	2	PASS
GCA_030019205.1	4	PASS
GCA_030611045.1	1	PASS
GCA_030612005.1	1	PASS
GCA_030734185.1	1	PASS
GCA_030743515.1	2	PASS
GCA_030750015.1	2	PASS
GCA_031852275.1	1	PASS
GCA_034190145.1	1	PASS
GCA_034190395.1	1	PASS
GCA_034190545.1	1	PASS
GCA_034521615.1	1	PASS
GCA_034659235.1	1	PASS
GCA_035269625.1	1	PASS
GCA_035624185.1	6	PASS
GCA_036626315.1	1	PASS
GCA_037308085.1	1	PASS
GCA_038819355.1	1	PASS
GCA_038849675.1	1	PASS
GCA_038870455.1	2	PASS
GCA_040776445.1	4	PASS
GCA_046543335.1	1	PASS
GCA_046546175.1	1	PASS
GCA_048886645.1	6	PASS
GCA_054381495.1	1	PASS
GCA_054384595.1	1	PASS
GCA_054390655.1	1	PASS
GCA_903884505.1	4	PASS
GCA_963677995.1	1	PASS
GCA_974486395.1	1	PASS
GCF_000025325.1	1	PASS
GCF_000237865.1	1	PASS
GCF_000275865.1	5	PASS
GCF_000306765.2	1	PASS
GCF_000327485.1	5	PASS
GCF_000334895.1	1	PASS
GCF_000403645.1	1	PASS
GCF_001485535.1	1	PASS
GCF_003369835.1	1	PASS
GCF_004102725.1	5	PASS
GCF_014647115.1	1	PASS
GCF_014647475.1	1	PASS
GCF_017094485.1	1	PASS
GCF_019693215.1	1	PASS
GCF_021023085.1	2	PASS
GCF_021083305.1	1	PASS
GCF_024227995.1	1	PASS
GCF_026242195.1	1	PASS
GCF_029338295.1	1	PASS
GCF_030287405.1	1	PASS
GCF_036429475.1	1	PASS
GOMC.bin.11431	1	PASS
GOMC.bin.12128	1	PASS
GOMC.bin.12150	1	PASS
GOMC.bin.1438	1	PASS
GOMC.bin.707	1	PASS
GOMC.bin.831	4	PASS
GOMC.bin.9202	2	PASS
