tree	branch_scale	mapped_tips	coexist_mediated_mean	direct_endpoint_mean	direct_fraction	direct_fraction_95_low_delta	direct_fraction_95_high_delta	expected_total_mean	expected_total_per_branch	max_fitted_rate	history_identifiability	fitted_log_likelihood	recomputed_log_likelihood	log_likelihood_abs_difference
archaea1338_addcore_gtdb_rooted	unit_topology	162	5.105797377827533	1.0069873156594393	0.16473462851265816	0.13714903110362978	0.19232022592168654	6.112784693548552	0.018983803396113517	0.09255392139	stable	-27.98821884164665	-27.988218841645804	8.455458555545192e-13
archaea1338_addcore_gtdb_rooted	source_branch_lengths	162	8.325907103364116	1.0068188261224502	0.10788046640707896	0.05691928688437114	0.15884164592978678	9.332725929549923	0.028983620899223364	1.033804218	stable	-29.933939068642662	-29.93393906864245	2.1316282072803006e-13
archaea1338_astral64_gtdb_rooted	unit_topology	162	8.2766150373678	1.004997365922596	0.10827831655266248	0.06231210215269228	0.15424453095263269	9.281612403156577	0.0288248832396167	0.1937289226	stable	-30.330892502978585	-30.3308925029779	6.856737400084967e-13
archaea1338_astral64_gtdb_rooted	source_branch_lengths	162	371749.21225081605	0.0044396946587236625	1.1942714226133272e-08	4.918191998234144e-09	1.89672364540324e-08	371749.251106769	1154.5007798346865	22026.46579	boundary_saturated	-55.5104277240294	-55.510427714082766	9.946631962520769e-09
archaea1338_denovo_gtdb_rooted	unit_topology	162	5.310514804319173	6.114866676392457	0.5352002195038823	0.44627598899645465	0.6241244500113099	11.425381480480704	0.03548255118161709	0.1092643494	stable	-48.296570780932946	-48.29657078093237	5.755396159656812e-13
archaea1338_denovo_gtdb_rooted	source_branch_lengths	162	6.643093655983516	6.655050399421232	0.5004495643673245	0.3720788312942122	0.6288202974404367	13.298144055337247	0.04129858402278648	0.374156007	stable	-51.9010093427997	-51.90100934279943	2.7000623958883807e-13
asgard971_addcore_gtdb_rooted	unit_topology	445	85.58257528777109	0.029040886282416523	0.0003392166575079563	0.0	0.004233068350475721	85.61161617476169	0.09651816930638296	2.5683429	stable	-89.01294952432892	-89.01294952432895	2.842170943040401e-14
asgard971_addcore_gtdb_rooted	source_branch_lengths	445	7322.020912898665	0.02855515573685352	3.899885661990908e-06	0.0	4.9099916726523914e-05	7322.0494420644045	8.254847172564153	2977.483155	high_turnover	-87.36645412381935	-87.36645412381836	9.947598300641403e-13
asgard971_astral89_gtdb_rooted	unit_topology	445	85.47105108418407	0.029650620251212935	0.00034678803401767675	0.0	0.004286840463771032	85.50070170391659	0.0963931248071213	2.564509169	stable	-89.01251357847853	-89.01251357847828	2.5579538487363607e-13
asgard971_astral89_gtdb_rooted	source_branch_lengths	445	690783.3470196042	11.145702343749045	1.613461378337205e-05	1.3179220809109412e-05	1.909000675763469e-05	690839.1998834389	778.8491543218025	22026.46579	boundary_saturated	-133.53917718466116	-133.53917718580658	1.145423311754712e-09
gtdb_r226_expanded	unit_topology	1253	24.57741569250042	2.838860652114287	0.10354654353605956	0.0671402664785023	0.13995282059361683	27.41627634462418	0.013639938479912527	0.04426408028	stable	-130.72532858372495	-130.72532858372443	5.115907697472721e-13
gtdb_r226_expanded	source_branch_lengths	1253	28.529223982478886	1.9795113316689594	0.0648834280177782	0.0648834280177782	0.0648834280177782	30.508500267904044	0.015178358342240818	0.8024417021	stable	-143.6524684626605	-143.65246811248244	3.5017805544157454e-07
