tree	branch_scale	transition	transition_class	fitted_rate	posterior_mean	posterior_variance	posterior_sd	posterior_95_low_normal_approx	posterior_95_high_normal_approx	log_likelihood_recomputed	derivative_step
archaea1338_addcore_gtdb_rooted	unit_topology	dALP-only->coexist	coexist-mediated_adjacent	4.539992976e-05	0.0004462214538610472	0.0004455813495951588	0.021108797919236397	0.0	0.041819465375564385	-27.988218841645804	0.0005
archaea1338_addcore_gtdb_rooted	unit_topology	dALP-only->cALP-only	direct_endpoint	0.004927094093	1.0068916319478187	0.00698305058222104	0.08356464911803937	0.8431049196764615	1.170678344219176	-27.988218841645804	0.0005
archaea1338_addcore_gtdb_rooted	unit_topology	coexist->dALP-only	coexist-mediated_adjacent	0.09255392139	1.0048056551568152	0.006739881541761861	0.08209678155544138	0.8438959633081501	1.1657153470054804	-27.988218841645804	0.0005
archaea1338_addcore_gtdb_rooted	unit_topology	coexist->cALP-only	coexist-mediated_adjacent	4.539992976e-05	0.00026203742405546865	0.0002610001104130788	0.01615549783860215	0.0	0.03192681318771569	-27.988218841645804	0.0005
archaea1338_addcore_gtdb_rooted	unit_topology	cALP-only->dALP-only	direct_endpoint	4.539992976e-05	9.568386438729704e-05	9.531575528853864e-05	0.009762978812254929	0.0	0.019231122336406958	-27.988218841645804	0.0005
archaea1338_addcore_gtdb_rooted	unit_topology	cALP-only->coexist	coexist-mediated_adjacent	0.02969286976	4.100283463886356	0.10016399798473685	0.3164869633724853	3.479969015676285	4.720597912096427	-27.988218841645804	0.0005
archaea1338_addcore_gtdb_rooted	source_branch_lengths	dALP-only->coexist	coexist-mediated_adjacent	4.539992976e-05	0.0004897484799926133	0.0004893389397390516	0.022121006752384747	0.0	0.04384692171466672	-29.93393906864245	0.0005
archaea1338_addcore_gtdb_rooted	source_branch_lengths	dALP-only->cALP-only	direct_endpoint	0.01656594361	1.006798965523359	0.007473182961348357	0.08644757348444407	0.8373617214938485	1.1762362095528693	-29.93393906864245	0.0005
archaea1338_addcore_gtdb_rooted	source_branch_lengths	coexist->dALP-only	coexist-mediated_adjacent	0.4454544359	1.00701443211193	0.007972130807350672	0.08928678965754493	0.8320123243831421	1.182016539840718	-29.93393906864245	0.0005
archaea1338_addcore_gtdb_rooted	source_branch_lengths	coexist->cALP-only	coexist-mediated_adjacent	1.033804218	2.9389146869303793	3.9380736372625806	1.9844580210381324	0.0	6.828452408165118	-29.93393906864245	0.0005
archaea1338_addcore_gtdb_rooted	source_branch_lengths	cALP-only->dALP-only	direct_endpoint	4.539992976e-05	1.9860732910122653e-05	1.9802826045633992e-05	0.004450036634190104	0.0	0.008741932535922727	-29.93393906864245	0.0005
archaea1338_addcore_gtdb_rooted	source_branch_lengths	cALP-only->coexist	coexist-mediated_adjacent	0.175985689	4.37948823570089	1.5044337035400681	1.2265535877164389	1.97544320377667	6.78353326762511	-29.93393906864245	0.0005
archaea1338_astral64_gtdb_rooted	unit_topology	dALP-only->coexist	coexist-mediated_adjacent	4.539992976e-05	0.0021192823200048374	0.0021156931021929872	0.04599666403330775	0.0	0.09227274382528804	-30.3308925029779	0.0005
archaea1338_astral64_gtdb_rooted	unit_topology	dALP-only->cALP-only	direct_endpoint	0.003914057333	1.004845077002751	0.009445312088018909	0.09718699546759797	0.814358565886259	1.195331588119243	-30.3308925029779	0.0005
archaea1338_astral64_gtdb_rooted	unit_topology	coexist->dALP-only	coexist-mediated_adjacent	0.07345986876	1.0068706443936055	0.011480523198770243	0.10714720341086949	0.7968621257083013	1.2168791630789098	-30.3308925029779	0.0005
archaea1338_astral64_gtdb_rooted	unit_topology	coexist->cALP-only	coexist-mediated_adjacent	0.1937289226	3.576370866524551	3.7327526574889207	1.9320332961646702	0.0	7.363156127007304	-30.3308925029779	0.0005
archaea1338_astral64_gtdb_rooted	unit_topology	cALP-only->dALP-only	direct_endpoint	4.539992976e-05	0.0001522887949079177	0.00015227641370074707	0.012340032970002433	0.0	0.024338753416112687	-30.3308925029779	0.0005
archaea1338_astral64_gtdb_rooted	unit_topology	cALP-only->coexist	coexist-mediated_adjacent	0.02930255871	3.6912542440870055	1.7227245893517797	1.3125260337805797	1.1187032178770693	6.263805270296942	-30.3308925029779	0.0005
archaea1338_astral64_gtdb_rooted	source_branch_lengths	dALP-only->coexist	coexist-mediated_adjacent	0.01083121008	1.0358322184404283	0.270281586741324	0.5198861286294567	0.016855406326693245	2.0548090305541633	-55.510427714082766	0.0005
archaea1338_astral64_gtdb_rooted	source_branch_lengths	dALP-only->cALP-only	direct_endpoint	4.601148743e-05	0.004412818422376101	0.1415847492580724	0.37627748970417085	0.0	0.7419166982425509	-55.510427714082766	0.0005
archaea1338_astral64_gtdb_rooted	source_branch_lengths	coexist->dALP-only	coexist-mediated_adjacent	0.1721621035	1.0246485227215867	0.0018338089565380262	0.0428229956511455	0.9407154512453415	1.1085815941978319	-55.510427714082766	0.0005
archaea1338_astral64_gtdb_rooted	source_branch_lengths	coexist->cALP-only	coexist-mediated_adjacent	22026.46579	181062.97763522563	0.0	0.0	181062.97763522563	181062.97763522563	-55.510427714082766	0.0005
archaea1338_astral64_gtdb_rooted	source_branch_lengths	cALP-only->dALP-only	direct_endpoint	4.539992976e-05	0.00011808152441024807	0.0	0.0	0.00011808152441024807	0.00011808152441024807	-55.510427714082766	0.0005
archaea1338_astral64_gtdb_rooted	source_branch_lengths	cALP-only->coexist	coexist-mediated_adjacent	2446.76534	181065.23300912432	0.0	0.0	181065.23300912432	181065.23300912432	-55.510427714082766	0.0005
archaea1338_denovo_gtdb_rooted	unit_topology	dALP-only->coexist	coexist-mediated_adjacent	4.539992976e-05	0.0005449063931924533	0.0005451733879150803	0.023348948325675835	0.0	0.04630884511151709	-48.29657078093237	0.0005
archaea1338_denovo_gtdb_rooted	unit_topology	dALP-only->cALP-only	direct_endpoint	0.03172334924	6.113113297170496	0.25314748105150403	0.5031376362900156	5.126963530042065	7.099263064298926	-48.29657078093237	0.0005
archaea1338_denovo_gtdb_rooted	unit_topology	coexist->dALP-only	coexist-mediated_adjacent	0.1092643494	1.113258744949756	0.15814681120218665	0.39767676723965995	0.3338122811600225	1.8927052087394896	-48.29657078093237	0.0005
archaea1338_denovo_gtdb_rooted	unit_topology	coexist->cALP-only	coexist-mediated_adjacent	4.539992976e-05	0.0002752809026655238	0.00027692455735935556	0.016641050368271695	0.0	0.03289173962447804	-48.29657078093237	0.0005
archaea1338_denovo_gtdb_rooted	unit_topology	cALP-only->dALP-only	direct_endpoint	4.539992976e-05	0.0017533789768246302	0.0017528520857013064	0.04186707639304787	0.0	0.08381284870719846	-48.29657078093237	0.0005
archaea1338_denovo_gtdb_rooted	unit_topology	cALP-only->coexist	coexist-mediated_adjacent	0.0341430036	4.1964358720948765	0.19266178460005295	0.4389325513106233	3.336128071526055	5.056743672663698	-48.29657078093237	0.0005
archaea1338_denovo_gtdb_rooted	source_branch_lengths	dALP-only->coexist	coexist-mediated_adjacent	4.539992976e-05	0.000710354781811399	0.0007101282524975735	0.026648231695509807	0.0	0.05294088890501062	-51.90100934279943	0.0005
archaea1338_denovo_gtdb_rooted	source_branch_lengths	dALP-only->cALP-only	direct_endpoint	0.08525896031	6.65482153196469	0.7903767880179657	0.8890313762843052	4.912320034447452	8.397323029481928	-51.90100934279943	0.0005
archaea1338_denovo_gtdb_rooted	source_branch_lengths	coexist->dALP-only	coexist-mediated_adjacent	0.374156007	1.1066907282296274	0.1251373073311394	0.3537475191872579	0.413345590622602	1.8000358658366529	-51.90100934279943	0.0005
archaea1338_denovo_gtdb_rooted	source_branch_lengths	coexist->cALP-only	coexist-mediated_adjacent	0.2500170995	1.135563280364238	1.2021080711595762	1.096406891240463	0.0	3.2845207871955453	-51.90100934279943	0.0005
archaea1338_denovo_gtdb_rooted	source_branch_lengths	cALP-only->dALP-only	direct_endpoint	4.539992976e-05	0.00022886725522160606	0.00022837790917643966	0.015112177512735869	0.0	0.029848735180183907	-51.90100934279943	0.0005
archaea1338_denovo_gtdb_rooted	source_branch_lengths	cALP-only->coexist	coexist-mediated_adjacent	0.1157024864	4.400129292696657	0.8123460422856017	0.9013024144456742	2.6335765603831356	6.166682025010179	-51.90100934279943	0.0005
asgard971_addcore_gtdb_rooted	unit_topology	dALP-only->coexist	coexist-mediated_adjacent	2.5683429	35.899459482292194	42.70781258715791	6.535121466901584	23.090621407165088	48.7082975574193	-89.01294952432895	0.0005
asgard971_addcore_gtdb_rooted	unit_topology	dALP-only->cALP-only	direct_endpoint	6.385958495e-05	0.0008589020315715364	0.0008610546350003763	0.029343732465389884	0.0	0.05837261766373571	-89.01294952432895	0.0005
asgard971_addcore_gtdb_rooted	unit_topology	coexist->dALP-only	coexist-mediated_adjacent	0.1968671529	35.89739601766695	25.930650342805468	5.0922146795677685	25.916655245714125	45.878136789619774	-89.01294952432895	0.0005
asgard971_addcore_gtdb_rooted	unit_topology	coexist->cALP-only	coexist-mediated_adjacent	0.03951769429	6.997090369329347	1.7028670148041176	1.3049394678697237	4.439409012304688	9.554771726354005	-89.01294952432895	0.0005
asgard971_addcore_gtdb_rooted	unit_topology	cALP-only->dALP-only	direct_endpoint	4.539992976e-05	0.02818198573824778	0.028070753425405805	0.16754328821354142	0.0	0.35656683063678896	-89.01294952432895	0.0005
asgard971_addcore_gtdb_rooted	unit_topology	cALP-only->coexist	coexist-mediated_adjacent	0.009529973942	6.788629420332389	1.1222737346846163	1.0593742184349288	4.7122559521999285	8.865002888464849	-89.01294952432895	0.0005
asgard971_addcore_gtdb_rooted	source_branch_lengths	dALP-only->coexist	coexist-mediated_adjacent	2977.483155	3652.3494625095313	96467.97762000858	310.59294521931525	3043.5872898796733	4261.111635139389	-87.36645412381836	0.0005
asgard971_addcore_gtdb_rooted	source_branch_lengths	dALP-only->cALP-only	direct_endpoint	0.02108668721	0.025634421973563803	0.02563225128445386	0.16010075354118064	0.0	0.33943189891427783	-87.36645412381836	0.0005
asgard971_addcore_gtdb_rooted	source_branch_lengths	coexist->dALP-only	coexist-mediated_adjacent	229.9455882	3651.8030689764746	96258.32114070457	310.2552515924663	3043.7027758552404	4259.903362097709	-87.36645412381836	0.0005
asgard971_addcore_gtdb_rooted	source_branch_lengths	coexist->cALP-only	coexist-mediated_adjacent	0.7819227704	12.306999958677048	12.93481597031132	3.5965005172127142	5.2578589449401285	19.356140972413968	-87.36645412381836	0.0005
asgard971_addcore_gtdb_rooted	source_branch_lengths	cALP-only->dALP-only	direct_endpoint	4.539992976e-05	0.002920736250189293	0.002909691450743897	0.053941555879895575	0.0	0.10864618577478462	-87.36645412381836	0.0005
asgard971_addcore_gtdb_rooted	source_branch_lengths	cALP-only->coexist	coexist-mediated_adjacent	0.0922572118	6.057489507760749	3.1535649564299697	1.7758279636355458	2.5768666990350795	9.53811231648642	-87.36645412381836	0.0005
asgard971_astral89_gtdb_rooted	unit_topology	dALP-only->coexist	coexist-mediated_adjacent	2.564509169	35.842692739398295	42.65775038447828	6.5312901010809705	23.041364141279594	48.644021337516996	-89.01251357847828	0.0005
asgard971_astral89_gtdb_rooted	unit_topology	dALP-only->cALP-only	direct_endpoint	0.0001094380859	0.0014716585402159883	0.0014755888363045717	0.03841339397013198	0.0	0.07676191072167467	-89.01251357847828	0.0005
asgard971_astral89_gtdb_rooted	unit_topology	coexist->dALP-only	coexist-mediated_adjacent	0.1965506528	35.841734498376354	25.882654057340915	5.087499784505245	25.870234920746075	45.81323407600664	-89.01251357847828	0.0005
asgard971_astral89_gtdb_rooted	unit_topology	coexist->cALP-only	coexist-mediated_adjacent	0.03952816602	6.998966379339795	1.7110907558996282	1.3080866775178273	4.4351164914048535	9.562816267274737	-89.01251357847828	0.0005
asgard971_astral89_gtdb_rooted	unit_topology	cALP-only->dALP-only	direct_endpoint	4.539992976e-05	0.028178959285677742	0.028077442001025094	0.16756324776341947	0.0	0.3566029249019799	-89.01251357847828	0.0005
asgard971_astral89_gtdb_rooted	unit_topology	cALP-only->coexist	coexist-mediated_adjacent	0.009528258031	6.787657467524373	1.1225350296702648	1.0594975364153825	4.711042296150223	8.864272638898523	-89.01251357847828	0.0005
asgard971_astral89_gtdb_rooted	source_branch_lengths	dALP-only->coexist	coexist-mediated_adjacent	22026.46579	291573.5872258998	263721288.40200233	16239.497787862849	259744.17156168862	323403.002890111	-133.53917718580658	0.0005
asgard971_astral89_gtdb_rooted	source_branch_lengths	dALP-only->cALP-only	direct_endpoint	0.8719706145	10.304448454590442	3.5376248869548967	1.8808574871464603	6.61796777978338	13.990929129397504	-133.53917718580658	0.0005
asgard971_astral89_gtdb_rooted	source_branch_lengths	coexist->dALP-only	coexist-mediated_adjacent	2486.587413	291592.0016770166	263806881.4909853	16242.132910765917	259757.42117191543	323426.5821821178	-133.53917718580658	0.0005
asgard971_astral89_gtdb_rooted	source_branch_lengths	coexist->cALP-only	coexist-mediated_adjacent	0.002032851309	0.21281255798063134	0.21043963253456846	0.4587369971286036	0.0	1.1119370723526945	-133.53917718580658	0.0005
asgard971_astral89_gtdb_rooted	source_branch_lengths	cALP-only->dALP-only	direct_endpoint	0.001950752023	0.8412537562965857	0.7898543875247317	0.888737524539575	0.0	2.583179304394153	-133.53917718580658	0.0005
asgard971_astral89_gtdb_rooted	source_branch_lengths	cALP-only->coexist	coexist-mediated_adjacent	0.02315097199	9.984097959758742	2.6455554973381368	1.6265163686044284	6.796125877294062	13.172070042223421	-133.53917718580658	0.0005
gtdb_r226_expanded	unit_topology	dALP-only->coexist	coexist-mediated_adjacent	0.0008572723802	1.070760980714643	0.09429686542716809	0.3070779468264826	0.46888820493473715	1.6726337564945488	-130.72532858372443	0.0005
gtdb_r226_expanded	unit_topology	dALP-only->cALP-only	direct_endpoint	0.001547194042	1.9976001859684325	0.049798463426971765	0.2231556932434657	1.5602150272112396	2.434985344725625	-130.72532858372443	0.0005
gtdb_r226_expanded	unit_topology	coexist->dALP-only	coexist-mediated_adjacent	0.03302264756	6.158645082360674	0.2059268524590152	0.4537916399175014	5.269213468122371	7.048076696598977	-130.72532858372443	0.0005
gtdb_r226_expanded	unit_topology	coexist->cALP-only	coexist-mediated_adjacent	0.04426408028	8.58273552366029	2.2504288021233756	1.5001429272317273	5.642455386286104	11.523015661034474	-130.72532858372443	0.0005
gtdb_r226_expanded	unit_topology	cALP-only->dALP-only	direct_endpoint	0.001368905974	0.8412604658521635	0.15170903111538792	0.38949843531827943	0.07784353262833588	1.604677399075991	-130.72532858372443	0.0005
gtdb_r226_expanded	unit_topology	cALP-only->coexist	coexist-mediated_adjacent	0.01376616168	8.765274105575335	1.8184475247077594	1.3484982479438967	6.122217539605297	11.408330671545372	-130.72532858372443	0.0005
gtdb_r226_expanded	source_branch_lengths	dALP-only->coexist	coexist-mediated_adjacent	0.01590584048	1.1680220079786825	0.0	0.0	1.1680220079786825	1.1680220079786825	-143.65246811248244	0.0005
gtdb_r226_expanded	source_branch_lengths	dALP-only->cALP-only	direct_endpoint	0.02595553941	1.9783087528679744	0.0	0.0	1.9783087528679744	1.9783087528679744	-143.65246811248244	0.0005
gtdb_r226_expanded	source_branch_lengths	coexist->dALP-only	coexist-mediated_adjacent	0.7359825503	7.1798376510609305	0.0	0.0	7.1798376510609305	7.1798376510609305	-143.65246811248244	0.0005
gtdb_r226_expanded	source_branch_lengths	coexist->cALP-only	coexist-mediated_adjacent	0.8024417021	8.135888095722521	0.0	0.0	8.135888095722521	8.135888095722521	-143.65246811248244	0.0005
gtdb_r226_expanded	source_branch_lengths	cALP-only->dALP-only	direct_endpoint	4.539992976e-05	0.0012829790042208817	0.0	0.0	0.0012829790042208817	0.0012829790042208817	-143.65246811248244	0.0005
gtdb_r226_expanded	source_branch_lengths	cALP-only->coexist	coexist-mediated_adjacent	0.2677687495	12.045410061512976	0.6015259354323158	0.775581030861583	10.525271241024274	13.565548882001679	-143.65246811248244	0.0005
