tree	branch_scale	transition_group	mapped_tips	fitted_log_likelihood	log_likelihood_abs_difference	posterior_mean	posterior_variance	posterior_sd	posterior_95_low_normal_approx	posterior_95_high_normal_approx	log_likelihood_recomputed	derivative_step
archaea1338_addcore_gtdb_rooted	unit_topology	coexist-mediated_adjacent	162	-27.98821884164665	8.455458555545192e-13	5.105797377827533	0.11380859869329166	0.3373553003782387	4.444580989086185	5.767013766568881	-27.988218841645804	0.0005
archaea1338_addcore_gtdb_rooted	unit_topology	direct_endpoint	162	-27.98821884164665	8.455458555545192e-13	1.0069873156594393	0.007147833732309057	0.08454486224667385	0.8412793856559586	1.17269524566292	-27.988218841645804	0.0005
archaea1338_addcore_gtdb_rooted	unit_topology	all_transitions	162	-27.98821884164665	8.455458555545192e-13	6.112784693548552	0.1258519416088196	0.35475617205176235	5.417462596327098	6.808106790770006	-27.988218841645804	0.0005
archaea1338_addcore_gtdb_rooted	source_branch_lengths	coexist-mediated_adjacent	162	-29.933939068642662	2.1316282072803006e-13	8.325907103364116	4.685432146563547	2.164585906487323	4.083318726648963	12.568495480079271	-29.93393906864245	0.0005
archaea1338_addcore_gtdb_rooted	source_branch_lengths	direct_endpoint	162	-29.933939068642662	2.1316282072803006e-13	1.0068188261224502	0.007515247091305355	0.08669052480695542	0.8369053975008176	1.1767322547440828	-29.93393906864245	0.0005
archaea1338_addcore_gtdb_rooted	source_branch_lengths	all_transitions	162	-29.933939068642662	2.1316282072803006e-13	9.332725929549923	4.709873583882048	2.170224316489438	5.079086269230625	13.58636558986922	-29.93393906864245	0.0005
archaea1338_astral64_gtdb_rooted	unit_topology	coexist-mediated_adjacent	162	-30.330892502978585	6.856737400084967e-13	8.2766150373678	3.3095663395007096	1.819221355278326	4.71094118102228	11.842288893713318	-30.3308925029779	0.0005
archaea1338_astral64_gtdb_rooted	unit_topology	direct_endpoint	162	-30.330892502978585	6.856737400084967e-13	1.004997365922596	0.009649693784770838	0.09823285491509874	0.8124609702890024	1.1975337615561894	-30.3308925029779	0.0005
archaea1338_astral64_gtdb_rooted	unit_topology	all_transitions	162	-30.330892502978585	6.856737400084967e-13	9.281612403156577	3.3098249415293894	1.8192924288110994	5.715799242686822	12.847425563626333	-30.3308925029779	0.0005
archaea1338_astral64_gtdb_rooted	source_branch_lengths	coexist-mediated_adjacent	162	-55.5104277240294	9.946631962520769e-09	371749.21225081605	2757706.3390105725	1660.6343182683454	368494.3689870101	375004.055514622	-55.510427714082766	0.0005
archaea1338_astral64_gtdb_rooted	source_branch_lengths	direct_endpoint	162	-55.5104277240294	9.946631962520769e-09	0.0044396946587236625	0.0	0.0	0.0044396946587236625	0.0044396946587236625	-55.510427714082766	0.0005
archaea1338_astral64_gtdb_rooted	source_branch_lengths	all_transitions	162	-55.5104277240294	9.946631962520769e-09	371749.251106769	2757557.737820851	1660.589575367993	368494.49553904776	375004.0066744903	-55.510427714082766	0.0005
archaea1338_denovo_gtdb_rooted	unit_topology	coexist-mediated_adjacent	162	-48.296570780932946	5.755396159656812e-13	5.310514804319173	0.54091793799671	0.7354712353292343	3.868991183073874	6.752038425564473	-48.29657078093237	0.0005
archaea1338_denovo_gtdb_rooted	unit_topology	direct_endpoint	162	-48.296570780932946	5.755396159656812e-13	6.114866676392457	0.25284220583898787	0.5028341733006896	5.129311696723105	7.100421656061808	-48.29657078093237	0.0005
archaea1338_denovo_gtdb_rooted	unit_topology	all_transitions	162	-48.296570780932946	5.755396159656812e-13	11.425381480480704	0.5560328683410868	0.745676114905853	9.963856295265233	12.886906665696175	-48.29657078093237	0.0005
archaea1338_denovo_gtdb_rooted	source_branch_lengths	coexist-mediated_adjacent	162	-51.9010093427997	2.7000623958883807e-13	6.643093655983516	2.313064603261713	1.520876261653693	3.6621761831422774	9.624011128824755	-51.90100934279943	0.0005
archaea1338_denovo_gtdb_rooted	source_branch_lengths	direct_endpoint	162	-51.9010093427997	2.7000623958883807e-13	6.655050399421232	0.7908044636906197	0.8892718727648029	4.912077528802218	8.398023270040246	-51.90100934279943	0.0005
archaea1338_denovo_gtdb_rooted	source_branch_lengths	all_transitions	162	-51.9010093427997	2.7000623958883807e-13	13.298144055337247	3.1761540787063796	1.7821767809918239	9.805077564593272	16.79121054608122	-51.90100934279943	0.0005
asgard971_addcore_gtdb_rooted	unit_topology	coexist-mediated_adjacent	445	-89.01294952432892	2.842170943040401e-14	85.58257528777109	131.63761375286262	11.473343616961126	63.09482179852729	108.0703287770149	-89.01294952432895	0.0005
asgard971_addcore_gtdb_rooted	unit_topology	direct_endpoint	445	-89.01294952432892	2.842170943040401e-14	0.029040886282416523	0.028932338598982216	0.17009508693369782	0.0	0.3624272566724642	-89.01294952432895	0.0005
asgard971_addcore_gtdb_rooted	unit_topology	all_transitions	445	-89.01294952432892	2.842170943040401e-14	85.61161617476169	131.66738161866456	11.474640805648976	63.121320195689705	108.10191215383368	-89.01294952432895	0.0005
asgard971_addcore_gtdb_rooted	source_branch_lengths	coexist-mediated_adjacent	445	-87.36645412381935	9.947598300641403e-13	7322.020912898665	387866.25621345174	622.7890944882157	6101.354287701763	8542.687538095568	-87.36645412381836	0.0005
asgard971_addcore_gtdb_rooted	source_branch_lengths	direct_endpoint	445	-87.36645412381935	9.947598300641403e-13	0.02855515573685352	0.028536229971602246	0.16892669999618842	0.0	0.3596514877293828	-87.36645412381836	0.0005
asgard971_addcore_gtdb_rooted	source_branch_lengths	all_transitions	445	-87.36645412381935	9.947598300641403e-13	7322.0494420644045	387873.90352673864	622.7952340269943	6101.370783371496	8542.728100757313	-87.36645412381836	0.0005
asgard971_astral89_gtdb_rooted	unit_topology	coexist-mediated_adjacent	445	-89.01251357847853	2.5579538487363607e-13	85.47105108418407	131.44751265296387	11.465056155682966	62.99954101904545	107.94256114932269	-89.01251357847828	0.0005
asgard971_astral89_gtdb_rooted	unit_topology	direct_endpoint	445	-89.01251357847853	2.5579538487363607e-13	0.029650620251212935	0.029546588583192108	0.1718912114774694	0.0	0.366557394747053	-89.01251357847828	0.0005
asgard971_astral89_gtdb_rooted	unit_topology	all_transitions	445	-89.01251357847853	2.5579538487363607e-13	85.50070170391659	131.47849480787954	11.466407231904837	63.02654352938311	107.97485987845008	-89.01251357847828	0.0005
asgard971_astral89_gtdb_rooted	source_branch_lengths	coexist-mediated_adjacent	445	-133.53917718466116	1.145423311754712e-09	690783.3470196042	1410968002.0171967	37562.85401852735	617160.1531432905	764406.5408959178	-133.53917718580658	0.0005
asgard971_astral89_gtdb_rooted	source_branch_lengths	direct_endpoint	445	-133.53917718466116	1.145423311754712e-09	11.145702343749045	4.390885758690881	2.0954440480935967	7.038632009485596	15.252772678012494	-133.53917718580658	0.0005
asgard971_astral89_gtdb_rooted	source_branch_lengths	all_transitions	445	-133.53917718466116	1.145423311754712e-09	690839.1998834389	1411195662.853207	37565.884294838674	617210.0666655551	764468.3331013226	-133.53917718580658	0.0005
gtdb_r226_expanded	unit_topology	coexist-mediated_adjacent	1253	-130.72532858372495	5.115907697472721e-13	24.57741569250042	2.619094127946179	1.6183615566202068	21.405427041524813	27.749404343476026	-130.72532858372443	0.0005
gtdb_r226_expanded	unit_topology	direct_endpoint	1253	-130.72532858372495	5.115907697472721e-13	2.838860652114287	0.20386378688878418	0.4515127759972958	1.953895611159587	3.723825693068987	-130.72532858372443	0.0005
gtdb_r226_expanded	unit_topology	all_transitions	1253	-130.72532858372495	5.115907697472721e-13	27.41627634462418	2.096639140821329	1.447977603701566	24.57824024136911	30.25431244787925	-130.72532858372443	0.0005
gtdb_r226_expanded	source_branch_lengths	coexist-mediated_adjacent	1253	-143.6524684626605	3.5017805544157454e-07	28.529223982478886	2.175585535724167	1.4749866222187127	25.63825020293021	31.420197762027563	-143.65246811248244	0.0005
gtdb_r226_expanded	source_branch_lengths	direct_endpoint	1253	-143.6524684626605	3.5017805544157454e-07	1.9795113316689594	0.0	0.0	1.9795113316689594	1.9795113316689594	-143.65246811248244	0.0005
gtdb_r226_expanded	source_branch_lengths	all_transitions	1253	-143.6524684626605	3.5017805544157454e-07	30.508500267904044	3.353757383213936	1.8313266729925428	26.91909998883866	34.09790054696943	-143.65246811248244	0.0005
