gene_id	host_id	include
GCA_000247545.1|G0000001	GCA_000247545.1	1
GCA_000247545.1|G0000002	GCA_000247545.1	1
GCA_000380705.1|G0000003	GCA_000380705.1	1
GCA_000495735.1|G0000004	GCA_000495735.1	1
GCA_000495735.1|G0000005	GCA_000495735.1	1
GCA_000495735.1|G0000006	GCA_000495735.1	1
GCA_000508305.1|G0000007	GCA_000508305.1	1
GCA_000508305.1|G0000008	GCA_000508305.1	1
GCA_000565255.1|G0000009	GCA_000565255.1	1
GCA_000565255.1|G0000010	GCA_000565255.1	1
GCA_000960885.1|G0000011	GCA_000960885.1	1
GCA_000960885.1|G0000012	GCA_000960885.1	1
GCA_001516585.1|G0000013	GCA_001516585.1	1
GCA_002502685.1|G0000014	GCA_002502685.1	1
GCA_002844335.1|G0000015	GCA_002844335.1	1
GCA_002844335.1|G0000016	GCA_002844335.1	1
GCA_002898355.1|G0000017	GCA_002898355.1	1
GCA_002898355.1|G0000018	GCA_002898355.1	1
GCA_002898395.1|G0000019	GCA_002898395.1	1
GCA_002898395.1|G0000020	GCA_002898395.1	1
GCA_003019595.1|G0000021	GCA_003019595.1	1
GCA_003021085.1|G0000022	GCA_003021085.1	1
GCA_003056265.1|G0000023	GCA_003056265.1	1
GCA_003056285.1|G0000024	GCA_003056285.1	1
GCA_003116855.1|G0000025	GCA_003116855.1	1
GCA_003601775.1|G0000026	GCA_003601775.1	1
GCA_003661775.1|G0000027	GCA_003661775.1	1
GCA_004348015.1|G0000028	GCA_004348015.1	1
GCA_004348015.1|G0000029	GCA_004348015.1	1
GCA_007118075.1|G0000030	GCA_007118075.1	1
GCA_007118975.1|G0000031	GCA_007118975.1	1
GCA_007122875.1|G0000032	GCA_007122875.1	1
GCA_009903825.1|G0000033	GCA_009903825.1	1
GCA_009903825.1|G0000034	GCA_009903825.1	1
GCA_009903825.1|G0000035	GCA_009903825.1	1
GCA_015520395.1|G0000036	GCA_015520395.1	1
GCA_015520395.1|G0000037	GCA_015520395.1	1
GCA_015520425.1|G0000038	GCA_015520425.1	1
GCA_015520735.1|G0000039	GCA_015520735.1	1
GCA_015521115.1|G0000040	GCA_015521115.1	1
GCA_015521115.1|G0000041	GCA_015521115.1	1
GCA_015521295.1|G0000042	GCA_015521295.1	1
GCA_015521685.1|G0000043	GCA_015521685.1	1
GCA_015522695.1|G0000044	GCA_015522695.1	1
GCA_015522695.1|G0000045	GCA_015522695.1	1
GCA_015661775.1|G0000046	GCA_015661775.1	1
GCA_015661775.1|G0000047	GCA_015661775.1	1
GCA_016180375.1|G0000048	GCA_016180375.1	1
GCA_016180375.1|G0000049	GCA_016180375.1	1
GCA_016184315.1|G0000050	GCA_016184315.1	1
GCA_016187565.1|G0000051	GCA_016187565.1	1
GCA_016205145.1|G0000052	GCA_016205145.1	1
GCA_016294985.1|G0000053	GCA_016294985.1	1
GCA_016294985.1|G0000054	GCA_016294985.1	1
GCA_016806715.1|G0000055	GCA_016806715.1	1
GCA_016871995.1|G0000056	GCA_016871995.1	1
GCA_016928115.1|G0000057	GCA_016928115.1	1
GCA_016930055.1|G0000058	GCA_016930055.1	1
GCA_017857595.1|G0000059	GCA_017857595.1	1
GCA_017857595.1|G0000060	GCA_017857595.1	1
GCA_018303125.1|G0000061	GCA_018303125.1	1
GCA_018396695.1|G0000062	GCA_018396695.1	1
GCA_018396695.1|G0000063	GCA_018396695.1	1
GCA_018396695.1|G0000064	GCA_018396695.1	1
GCA_019704295.1|G0000065	GCA_019704295.1	1
GCA_020355125.1|G0000066	GCA_020355125.1	1
GCA_021158865.1|G0000067	GCA_021158865.1	1
GCA_021158865.1|G0000068	GCA_021158865.1	1
GCA_021160575.1|G0000069	GCA_021160575.1	1
GCA_021160575.1|G0000070	GCA_021160575.1	1
GCA_021324115.1|G0000071	GCA_021324115.1	1
GCA_021324265.1|G0000072	GCA_021324265.1	1
GCA_023008585.1|G0000073	GCA_023008585.1	1
GCA_023254095.1|G0000074	GCA_023254095.1	1
GCA_023254095.1|G0000075	GCA_023254095.1	1
GCA_025041175.1|G0000076	GCA_025041175.1	1
GCA_025041175.1|G0000077	GCA_025041175.1	1
GCA_025059745.1|G0000078	GCA_025059745.1	1
GCA_025059745.1|G0000079	GCA_025059745.1	1
GCA_026015035.1|G0000080	GCA_026015035.1	1
GCA_026015035.1|G0000081	GCA_026015035.1	1
GCA_026990885.1|G0000082	GCA_026990885.1	1
GCA_027002815.1|G0000083	GCA_027002815.1	1
GCA_027002815.1|G0000084	GCA_027002815.1	1
GCA_027083135.1|G0000085	GCA_027083135.1	1
GCA_028275105.1|G0000086	GCA_028275105.1	1
GCA_028275105.1|G0000087	GCA_028275105.1	1
GCA_028279765.1|G0000088	GCA_028279765.1	1
GCA_029259245.1|G0000089	GCA_029259245.1	1
GCA_029775995.1|G0000090	GCA_029775995.1	1
GCA_029776125.1|G0000091	GCA_029776125.1	1
GCA_030734185.1|G0000092	GCA_030734185.1	1
GCA_031852275.1|G0000093	GCA_031852275.1	1
GCA_031852275.1|G0000094	GCA_031852275.1	1
GCA_033581555.1|G0000095	GCA_033581555.1	1
GCA_033581555.1|G0000096	GCA_033581555.1	1
GCA_033581555.1|G0000097	GCA_033581555.1	1
GCA_034190325.1|G0000098	GCA_034190325.1	1
GCA_034190395.1|G0000099	GCA_034190395.1	1
GCA_035269625.1|G0000100	GCA_035269625.1	1
GCA_035289425.1|G0000101	GCA_035289425.1	1
GCA_038727495.1|G0000102	GCA_038727495.1	1
GCA_038728585.1|G0000103	GCA_038728585.1	1
GCA_038845265.1|G0000104	GCA_038845265.1	1
GCA_038852135.1|G0000105	GCA_038852135.1	1
GCA_038878695.1|G0000106	GCA_038878695.1	1
GCA_038878695.1|G0000107	GCA_038878695.1	1
GCA_038881895.1|G0000108	GCA_038881895.1	1
GCA_038881895.1|G0000109	GCA_038881895.1	1
GCA_038883055.1|G0000110	GCA_038883055.1	1
GCA_038886535.1|G0000111	GCA_038886535.1	1
GCA_040290255.1|G0000112	GCA_040290255.1	1
GCA_040514295.1|G0000113	GCA_040514295.1	1
GCA_040514295.1|G0000114	GCA_040514295.1	1
GCA_046543335.1|G0000115	GCA_046543335.1	1
GCA_052246955.1|G0000116	GCA_052246955.1	1
GCA_052246955.1|G0000117	GCA_052246955.1	1
GCA_963999255.1|G0000118	GCA_963999255.1	1
GCA_963999255.1|G0000119	GCA_963999255.1	1
GCF_000007305.1|G0000120	GCF_000007305.1	1
GCF_000007305.1|G0000121	GCF_000007305.1	1
GCF_000018305.1|G0000122	GCF_000018305.1	1
GCF_000025325.1|G0000123	GCF_000025325.1	1
GCF_000148385.1|G0000124	GCF_000148385.1	1
GCF_000148385.1|G0000125	GCF_000148385.1	1
GCF_000148385.1|G0000126	GCF_000148385.1	1
GCF_000237865.1|G0000127	GCF_000237865.1	1
GCF_000258425.1|G0000128	GCF_000258425.1	1
GCF_000306765.2|G0000129	GCF_000306765.2	1
GCF_000306765.2|G0000130	GCF_000306765.2	1
GCF_001485535.1|G0000131	GCF_001485535.1	1
GCF_013340765.1|G0000132	GCF_013340765.1	1
GCF_014647115.1|G0000133	GCF_014647115.1	1
GCF_014647115.1|G0000134	GCF_014647115.1	1
GCF_017094485.1|G0000135	GCF_017094485.1	1
GCF_017094485.1|G0000136	GCF_017094485.1	1
GCF_021083305.1|G0000137	GCF_021083305.1	1
GCF_021083305.1|G0000138	GCF_021083305.1	1
GCF_021083305.1|G0000139	GCF_021083305.1	1
GCF_024227995.1|G0000140	GCF_024227995.1	1
GCF_024227995.1|G0000141	GCF_024227995.1	1
GCF_026242195.1|G0000142	GCF_026242195.1	1
GCF_026242195.1|G0000143	GCF_026242195.1	1
GCF_029338295.1|G0000144	GCF_029338295.1	1
GCF_029338295.1|G0000145	GCF_029338295.1	1
GCF_030287405.1|G0000146	GCF_030287405.1	1
GCF_030287405.1|G0000147	GCF_030287405.1	1
GCF_036429475.1|G0000148	GCF_036429475.1	1
GCF_036429475.1|G0000149	GCF_036429475.1	1
GOMC.bin.12150|G0000150	GOMC.bin.12150	1
GOMC.bin.18048|G0000151	GOMC.bin.18048	1
GOMC.bin.18829|G0000152	GOMC.bin.18829	1
GOMC.bin.2847|G0000153	GOMC.bin.2847	1
GOMC.bin.2890|G0000154	GOMC.bin.2890	1
GOMC.bin.5632|G0000155	GOMC.bin.5632	1
GOMC.bin.8300|G0000156	GOMC.bin.8300	1
GOMC.bin.9202|G0000157	GOMC.bin.9202	1
