case_id	status	n_hosts	n_single	n_coexist	coexist_fraction	p_cluster	r_hat	A_hat	logL_null	logL_free	delta_logL	p_persistence_one_sided	persistence_status
archaea1338__OG0000244	COMPLETE	318	193	125	0.39308176100628933	0.0001	27.976509291559367	0.22836672958558513	-212.99600367682075	-168.55817468159373	44.43782899522702	2.102125171486096e-21	COEXIST_PERSISTENCE_SUPPORTED
archaea1338__OG0000345	COMPLETE	338	299	39	0.11538461538461539	0.0013	7.629611745524212	0.12143367699611302	-120.52353294447065	-114.37192848629076	6.151604458179889	0.00022609010345084823	COEXIST_PERSISTENCE_SUPPORTED
archaea1338__OG0000355	COMPLETE	248	194	54	0.21774193548387097	0.0001	77.68235444649268	0.0726198640220025	-129.5603095249931	-72.32043326776066	57.23987625723244	5.115277131281122e-27	COEXIST_PERSISTENCE_SUPPORTED
archaea1338__OG0000455	COMPLETE	295	237	58	0.19661016949152543	0.0001	18.137012511399384	0.12551819113044624	-145.86745181859987	-120.87613308778171	24.991318730818165	7.755622530680987e-13	COEXIST_PERSISTENCE_SUPPORTED
archaea1338__OG0000477	COMPLETE	257	198	59	0.22957198443579765	0.0001	17.028983560952184	0.1643173454721771	-138.23203216565796	-119.98614422829452	18.245887937363435	7.665587636943821e-10	COEXIST_PERSISTENCE_SUPPORTED
archaea1338__OG0000566	COMPLETE	272	237	35	0.12867647058823528	0.0001	25.093149688137935	0.06570703440304299	-103.82298058320896	-77.15202032167409	26.670960261534873	1.4013076924877912e-13	COEXIST_PERSISTENCE_SUPPORTED
archaea1338__OG0000637	COMPLETE	197	112	85	0.43147208121827413	0.0001	20.035707245016862	0.33529862947060485	-134.66797225566378	-118.711220540625	15.956751715038777	8.059633899395835e-09	COEXIST_PERSISTENCE_SUPPORTED
archaea1338__OG0000648	COMPLETE	251	210	41	0.16334661354581673	0.0001	31.552633175135718	0.07270649371473087	-111.2866063931196	-78.88399847714086	32.402607915978734	4.1340001260389887e-16	COEXIST_PERSISTENCE_SUPPORTED
archaea1338__OG0000688	COMPLETE	227	174	53	0.23348017621145375	0.0001	33.616536185716434	0.0789350133373833	-123.1045638019683	-82.47279672476422	40.631767077204074	9.876906217678398e-20	COEXIST_PERSISTENCE_SUPPORTED
archaea1338__OG0000701	COMPLETE	195	135	60	0.3076923076923077	0.0001	15.880366860171986	0.2233297137298199	-120.30881423558709	-108.01606653317197	12.292747702415127	3.5542390749112487e-07	COEXIST_PERSISTENCE_SUPPORTED
archaea1338__OG0000710	COMPLETE	196	130	66	0.336734693877551	0.0001	13.502123885974719	0.2867274524225068	-125.16679657858107	-114.15144929398845	11.015347284592622	1.3416245653516953e-06	COEXIST_PERSISTENCE_SUPPORTED
archaea1338__OG0000762	COMPLETE	236	195	41	0.17372881355932204	0.0001	18.477861631218374	0.09347529132201447	-108.6773411144174	-88.13034232247074	20.546998791946663	7.254060190898643e-11	COEXIST_PERSISTENCE_SUPPORTED
archaea1338__OG0000843	COMPLETE	246	221	25	0.1016260162601626	0.0001	23.856931780025974	0.05789178572406521	-80.24705562628326	-60.933031943761655	19.3140236825216	2.563837564894407e-10	COEXIST_PERSISTENCE_SUPPORTED
archaea1338__OG0000979	COMPLETE	146	73	73	0.5	0.0003	13.458590236120154	0.48978718923980435	-101.19336286801334	-94.24798235340987	6.945380514603471	9.687426885285082e-05	COEXIST_PERSISTENCE_SUPPORTED
archaea1338__OG0001050	COMPLETE	172	127	45	0.2616279069767442	0.0026	7.980867682905121	0.2847522676085844	-98.73921863239457	-93.54774413446798	5.191474497926592	0.0006359219525889046	COEXIST_PERSISTENCE_SUPPORTED
archaea1338__OG0001088	COMPLETE	122	67	55	0.45081967213114754	0.0001	20.49410894180154	0.3122681728456551	-83.9491506935596	-70.19516871198707	13.753981981572537	7.822447918945468e-08	COEXIST_PERSISTENCE_SUPPORTED
archaea1338__OG0001103	COMPLETE	126	74	52	0.4126984126984127	0.0001	16.283223773993193	0.3503360116369031	-85.375347548961	-75.75419081352547	9.621156735435534	5.756649614546346e-06	COEXIST_PERSISTENCE_SUPPORTED
archaea1338__OG0001243	COMPLETE	164	114	50	0.3048780487804878	0.0023	8.525030296361079	0.326766313055707	-100.7815175533664	-96.58693677145328	4.194580781913118	0.0018873249201322992	COEXIST_PERSISTENCE_SUPPORTED
archaea1338__OG0001360	COMPLETE	121	85	36	0.2975206611570248	0.0001	26.854880121038637	0.1429384096468663	-73.56740833194135	-55.06732885194964	18.50007947999171	5.90598081766754e-10	COEXIST_PERSISTENCE_SUPPORTED
archaea1338__OG0001449	COMPLETE	134	86	48	0.3582089552238806	0.0001	15.010922103232677	0.32117826327149324	-87.37818329461707	-79.25911929163273	8.119064002984345	2.7929260280892704e-05	COEXIST_PERSISTENCE_SUPPORTED
archaea1338__OG0001565	COMPLETE	130	85	45	0.34615384615384615	0.0031	10.136660050272027	0.35116722031896996	-83.83682436853012	-80.56564553540053	3.271178833129582	0.005266782951796453	COEXIST_PERSISTENCE_SUPPORTED
archaea1338__OG0001568	COMPLETE	167	140	27	0.16167664670658682	0.0002	16.777345175637535	0.10816548270703409	-73.6407217203965	-61.96698502663347	11.673736693763026	6.761050614851385e-07	COEXIST_PERSISTENCE_SUPPORTED
archaea1338__OG0001580	COMPLETE	107	52	55	0.514018691588785	0.0003	14.005139720588621	0.4980312710268288	-74.12149167513661	-69.09159246210137	5.029899213035236	0.00075769902930705	COEXIST_PERSISTENCE_SUPPORTED
archaea1338__OG0001589	COMPLETE	158	124	34	0.21518987341772153	0.0669	5.7002058518767	0.2759244995127894	-82.27906259373334	-81.39680750284121	0.8822550908921301	0.09203147456960732	COEXIST_OBSERVED_NULL_BOUNDARY
archaea1338__OG0001771	COMPLETE	142	102	40	0.28169014084507044	0.0001	36.58154618036141	0.15614768363591	-84.32767122460056	-63.53989087031597	20.787780354284592	5.6701031754070735e-11	COEXIST_PERSISTENCE_SUPPORTED
archaea1338__OG0001785	COMPLETE	120	80	40	0.3333333333333333	0.0051	9.53505974095495	0.3435539463626385	-76.35356814449158	-72.74913924736852	3.604428897123057	0.003627232350245444	COEXIST_PERSISTENCE_SUPPORTED
archaea1338__OG0001791	COMPLETE	117	85	32	0.27350427350427353	0.0001	19.68102205038739	0.20235427618252286	-68.52487379804805	-57.249558847825284	11.275314950222764	1.0233870480465168e-06	R_NOT_IDENTIFIABLE
archaea1338__OG0001833	COMPLETE	105	63	42	0.4	0.0004	14.323019614458856	0.3446477666405523	-70.64387525741766	-63.78781884549154	6.856056411926119	0.0001065378965822493	COEXIST_PERSISTENCE_SUPPORTED
archaea1338__OG0002358	COMPLETE	107	63	44	0.411214953271028	0.1468	2.4888721364048725	0.912732418140393	-72.47069256324943	-72.44317332074822	0.027519242501213625	0.40725850876486935	COEXIST_OBSERVED_NULL_BOUNDARY
archaea1338__OG0002388	COMPLETE	127	101	26	0.2047244094488189	0.1546	9.758156196391845	0.18586088893067448	-64.33190389975252	-62.07673156659313	2.2551723331593863	0.01684522558923309	COEXIST_PERSISTENCE_SUPPORTED
archaea1338__OG0002523	COMPLETE	121	92	29	0.2396694214876033	0.0001	18.115498311894346	0.17748082338456356	-66.57542076228553	-58.39148112163171	8.183939640653819	2.6080877162051135e-05	COEXIST_PERSISTENCE_SUPPORTED
