host_id	state	n_A	n_B	order
ERR2282092_bin.34	B-only	0	1	Methanomassiliicoccales
GCA_000306725.1	B-only	0	1	Methanosarcinales
GCA_001412355.1	A+B coexist	1	1	Methanomicrobiales
GCA_001509375.1	A-only	2	0	Methanotrichales
GCA_001587575.1	B-only	0	1	Methanofastidiosales
GCA_001593865.1	B-only	0	1	B24
GCA_001593935.1	B-only	0	2	Bathyarchaeales
GCA_001940655.1	B-only	0	1	Sigynarchaeales
GCA_002067095.1	A-only	1	0	Methanomicrobiales
GCA_002067315.1	A-only	2	0	Methanocellales
GCA_002067795.1	A+B coexist	1	1	Methanotrichales
GCA_002067865.1	B-only	0	3	Methanomassiliicoccales
GCA_002490245.1	B-only	0	1	Bathyarchaeales
GCA_002494765.1	B-only	0	1	UBA186
GCA_002496395.1	A+B coexist	1	1	Methanomicrobiales
GCA_002499905.1	A-only	3	0	Methanomicrobiales
GCA_002501765.1	A-only	1	0	Methanotrichales
GCA_002503135.1	A-only	1	0	Methanomicrobiales
GCA_002507245.1	A-only	1	0	Bathyarchaeales
GCA_002508545.1	B-only	0	1	Methanomassiliicoccales
GCA_002839545.1	B-only	0	2	Methanosarcinales
GCA_003104905.1	B-only	0	2	Methanosarcinales
GCA_003345595.1	B-only	0	1	Thorarchaeales
GCA_004376295.1	B-only	0	1	Bathyarchaeales
GCA_004524445.1	B-only	0	1	Thorarchaeales
GCA_005223125.1	B-only	0	1	Sigynarchaeales
GCA_008080745.1	B-only	0	1	Thorarchaeales
GCA_011046235.1	B-only	0	1	UBA10834
GCA_011048835.1	A+B coexist	1	1	Methanomicrobiales
GCA_013166775.1	B-only	0	1	Heimdallarchaeales
GCA_013415695.1	B-only	0	1	Methanomassiliicoccales
GCA_014728035.1	B-only	0	1	Thorarchaeales
GCA_014730165.1	B-only	0	1	Sigynarchaeales
GCA_014859725.1	B-only	0	2	Methanosarcinales
GCA_015660865.1	A-only	2	0	Methanomicrobiales
GCA_015660915.1	A-only	1	0	Bog-38
GCA_016177615.1	B-only	0	1	Woesearchaeales
GCA_016550395.1	B-only	0	2	Hermodarchaeales
GCA_016839295.1	B-only	0	1	Hodarchaeales
GCA_016839425.1	B-only	0	1	Sigynarchaeales
GCA_016839445.1	B-only	0	2	Thorarchaeales
GCA_016840065.1	B-only	0	3	Hermodarchaeales
GCA_016840135.1	B-only	0	1	Hermodarchaeales
GCA_016840465.1	B-only	0	1	Baldrarchaeales
GCA_016841265.1	B-only	0	7	Methanosarcinales
GCA_016841485.1	A+B coexist	1	1	Methanomicrobiales
GCA_016926735.1	B-only	0	2	Sigynarchaeales
GCA_016937345.1	A-only	1	0	Methanomicrobiales
GCA_017395275.1	B-only	0	3	Methanomassiliicoccales
GCA_017601265.1	B-only	0	1	EX4484-205
GCA_018396695.1	B-only	0	1	TCS64
GCA_018397035.1	B-only	0	2	40CM-2-53-6
GCA_018992685.1	B-only	0	1	Methanofastidiosales
GCA_019057385.1	B-only	0	1	Borrarchaeales
GCA_019057475.1	B-only	0	3	Thorarchaeales
GCA_019058165.1	B-only	0	1	JABLTI01
GCA_019058315.1	B-only	0	1	Helarchaeales
GCA_019058445.1	B-only	0	2	Sigynarchaeales
GCA_019058495.1	B-only	0	1	Atabeyarchaeales
GCA_019429385.1	B-only	0	1	Methanosarcinales
GCA_019894715.1	B-only	0	2	Sigynarchaeales
GCA_020348985.1	B-only	0	2	Thorarchaeales
GCA_020355125.1	B-only	0	1	RBG-16-48-13
GCA_020854825.1	B-only	0	1	Anstonellales
GCA_020854925.1	B-only	0	1	Methanofastidiosales
GCA_022848865.1	B-only	0	1	RBG-16-68-12
GCA_023229165.1	A-only	1	0	Methanotrichales
GCA_023252215.1	B-only	0	1	IMC4
GCA_025839675.1	B-only	0	1	Sigynarchaeales
GCA_026014495.1	B-only	0	1	Bathyarchaeales
GCA_026014815.1	B-only	0	4	TCS64
GCA_026015035.1	B-only	0	1	RBG-16-48-13
GCA_026015185.1	B-only	0	1	40CM-2-53-6
GCA_026015225.1	B-only	0	2	40CM-2-53-6
GCA_026058435.1	B-only	0	1	GW2011-AR5
GCA_027491455.1	B-only	0	1	JAOZGF01
GCA_028279595.1	B-only	0	1	JAKEGO01
GCA_028678665.1	A-only	2	0	Methanomicrobiales
GCA_029210805.1	B-only	0	1	Thorarchaeales
GCA_029258925.1	B-only	0	1	EX4484-217-1
GCA_029838175.1	B-only	0	1	Sigynarchaeales
GCA_029856295.1	B-only	0	2	Sigynarchaeales
GCA_029858465.1	B-only	0	1	UBA10834
GCA_029907705.1	A-only	3	0	Methanomicrobiales
GCA_029934005.1	B-only	0	1	Bathyarchaeales
GCA_030019205.1	A-only	1	0	Methanomicrobiales
GCA_030606525.1	B-only	0	1	JAUWGG01
GCA_030612005.1	B-only	0	1	Thorarchaeales
GCA_030612265.1	B-only	0	1	Sigynarchaeales
GCA_030638685.1	B-only	0	1	Heimdallarchaeales
GCA_034190145.1	B-only	0	1	DAOWMC01
GCA_034660795.1	B-only	0	1	JABLTI01
GCA_034660895.1	B-only	0	3	Bathyarchaeales
GCA_035624185.1	A-only	1	0	Bog-38
GCA_036733165.1	B-only	0	1	Methanofastidiosales
GCA_037308085.1	B-only	0	1	Atabeyarchaeales
GCA_037310415.1	B-only	0	1	Atabeyarchaeales
GCA_038046545.1	B-only	0	1	Woesearchaeales
GCA_038819355.1	B-only	0	1	Jordiarchaeales
GCA_038820475.1	B-only	0	1	Jordiarchaeales
GCA_038825615.1	B-only	0	1	Jordiarchaeales
GCA_040776445.1	A+B coexist	1	3	Methanomicrobiales
GCA_046539605.1	B-only	0	1	Methanomassiliicoccales
GCA_046546175.1	B-only	0	3	Methanosarcinales
GCA_048882045.1	B-only	0	2	Thorarchaeales
GCA_048938295.1	B-only	0	1	Hermodarchaeales
GCA_048939465.1	B-only	0	1	Odinarchaeales
GCA_054381495.1	B-only	0	2	Thorarchaeales
GCA_054384595.1	B-only	0	1	Sigynarchaeales
GCA_054385715.1	B-only	0	1	Jordiarchaeales
GCA_054388035.1	B-only	0	1	Heimdallarchaeales
GCA_054390655.1	B-only	0	2	Thorarchaeales
GCA_905202485.1	B-only	0	1	Methanomassiliicoccales
GCA_963677995.1	B-only	0	1	Methanomicrobiales
GCA_964297655.1	B-only	0	1	Methanomassiliicoccales
GCA_974486395.1	B-only	0	3	Methanosarcinales
GCF_000011005.1	A-only	2	0	Methanocellales
GCF_000016125.1	B-only	0	2	Methanococcales
GCF_000275865.1	A+B coexist	2	1	Methanomicrobiales
GCF_000308215.1	A+B coexist	1	1	Methanomassiliicoccales
GCF_000327485.1	A+B coexist	2	1	Methanomicrobiales
GCF_004102725.1	A-only	3	0	Methanomicrobiales
GCF_021023085.1	A-only	3	0	Methanocellales
GOMC.bin.2843	B-only	0	1	Bathyarchaeales
GOMC.bin.2895	B-only	0	1	Thermofilales
GOMC.bin.4375	B-only	0	2	Methanofastidiosales
GOMC.bin.5642	B-only	0	1	Bathyarchaeales
GOMC.bin.7984	B-only	0	1	Helarchaeales
GOMC.bin.831	A-only	1	0	Methanomicrobiales
GOMC.bin.9181	B-only	0	1	Sigynarchaeales
