host_id	n_genes	state
ERR2282092_bin.34	1	single
GCA_000306725.1	1	single
GCA_001412355.1	2	coexist_2plus
GCA_001509375.1	2	coexist_2plus
GCA_001587575.1	1	single
GCA_001593865.1	1	single
GCA_001593935.1	2	coexist_2plus
GCA_001940655.1	1	single
GCA_002067095.1	1	single
GCA_002067315.1	2	coexist_2plus
GCA_002067795.1	2	coexist_2plus
GCA_002067865.1	3	coexist_2plus
GCA_002490245.1	1	single
GCA_002494765.1	1	single
GCA_002496395.1	2	coexist_2plus
GCA_002499905.1	3	coexist_2plus
GCA_002501765.1	1	single
GCA_002503135.1	1	single
GCA_002507245.1	1	single
GCA_002508545.1	1	single
GCA_002839545.1	2	coexist_2plus
GCA_003104905.1	2	coexist_2plus
GCA_003345595.1	1	single
GCA_004376295.1	1	single
GCA_004524445.1	1	single
GCA_005223125.1	1	single
GCA_008080745.1	1	single
GCA_011046235.1	1	single
GCA_011048835.1	2	coexist_2plus
GCA_013166775.1	1	single
GCA_013415695.1	1	single
GCA_014728035.1	1	single
GCA_014730165.1	1	single
GCA_014859725.1	2	coexist_2plus
GCA_015660865.1	2	coexist_2plus
GCA_015660915.1	1	single
GCA_016177615.1	1	single
GCA_016550395.1	2	coexist_2plus
GCA_016839295.1	1	single
GCA_016839425.1	1	single
GCA_016839445.1	2	coexist_2plus
GCA_016840065.1	3	coexist_2plus
GCA_016840135.1	1	single
GCA_016840465.1	1	single
GCA_016841265.1	7	coexist_2plus
GCA_016841485.1	2	coexist_2plus
GCA_016926735.1	2	coexist_2plus
GCA_016937345.1	1	single
GCA_017395275.1	3	coexist_2plus
GCA_017601265.1	1	single
GCA_018396695.1	1	single
GCA_018397035.1	2	coexist_2plus
GCA_018992685.1	1	single
GCA_019057385.1	1	single
GCA_019057475.1	3	coexist_2plus
GCA_019058165.1	1	single
GCA_019058315.1	1	single
GCA_019058445.1	2	coexist_2plus
GCA_019058495.1	1	single
GCA_019429385.1	1	single
GCA_019894715.1	2	coexist_2plus
GCA_020348985.1	2	coexist_2plus
GCA_020355125.1	1	single
GCA_020854825.1	1	single
GCA_020854925.1	1	single
GCA_022848865.1	1	single
GCA_023229165.1	1	single
GCA_023252215.1	1	single
GCA_025839675.1	1	single
GCA_026014495.1	1	single
GCA_026014815.1	4	coexist_2plus
GCA_026015035.1	1	single
GCA_026015185.1	1	single
GCA_026015225.1	2	coexist_2plus
GCA_026058435.1	1	single
GCA_027491455.1	1	single
GCA_028279595.1	1	single
GCA_028678665.1	2	coexist_2plus
GCA_029210805.1	1	single
GCA_029258925.1	1	single
GCA_029838175.1	1	single
GCA_029856295.1	2	coexist_2plus
GCA_029858465.1	1	single
GCA_029907705.1	3	coexist_2plus
GCA_029934005.1	1	single
GCA_030019205.1	1	single
GCA_030606525.1	1	single
GCA_030612005.1	1	single
GCA_030612265.1	1	single
GCA_030638685.1	1	single
GCA_034190145.1	1	single
GCA_034660795.1	1	single
GCA_034660895.1	3	coexist_2plus
GCA_035624185.1	1	single
GCA_036733165.1	1	single
GCA_037308085.1	1	single
GCA_037310415.1	1	single
GCA_038046545.1	1	single
GCA_038819355.1	1	single
GCA_038820475.1	1	single
GCA_038825615.1	1	single
GCA_040776445.1	4	coexist_2plus
GCA_046539605.1	1	single
GCA_046546175.1	3	coexist_2plus
GCA_048882045.1	2	coexist_2plus
GCA_048938295.1	1	single
GCA_048939465.1	1	single
GCA_054381495.1	2	coexist_2plus
GCA_054384595.1	1	single
GCA_054385715.1	1	single
GCA_054388035.1	1	single
GCA_054390655.1	2	coexist_2plus
GCA_905202485.1	1	single
GCA_963677995.1	1	single
GCA_964297655.1	1	single
GCA_974486395.1	3	coexist_2plus
GCF_000011005.1	2	coexist_2plus
GCF_000016125.1	2	coexist_2plus
GCF_000275865.1	3	coexist_2plus
GCF_000308215.1	2	coexist_2plus
GCF_000327485.1	3	coexist_2plus
GCF_004102725.1	3	coexist_2plus
GCF_021023085.1	3	coexist_2plus
GOMC.bin.2843	1	single
GOMC.bin.2895	1	single
GOMC.bin.4375	2	coexist_2plus
GOMC.bin.5642	1	single
GOMC.bin.7984	1	single
GOMC.bin.831	1	single
GOMC.bin.9181	1	single
