tree	branch_scale	model	root_mode	k	log_likelihood	AIC	success	gradient_max	n_starts	rates	n_tips	dALP_only	coexist	cALP_only	delta_AIC
archaea1338_addcore_gtdb_rooted	unit_topology	adjacency_coexist_middle	stationary	4	-30.626695548925564	69.25339109785114	TRUE	4.61852781050962e-06	5	dALP-only->coexist:0.004053676369;coexist->dALP-only:0.07683067279;coexist->cALP-only:0.2789786231;cALP-only->coexist:0.02946624901	162	85	8	69	1.2769534145578376
archaea1338_addcore_gtdb_rooted	unit_topology	adjacency_cALP_middle	stationary	4	-33.36200854117885	74.7240170823577	TRUE	8.526512880940836e-06	5	dALP-only->cALP-only:0.004102038696;cALP-only->dALP-only:0.009646034425;cALP-only->coexist:0.03138923581;coexist->cALP-only:0.2669394118	162	85	8	69	6.747579399064406
archaea1338_addcore_gtdb_rooted	unit_topology	adjacency_dALP_middle	stationary	4	-48.910598763296136	105.82119752659227	TRUE	1.0658141101176045e-05	5	cALP-only->dALP-only:0.02958465571;dALP-only->cALP-only:0.00552642948;dALP-only->coexist:0.02749942124;coexist->dALP-only:0.1201686349	162	85	8	69	37.844759843298974
archaea1338_addcore_gtdb_rooted	unit_topology	ancestral_coexist_divergence	coexist	2	-35.56291503263859	75.12583006527719	TRUE	2.131628220235209e-06	5	coexist->dALP-only:0.1081816896;coexist->cALP-only:0.3242789893	162	85	8	69	7.149392381983887
archaea1338_addcore_gtdb_rooted	unit_topology	ARD_unrestricted	stationary	6	-27.98821884164665	67.9764376832933	TRUE	0.007577937649880096	5	dALP-only->coexist:4.539992976e-05;dALP-only->cALP-only:0.004927094093;coexist->dALP-only:0.09255392139;coexist->cALP-only:4.539992976e-05;cALP-only->dALP-only:4.539992976e-05;cALP-only->coexist:0.02969286976	162	85	8	69	0.0
archaea1338_addcore_gtdb_rooted	source_branch_lengths	adjacency_coexist_middle	stationary	4	-31.018112414723294	70.03622482944658	TRUE	4.618527759233661e-06	5	dALP-only->coexist:0.01373924041;coexist->dALP-only:0.2903723506;coexist->cALP-only:1.967229446;cALP-only->coexist:0.1403446904	162	85	8	69	0.0
archaea1338_addcore_gtdb_rooted	source_branch_lengths	adjacency_cALP_middle	stationary	4	-34.65218804076919	77.30437608153838	TRUE	2.131628220235209e-06	5	dALP-only->cALP-only:0.01655452277;cALP-only->dALP-only:0.05016982655;cALP-only->coexist:0.1857883614;coexist->cALP-only:1.849368315	162	85	8	69	7.268151252091798
archaea1338_addcore_gtdb_rooted	source_branch_lengths	adjacency_dALP_middle	stationary	4	-52.62858379317617	113.25716758635234	TRUE	4.973799180548821e-06	5	cALP-only->dALP-only:0.1572637502;dALP-only->cALP-only:0.02320089934;dALP-only->coexist:1.434460046;coexist->dALP-only:17.4019914	162	85	8	69	43.22094275690576
archaea1338_addcore_gtdb_rooted	source_branch_lengths	ancestral_coexist_divergence	coexist	2	-54.43943227049195	112.8788645409839	TRUE	1.421085464379588e-06	5	coexist->dALP-only:0.4668980338;coexist->cALP-only:1.636311553	162	85	8	69	42.842639711537316
archaea1338_addcore_gtdb_rooted	source_branch_lengths	ARD_unrestricted	stationary	6	-29.933939068642662	71.86787813728532	TRUE	0.0020769162447819524	5	dALP-only->coexist:4.539992976e-05;dALP-only->cALP-only:0.01656594361;coexist->dALP-only:0.4454544359;coexist->cALP-only:1.033804218;cALP-only->dALP-only:4.539992976e-05;cALP-only->coexist:0.175985689	162	85	8	69	1.8316533078387351
archaea1338_astral64_gtdb_rooted	unit_topology	adjacency_coexist_middle	stationary	4	-31.696768825262957	71.39353765052591	TRUE	3.5527137003920153e-06	5	dALP-only->coexist:0.003752720723;coexist->dALP-only:0.06855269473;coexist->cALP-only:0.3103812152;cALP-only->coexist:0.02764805153	162	85	8	69	0.0
archaea1338_astral64_gtdb_rooted	unit_topology	adjacency_cALP_middle	stationary	4	-33.97221347072144	75.94442694144288	TRUE	4.263256440470418e-06	5	dALP-only->cALP-only:0.004160959949;cALP-only->dALP-only:0.009903596456;cALP-only->coexist:0.02524153055;coexist->cALP-only:0.3121603346	162	85	8	69	4.55088929091697
archaea1338_astral64_gtdb_rooted	unit_topology	adjacency_dALP_middle	stationary	4	-55.040313753142726	118.08062750628545	TRUE	0.0031917577049471535	5	cALP-only->dALP-only:0.03594377148;dALP-only->cALP-only:0.006606435199;dALP-only->coexist:528.300246;coexist->dALP-only:5612.075748	162	85	8	69	46.68708985575954
archaea1338_astral64_gtdb_rooted	unit_topology	ancestral_coexist_divergence	coexist	2	-35.68796369691475	75.3759273938295	TRUE	3.5527137003920153e-06	5	coexist->dALP-only:0.1085396757;coexist->cALP-only:0.3231083769	162	85	8	69	3.9823897433035853
archaea1338_astral64_gtdb_rooted	unit_topology	ARD_unrestricted	stationary	6	-30.330892502978585	72.66178500595717	TRUE	0.008537170263788968	5	dALP-only->coexist:4.539992976e-05;dALP-only->cALP-only:0.003914057333;coexist->dALP-only:0.07345986876;coexist->cALP-only:0.1937289226;cALP-only->dALP-only:4.539992976e-05;cALP-only->coexist:0.02930255871	162	85	8	69	1.2682473554312566
archaea1338_astral64_gtdb_rooted	source_branch_lengths	adjacency_coexist_middle	stationary	4	-55.50802535805297	119.01605071610594	TRUE	0.9978378186339817	5	dALP-only->coexist:0.01086259483;coexist->dALP-only:0.1721939907;coexist->cALP-only:22026.46579;cALP-only->coexist:2446.8683	162	85	8	69	0.0
archaea1338_astral64_gtdb_rooted	source_branch_lengths	adjacency_cALP_middle	stationary	4	-65.62558819660343	139.25117639320686	TRUE	1.997594102495781	5	dALP-only->cALP-only:0.01072328703;cALP-only->dALP-only:0.0195225564;cALP-only->coexist:3002.945312;coexist->cALP-only:22026.46579	162	85	8	69	20.235125677100925
archaea1338_astral64_gtdb_rooted	source_branch_lengths	adjacency_dALP_middle	stationary	4	-83.45109434107502	174.90218868215004	TRUE	1.9986286526334487	5	cALP-only->dALP-only:0.06230184724;dALP-only->cALP-only:0.03657866272;dALP-only->coexist:2064.739617;coexist->dALP-only:22026.46579	162	85	8	69	55.8861379660441
archaea1338_astral64_gtdb_rooted	source_branch_lengths	ancestral_coexist_divergence	coexist	2	-94.05524962420414	192.11049924840827	TRUE	2.8421709603136124e-06	5	coexist->dALP-only:0.1713278534;coexist->cALP-only:0.5660545624	162	85	8	69	73.09444853230234
archaea1338_astral64_gtdb_rooted	source_branch_lengths	ARD_unrestricted	stationary	6	-55.5104277240294	123.0208554480588	TRUE	0.9997463362643219	5	dALP-only->coexist:0.01083121008;dALP-only->cALP-only:4.601148743e-05;coexist->dALP-only:0.1721621035;coexist->cALP-only:22026.46579;cALP-only->dALP-only:4.539992976e-05;cALP-only->coexist:2446.76534	162	85	8	69	4.004804731952859
archaea1338_denovo_gtdb_rooted	unit_topology	adjacency_coexist_middle	stationary	4	-55.45660997141661	118.91321994283322	TRUE	1.4210854801568061e-05	5	dALP-only->coexist:0.02843749901;coexist->dALP-only:0.1699581957;coexist->cALP-only:0.4856854942;cALP-only->coexist:0.04346781801	162	85	8	69	10.320078380967331
archaea1338_denovo_gtdb_rooted	unit_topology	adjacency_cALP_middle	stationary	4	-53.547604591921434	115.09520918384287	TRUE	1.918465398211688e-05	5	dALP-only->cALP-only:0.02983649438;cALP-only->dALP-only:0.01638846135;cALP-only->coexist:0.03370191798;coexist->cALP-only:0.2462964605	162	85	8	69	6.502067621976977
archaea1338_denovo_gtdb_rooted	unit_topology	adjacency_dALP_middle	stationary	4	-67.86848642434502	143.73697284869004	TRUE	1.136868384125445e-05	5	cALP-only->dALP-only:0.03898324076;dALP-only->cALP-only:0.03399533633;dALP-only->coexist:0.02634940014;coexist->dALP-only:0.1195580947	162	85	8	69	35.14383128682415
archaea1338_denovo_gtdb_rooted	unit_topology	ancestral_coexist_divergence	coexist	2	-68.42200660675205	140.8440132135041	TRUE	1.4210854801568062e-06	5	coexist->dALP-only:0.2463103075;coexist->cALP-only:0.2836931618	162	85	8	69	32.25087165163821
archaea1338_denovo_gtdb_rooted	unit_topology	ARD_unrestricted	stationary	6	-48.296570780932946	108.59314156186589	TRUE	0.0075999644728661515	5	dALP-only->coexist:4.539992976e-05;dALP-only->cALP-only:0.03172334924;coexist->dALP-only:0.1092643494;coexist->cALP-only:4.539992976e-05;cALP-only->dALP-only:4.539992976e-05;cALP-only->coexist:0.0341430036	162	85	8	69	0.0
archaea1338_denovo_gtdb_rooted	source_branch_lengths	adjacency_coexist_middle	stationary	4	-52.091556249479645	112.18311249895929	TRUE	6.394884625206887e-06	5	dALP-only->coexist:0.02073890802;coexist->dALP-only:1.179456055;coexist->cALP-only:1.13448435;cALP-only->coexist:0.1209716625	162	85	8	69	0.0
archaea1338_denovo_gtdb_rooted	source_branch_lengths	adjacency_cALP_middle	stationary	4	-56.81560717701791	121.63121435403582	TRUE	3.5527136806704926e-06	5	dALP-only->cALP-only:0.08485768639;cALP-only->dALP-only:0.0461578354;cALP-only->coexist:0.1388976351;coexist->cALP-only:1.140139563	162	85	8	69	9.44810185507653
archaea1338_denovo_gtdb_rooted	source_branch_lengths	adjacency_dALP_middle	stationary	4	-72.86059676637812	153.72119353275625	TRUE	8.526512880940836e-06	5	cALP-only->dALP-only:0.1012973117;dALP-only->cALP-only:0.1223133178;dALP-only->coexist:0.080830115;coexist->dALP-only:0.9335944083	162	85	8	69	41.538081033796956
archaea1338_denovo_gtdb_rooted	source_branch_lengths	ancestral_coexist_divergence	coexist	2	-75.64122878343179	155.28245756686357	TRUE	0.0	5	coexist->dALP-only:0.9010135895;coexist->cALP-only:1.08031693	162	85	8	69	43.09934506790428
archaea1338_denovo_gtdb_rooted	source_branch_lengths	ARD_unrestricted	stationary	6	-51.9010093427997	115.8020186855994	TRUE	0.0026744826361133314	5	dALP-only->coexist:4.539992976e-05;dALP-only->cALP-only:0.08525896031;coexist->dALP-only:0.374156007;coexist->cALP-only:0.2500170995;cALP-only->dALP-only:4.539992976e-05;cALP-only->coexist:0.1157024864	162	85	8	69	3.6189061866401175
asgard971_addcore_gtdb_rooted	unit_topology	adjacency_coexist_middle	stationary	4	-88.739846693441	185.479693386882	TRUE	4.9737991805488217e-05	5	dALP-only->coexist:0.559021706;coexist->dALP-only:0.04232021405;coexist->cALP-only:0.04021689762;cALP-only->coexist:0.00948270331	445	7	91	347	0.0
asgard971_addcore_gtdb_rooted	unit_topology	adjacency_cALP_middle	stationary	4	-117.77090244599748	243.54180489199496	TRUE	0.05595097752473377	5	dALP-only->cALP-only:5994.626923;cALP-only->dALP-only:121.0378567;cALP-only->coexist:0.009637633318;coexist->cALP-only:0.07847286914	445	7	91	347	58.062111505112966
asgard971_addcore_gtdb_rooted	unit_topology	adjacency_dALP_middle	stationary	4	-89.0634974784135	186.126994956827	TRUE	0.008908784776195637	5	cALP-only->dALP-only:0.009531009058;dALP-only->cALP-only:0.5161296364;dALP-only->coexist:22026.3579;coexist->dALP-only:1692.189457	445	7	91	347	0.6473015699450002
asgard971_addcore_gtdb_rooted	unit_topology	ancestral_coexist_divergence	coexist	2	-112.25253992092767	228.50507984185535	TRUE	5.826450468642905e-05	5	coexist->dALP-only:0.030332324;coexist->cALP-only:0.1205053391	445	7	91	347	43.02538645497336
asgard971_addcore_gtdb_rooted	unit_topology	ARD_unrestricted	stationary	6	-89.01294952432892	190.02589904865783	TRUE	0.004190780708766321	5	dALP-only->coexist:2.5683429;dALP-only->cALP-only:6.385958495e-05;coexist->dALP-only:0.1968671529;coexist->cALP-only:0.03951769429;cALP-only->dALP-only:4.539992976e-05;cALP-only->coexist:0.009529973942	445	7	91	347	4.5462056617758435
asgard971_addcore_gtdb_rooted	source_branch_lengths	adjacency_coexist_middle	stationary	4	-87.36639300897073	182.73278601794146	TRUE	4.1211478924547375e-05	5	dALP-only->coexist:2975.74298;coexist->dALP-only:229.8066269;coexist->cALP-only:0.7835016124;cALP-only->coexist:0.09230904646	445	7	91	347	0.0
asgard971_addcore_gtdb_rooted	source_branch_lengths	adjacency_cALP_middle	stationary	4	-121.77909038265362	251.55818076530724	TRUE	0.04946371791455724	5	dALP-only->cALP-only:22026.46579;cALP-only->dALP-only:444.4163403;cALP-only->coexist:0.1057236148;coexist->cALP-only:1.300782046	445	7	91	347	68.82539474736578
asgard971_addcore_gtdb_rooted	source_branch_lengths	adjacency_dALP_middle	stationary	4	-87.40170294535187	182.80340589070374	TRUE	0.01568025579536371	5	cALP-only->dALP-only:0.09212056029;dALP-only->cALP-only:10.2118558;dALP-only->coexist:22026.46579;coexist->dALP-only:1695.377596	445	7	91	347	0.0706198727622791
asgard971_addcore_gtdb_rooted	source_branch_lengths	ancestral_coexist_divergence	coexist	2	-105.87937527543197	215.75875055086394	TRUE	8.526512880940836e-06	5	coexist->dALP-only:0.2861454929;coexist->cALP-only:1.272327465	445	7	91	347	33.02596453292247
asgard971_addcore_gtdb_rooted	source_branch_lengths	ARD_unrestricted	stationary	6	-87.36645412381935	186.7329082476387	TRUE	0.00019753088174179605	5	dALP-only->coexist:2977.483155;dALP-only->cALP-only:0.02108668721;coexist->dALP-only:229.9455882;coexist->cALP-only:0.7819227704;cALP-only->dALP-only:4.539992976e-05;cALP-only->coexist:0.0922572118	445	7	91	347	4.00012222969724
asgard971_astral89_gtdb_rooted	unit_topology	adjacency_coexist_middle	stationary	4	-88.73874386897205	185.4774877379441	TRUE	8.526512880940836e-05	5	dALP-only->coexist:0.5592701198;coexist->dALP-only:0.04233594536;coexist->cALP-only:0.04023268135;cALP-only->coexist:0.009481328864	445	7	91	347	0.0
asgard971_astral89_gtdb_rooted	unit_topology	adjacency_cALP_middle	stationary	4	-117.76335670368279	243.52671340736558	TRUE	0.05119886313171685	5	dALP-only->cALP-only:3716.248056;cALP-only->dALP-only:75.47015334;cALP-only->coexist:0.009752588885;coexist->cALP-only:0.07882710162	445	7	91	347	58.049225669421475
asgard971_astral89_gtdb_rooted	unit_topology	adjacency_dALP_middle	stationary	4	-89.06329116301293	186.12658232602587	TRUE	0.00787991898746949	5	cALP-only->dALP-only:0.00953966749;dALP-only->cALP-only:0.5146207702;dALP-only->coexist:6724.703928;coexist->dALP-only:517.5567065	445	7	91	347	0.6490945880817662
asgard971_astral89_gtdb_rooted	unit_topology	ancestral_coexist_divergence	coexist	2	-112.27186360938666	228.5437272187733	TRUE	1.2789769321411256e-05	5	coexist->dALP-only:0.03034023471;coexist->cALP-only:0.1203571531	445	7	91	347	43.06623948082921
asgard971_astral89_gtdb_rooted	unit_topology	ARD_unrestricted	stationary	6	-89.01251357847853	190.02502715695707	TRUE	0.004111199928945732	5	dALP-only->coexist:2.564509169;dALP-only->cALP-only:0.0001094380859;coexist->dALP-only:0.1965506528;coexist->cALP-only:0.03952816602;cALP-only->dALP-only:4.539992976e-05;cALP-only->coexist:0.009528258031	445	7	91	347	4.547539419012963
asgard971_astral89_gtdb_rooted	source_branch_lengths	adjacency_coexist_middle	stationary	4	-133.53898184203243	275.07796368406485	TRUE	4.9961126210143	5	dALP-only->coexist:22026.46579;coexist->dALP-only:2486.121502;coexist->cALP-only:0.1004689633;cALP-only->coexist:0.02509942314	445	7	91	347	0.0
asgard971_astral89_gtdb_rooted	source_branch_lengths	adjacency_cALP_middle	stationary	4	-258.44612205684984	524.8922441136997	TRUE	4.997553601563194	5	dALP-only->cALP-only:22026.46579;cALP-only->dALP-only:568.8305534;cALP-only->coexist:0.04150137293;coexist->cALP-only:0.141505281	445	7	91	347	249.81428042963483
asgard971_astral89_gtdb_rooted	source_branch_lengths	adjacency_dALP_middle	stationary	4	-133.53950780515055	275.0790156103011	TRUE	5.00092157385203	5	cALP-only->dALP-only:0.02510255577;dALP-only->cALP-only:0.8899225716;dALP-only->coexist:22026.46579;coexist->dALP-only:2486.664621	445	7	91	347	0.0010519262362436166
asgard971_astral89_gtdb_rooted	source_branch_lengths	ancestral_coexist_divergence	coexist	2	-282.3308449719694	568.6616899439388	TRUE	1.7053025761881673e-05	5	coexist->dALP-only:0.04404724466;coexist->cALP-only:0.1934220998	445	7	91	347	293.5837262598739
asgard971_astral89_gtdb_rooted	source_branch_lengths	ARD_unrestricted	stationary	6	-133.53917718466116	279.0783543693223	TRUE	4.999634070521361	5	dALP-only->coexist:22026.46579;dALP-only->cALP-only:0.8719706145;coexist->dALP-only:2486.587413;coexist->cALP-only:0.002032851309;cALP-only->dALP-only:0.001950752023;cALP-only->coexist:0.02315097199	445	7	91	347	4.000390685257457
gtdb_r226_expanded	unit_topology	adjacency_coexist_middle	stationary	4	-136.67094825689193	281.34189651378387	TRUE	3.979039344439057e-05	5	dALP-only->coexist:0.002494094145;coexist->dALP-only:0.03798285146;coexist->cALP-only:0.05865260425;cALP-only->coexist:0.01471210929	1253	813	92	348	7.891239346333975
gtdb_r226_expanded	unit_topology	adjacency_cALP_middle	stationary	4	-158.02031757080616	324.0406351416123	TRUE	3.694822248407696e-05	5	dALP-only->cALP-only:0.002449621702;cALP-only->dALP-only:0.01105616912;cALP-only->coexist:0.01676052342;coexist->cALP-only:0.07646315477	1253	813	92	348	50.58997797416242
gtdb_r226_expanded	unit_topology	adjacency_dALP_middle	stationary	4	-215.2858354636793	438.5716709273586	TRUE	0.00011937118033317171	5	cALP-only->dALP-only:0.01419835509;dALP-only->cALP-only:0.008720948619;dALP-only->coexist:0.009395727414;coexist->dALP-only:0.07110184953	1253	813	92	348	165.1210137599087
gtdb_r226_expanded	unit_topology	ancestral_coexist_divergence	coexist	2	-216.19560924230805	436.3912184846161	TRUE	7.958078688878114e-05	5	coexist->dALP-only:0.1410378999;coexist->cALP-only:0.1261947723	1253	813	92	348	162.9405613171662
gtdb_r226_expanded	unit_topology	ARD_unrestricted	stationary	6	-130.72532858372495	273.4506571674499	TRUE	4.54747353650178e-05	5	dALP-only->coexist:0.0008572723802;dALP-only->cALP-only:0.001547194042;coexist->dALP-only:0.03302264756;coexist->cALP-only:0.04426408028;cALP-only->dALP-only:0.001368905974;cALP-only->coexist:0.01376616168	1253	813	92	348	0.0
gtdb_r226_expanded	source_branch_lengths	adjacency_coexist_middle	stationary	4	-147.75273183701398	303.50546367402796	TRUE	3.9790393223509516e-05	5	dALP-only->coexist:0.0452282705;coexist->dALP-only:0.7813563363;coexist->cALP-only:1.086204917;cALP-only->coexist:0.2711630801	1253	813	92	348	4.200526748706977
gtdb_r226_expanded	source_branch_lengths	adjacency_cALP_middle	stationary	4	-186.35553653534222	380.71107307068445	TRUE	5.684341920627225e-06	5	dALP-only->cALP-only:0.04170612696;cALP-only->dALP-only:0.1662703213;cALP-only->coexist:0.2669058932;coexist->cALP-only:1.808656808	1253	813	92	348	81.40613614536346
gtdb_r226_expanded	source_branch_lengths	adjacency_dALP_middle	stationary	4	-229.62990696165502	467.25981392331005	TRUE	3.1263880563449734e-05	5	cALP-only->dALP-only:0.2573962231;dALP-only->cALP-only:0.1270357444;dALP-only->coexist:0.2273803917;coexist->dALP-only:1.718594539	1253	813	92	348	167.95487699798906
gtdb_r226_expanded	source_branch_lengths	ancestral_coexist_divergence	coexist	2	-408.7302317683881	821.4604635367762	TRUE	0.0001307398627229221	5	coexist->dALP-only:1.780467431;coexist->cALP-only:1.549383458	1253	813	92	348	522.1555266114551
gtdb_r226_expanded	source_branch_lengths	ARD_unrestricted	stationary	6	-143.6524684626605	299.304936925321	TRUE	0.0005940136779465317	5	dALP-only->coexist:0.01590584048;dALP-only->cALP-only:0.02595553941;coexist->dALP-only:0.7359825503;coexist->cALP-only:0.8024417021;cALP-only->dALP-only:4.539992976e-05;cALP-only->coexist:0.2677687495	1253	813	92	348	0.0
