tree	model	root_mode	branch_scale	k	log_likelihood	AIC	success	gradient_max	rates	mapped_MAGs	n_M_only	n_coexist	n_ALP_only	delta_AIC
A1338_ASTRAL64	ARD_unrestricted	stationary	source_branch_lengths	6	-170.58432619447998	353.16865238895997	TRUE	3.9883129940492053	M-only->M+ALP coexist:0.0001299086195;M-only->ALP-only:0.0877506397;M+ALP coexist->M-only:0.317588329;M+ALP coexist->ALP-only:22026.46579;ALP-only->M-only:4.539993005e-05;ALP-only->M+ALP coexist:3320.80856	284	64	31	189	0.0
A1338_ASTRAL64	adjacency_ALP_middle	stationary	source_branch_lengths	4	-180.38678580348082	368.77357160696164	TRUE	4.991226929567457	M-only->ALP-only:0.0882264465;ALP-only->M-only:0.04880791725;ALP-only->M+ALP coexist:3523.363816;M+ALP coexist->ALP-only:22026.46579	284	64	31	189	15.604919218001669
A1338_ASTRAL64	adjacency_M_middle	stationary	source_branch_lengths	4	-244.19457263376458	496.38914526752916	TRUE	4.994549427124967	ALP-only->M-only:0.1290379434;M-only->ALP-only:0.1581584283;M-only->M+ALP coexist:9371.451865;M+ALP coexist->M-only:22026.46579	284	64	31	189	143.2204928785692
A1338_ASTRAL64	adjacency_coexist_middle	stationary	source_branch_lengths	4	-179.4892010447862	366.9784020895724	TRUE	4.987731059596767	M-only->M+ALP coexist:0.0887807819;M+ALP coexist->M-only:0.3265110601;M+ALP coexist->ALP-only:22026.46579;ALP-only->M+ALP coexist:3320.714608	284	64	31	189	13.809749700612429
A1338_ASTRAL64	ancestral_coexistence_strict	M+ALP coexist	source_branch_lengths	2	-545.6896333744066	1095.3792667488133	TRUE	4.547473486014681e-05	M+ALP coexist->M-only:0.2426307281;M+ALP coexist->ALP-only:0.5849551721	284	64	31	189	742.2106143598533
A1338_addcore	ARD_unrestricted	stationary	source_branch_lengths	6	-96.84136886206078	205.68273772412155	TRUE	0.0007986499689137578	M-only->M+ALP coexist:0.06675384464;M-only->ALP-only:4.539992976e-05;M+ALP coexist->M-only:0.05618650774;M+ALP coexist->ALP-only:1.478160193;ALP-only->M-only:0.09059407598;ALP-only->M+ALP coexist:0.04602468614	284	64	31	189	0.0
A1338_addcore	adjacency_ALP_middle	stationary	source_branch_lengths	4	-100.96945898531422	209.93891797062844	TRUE	7.105427400784031e-06	M-only->ALP-only:0.07133775279;ALP-only->M-only:0.09570761562;ALP-only->M+ALP coexist:0.119337176;M+ALP coexist->ALP-only:0.8618430956	284	64	31	189	4.2561802465068865
A1338_addcore	adjacency_M_middle	stationary	source_branch_lengths	4	-137.47037756624954	282.9407551324991	TRUE	1.9895196611754758e-05	ALP-only->M-only:0.1820464651;M-only->ALP-only:0.2008058894;M-only->M+ALP coexist:0.4595514994;M+ALP coexist->M-only:1.233719333	284	64	31	189	77.25801740837753
A1338_addcore	adjacency_coexist_middle	stationary	source_branch_lengths	4	-103.78437322615575	215.5687464523115	TRUE	9.947598305877379e-06	M-only->M+ALP coexist:0.07708796779;M+ALP coexist->M-only:0.6282488492;M+ALP coexist->ALP-only:1.093982751;ALP-only->M+ALP coexist:0.2062040676	284	64	31	189	9.88600872818995
A1338_addcore	ancestral_coexistence_strict	M+ALP coexist	source_branch_lengths	2	-135.66146662081727	275.32293324163453	TRUE	1.9895196501314232e-05	M+ALP coexist->M-only:0.6349031523;M+ALP coexist->ALP-only:1.70619626	284	64	31	189	69.64019551751298
A1338_denovo	ARD_unrestricted	stationary	source_branch_lengths	6	-139.5529393993731	291.1058787987462	TRUE	0.0008839150901501021	M-only->M+ALP coexist:4.539992976e-05;M-only->ALP-only:0.2029731884;M+ALP coexist->M-only:0.123134736;M+ALP coexist->ALP-only:0.4337221879;ALP-only->M-only:0.1205245786;ALP-only->M+ALP coexist:0.09382599563	284	64	31	189	0.5935040884004366
A1338_denovo	adjacency_ALP_middle	stationary	source_branch_lengths	4	-141.25618735517287	290.51237471034574	TRUE	1.136868384125445e-05	M-only->ALP-only:0.2026866792;ALP-only->M-only:0.138962453;ALP-only->M+ALP coexist:0.09032320867;M+ALP coexist->ALP-only:0.5050453205	284	64	31	189	0.0
A1338_denovo	adjacency_M_middle	stationary	source_branch_lengths	4	-162.8305317644362	333.6610635288724	TRUE	1.136868384125445e-05	ALP-only->M-only:0.1370101407;M-only->ALP-only:0.452709619;M-only->M+ALP coexist:0.2391933614;M+ALP coexist->M-only:0.2336281683	284	64	31	189	43.14868881852664
A1338_denovo	adjacency_coexist_middle	stationary	source_branch_lengths	4	-144.16317176742177	296.32634353484355	TRUE	1.4210854801568061e-05	M-only->M+ALP coexist:0.06970535678;M+ALP coexist->M-only:0.5861421551;M+ALP coexist->ALP-only:1.070512978;ALP-only->M+ALP coexist:0.06783639739	284	64	31	189	5.813968824497806
A1338_denovo	ancestral_coexistence_strict	M+ALP coexist	source_branch_lengths	2	-154.0690801222039	312.1381602444078	TRUE	8.526512786277529e-06	M+ALP coexist->M-only:0.5546971815;M+ALP coexist->ALP-only:1.195432375	284	64	31	189	21.62578553406206
Asgard971_ASTRAL89	ARD_unrestricted	stationary	source_branch_lengths	6	-476.17257189817406	964.3451437963481	TRUE	4.988509814370726	M-only->M+ALP coexist:22026.46579;M-only->ALP-only:0.0001037647458;M+ALP coexist->M-only:2466.455905;M+ALP coexist->ALP-only:0.2368865689;ALP-only->M-only:4.539992976e-05;ALP-only->M+ALP coexist:0.0636312068	851	14	182	655	4.008733443247479
Asgard971_ASTRAL89	adjacency_ALP_middle	stationary	source_branch_lengths	4	-628.6027432959305	1265.205486591861	TRUE	5.0019930722089	M-only->ALP-only:22026.46579;ALP-only->M-only:619.7080269;ALP-only->M+ALP coexist:0.138809115;M+ALP coexist->ALP-only:0.568438995	851	14	182	655	304.8690762387604
Asgard971_ASTRAL89	adjacency_M_middle	stationary	source_branch_lengths	4	-578.0856177222657	1164.1712354445315	TRUE	17.00061461941558	ALP-only->M-only:0.06376374883;M-only->ALP-only:2.171008378;M-only->M+ALP coexist:22026.46579;M+ALP coexist->M-only:2467.78498	851	14	182	655	203.83482509143084
Asgard971_ASTRAL89	adjacency_coexist_middle	stationary	source_branch_lengths	4	-476.1682051765503	960.3364103531006	TRUE	4.995262811972644	M-only->M+ALP coexist:22026.46579;M+ALP coexist->M-only:2467.839761;M+ALP coexist->ALP-only:0.2368485825;ALP-only->M+ALP coexist:0.06367270847	851	14	182	655	0.0
Asgard971_ASTRAL89	ancestral_coexistence_strict	M+ALP coexist	source_branch_lengths	2	-1042.0743130082888	2088.1486260165775	TRUE	0.00011368683841254449	M+ALP coexist->M-only:0.0609266814;M+ALP coexist->ALP-only:0.3418629702	851	14	182	655	1127.8122156634768
Asgard971_addcore	ARD_unrestricted	stationary	source_branch_lengths	6	-218.12691379217966	448.2538275843593	TRUE	0.00022737365663025135	M-only->M+ALP coexist:341.0859497;M-only->ALP-only:4.539992976e-05;M+ALP coexist->M-only:26.31702751;M+ALP coexist->ALP-only:1.340533676;ALP-only->M-only:4.539992976e-05;ALP-only->M+ALP coexist:0.1700567077	851	14	182	655	4.000440348441202
Asgard971_addcore	adjacency_ALP_middle	stationary	source_branch_lengths	4	-287.94000475770935	583.8800095154187	TRUE	7.389644414773858e-05	M-only->ALP-only:3330.493564;ALP-only->M-only:66.83202129;ALP-only->M+ALP coexist:0.2065646005;M+ALP coexist->ALP-only:1.846037649	851	14	182	655	139.62662227950057
Asgard971_addcore	adjacency_M_middle	stationary	source_branch_lengths	4	-219.4779582292738	446.9559164585476	TRUE	3.4106051523763346e-05	ALP-only->M-only:0.1679288702;M-only->ALP-only:18.47624863;M-only->M+ALP coexist:1540.408164;M+ALP coexist->M-only:113.0467227	851	14	182	655	2.7025292226294937
Asgard971_addcore	adjacency_coexist_middle	stationary	source_branch_lengths	4	-218.12669361795906	444.2533872359181	TRUE	5.968559016658586e-05	M-only->M+ALP coexist:341.0613794;M+ALP coexist->M-only:26.3153013;M+ALP coexist->ALP-only:1.340535326;ALP-only->M+ALP coexist:0.1700997724	851	14	182	655	0.0
Asgard971_addcore	ancestral_coexistence_strict	M+ALP coexist	source_branch_lengths	2	-270.46062970295003	544.9212594059001	TRUE	4.54747353650178e-05	M+ALP coexist->M-only:0.3430192245;M+ALP coexist->ALP-only:1.954193296	851	14	182	655	100.66787216998193
GTDB_r226	ARD_unrestricted	stationary	source_branch_lengths	6	-607.6821625437916	1227.3643250875832	TRUE	0.00015916157289403807	M-only->M+ALP coexist:0.00497411534;M-only->ALP-only:0.0700312747;M+ALP coexist->M-only:0.8655997495;M+ALP coexist->ALP-only:1.845853902;ALP-only->M-only:0.04108791376;ALP-only->M+ALP coexist:0.201242021	4208	2546	191	1471	0.0
GTDB_r226	adjacency_ALP_middle	stationary	source_branch_lengths	4	-751.289767345599	1510.579534691198	TRUE	0.00010231815457129004	M-only->ALP-only:0.0779498522;ALP-only->M-only:0.1694992588;ALP-only->M+ALP coexist:0.1965710198;M+ALP coexist->ALP-only:2.862391844	4208	2546	191	1471	283.21520960361477
GTDB_r226	adjacency_M_middle	stationary	source_branch_lengths	4	-944.7369386932695	1897.473877386539	TRUE	0.0002046363091425801	ALP-only->M-only:0.2112429834;M-only->ALP-only:0.4016891373;M-only->M+ALP coexist:0.3843684594;M+ALP coexist->M-only:2.927334283	4208	2546	191	1471	670.1095522989558
GTDB_r226	adjacency_coexist_middle	stationary	source_branch_lengths	4	-667.7068495371285	1343.413699074257	TRUE	0.00012505552225379894	M-only->M+ALP coexist:0.07703107397;M+ALP coexist->M-only:1.241418917;M+ALP coexist->ALP-only:2.232615439;ALP-only->M+ALP coexist:0.2611039117	4208	2546	191	1471	116.0493739866738
GTDB_r226	ancestral_coexistence_strict	M+ALP coexist	source_branch_lengths	2	-1862.1681096061502	3728.3362192123004	TRUE	83.53488334087248	M+ALP coexist->M-only:2.718281828;M+ALP coexist->ALP-only:2.718281828	4208	2546	191	1471	2500.9718941247174
