tree	branch_scale	transition_group	posterior_mean	posterior_variance	posterior_sd	log_likelihood_recomputed	fit_log_likelihood	log_likelihood_abs_difference
A1338_ASTRAL64	source_branch_lengths	coexist_mediated	1003135.1051226269	671131622.5739586	25906.208185953394	-170.58432619538257	-170.58432619447998	9.025882263813401e-10
A1338_ASTRAL64	source_branch_lengths	direct_endpoint	6.96764910854597	1.49980076950366	1.2246635331811182	-170.58432619538257	-170.58432619447998	9.025882263813401e-10
A1338_addcore	source_branch_lengths	coexist_mediated	32.19709036691872	19.23184862088571	4.385413164216766	-96.84136886206072	-96.84136886206078	5.684341886080802e-14
A1338_addcore	source_branch_lengths	direct_endpoint	6.218489692543017	0.30947292846879765	0.5563029107139362	-96.84136886206072	-96.84136886206078	5.684341886080802e-14
A1338_denovo	source_branch_lengths	coexist_mediated	21.9456603988372	13.60333486862449	3.6882699018136527	-139.552939399373	-139.5529393993731	8.526512829121202e-14
A1338_denovo	source_branch_lengths	direct_endpoint	25.459371800531965	7.338789761964411	2.709020074116176	-139.552939399373	-139.5529393993731	8.526512829121202e-14
Asgard971_ASTRAL89	source_branch_lengths	coexist_mediated	790251.8200215274	1929450906.9181883	43925.515442828764	-476.17257189925533	-476.17257189817406	1.08127551357029e-09
Asgard971_ASTRAL89	source_branch_lengths	direct_endpoint	0.02469075506420874	0.024635179822022714	0.1569559805232751	-476.17257189925533	-476.17257189817406	1.08127551357029e-09
Asgard971_addcore	source_branch_lengths	coexist_mediated	1429.3467880251994	17798.572292188433	133.4112899727322	-218.12691379217978	-218.12691379217966	1.1368683772161603e-13
Asgard971_addcore	source_branch_lengths	direct_endpoint	0.0038560807193258975	0.0038575744080541576	0.062109374558549195	-218.12691379217978	-218.12691379217966	1.1368683772161603e-13
GTDB_r226	source_branch_lengths	coexist_mediated	80.85584773395264	36.12727308185034	6.010596732592393	-607.6821625437923	-607.6821625437916	6.821210263296962e-13
GTDB_r226	source_branch_lengths	direct_endpoint	12.330479382266427	2.256045680345172	1.502013874884374	-607.6821625437923	-607.6821625437916	6.821210263296962e-13
