split_id	gene_id
split_0001	ERR2282092_bin.34|G0000002
split_0001	GCA_964297655.1|G0000204
split_0002	ERR2282092_bin.34|G0000002
split_0002	GCA_009780575.1|G0000062
split_0002	GCA_964297655.1|G0000204
split_0003	ERR2282092_bin.34|G0000002
split_0003	GCA_009780575.1|G0000062
split_0003	GCA_964297655.1|G0000202
split_0003	GCA_964297655.1|G0000204
split_0004	ERR2282092_bin.34|G0000002
split_0004	ERR4283445_bin.66|G0000005
split_0004	GCA_009780575.1|G0000062
split_0004	GCA_905202485.1|G0000197
split_0004	GCA_964297655.1|G0000202
split_0004	GCA_964297655.1|G0000204
split_0004	GCF_000308215.1|G0000207
split_0005	ERR2282092_bin.34|G0000002
split_0005	ERR4283445_bin.66|G0000004
split_0005	ERR4283445_bin.66|G0000005
split_0005	GCA_002067865.1|G0000041
split_0005	GCA_002508545.1|G0000046
split_0005	GCA_009780575.1|G0000062
split_0005	GCA_905202485.1|G0000197
split_0005	GCA_905202485.1|G0000198
split_0005	GCA_964297655.1|G0000202
split_0005	GCA_964297655.1|G0000204
split_0005	GCF_000308215.1|G0000206
split_0005	GCF_000308215.1|G0000207
split_0005	GCF_000308215.1|G0000208
split_0005	GCF_000308215.1|G0000211
split_0006	ERR2282092_bin.34|G0000002
split_0006	ERR4283445_bin.66|G0000004
split_0006	ERR4283445_bin.66|G0000005
split_0006	GCA_002067865.1|G0000041
split_0006	GCA_002508545.1|G0000046
split_0006	GCA_009780575.1|G0000062
split_0006	GCA_905202485.1|G0000197
split_0006	GCA_905202485.1|G0000198
split_0006	GCA_964297655.1|G0000202
split_0006	GCA_964297655.1|G0000204
split_0006	GCF_000308215.1|G0000206
split_0006	GCF_000308215.1|G0000207
split_0006	GCF_000308215.1|G0000208
split_0006	GCF_000308215.1|G0000211
split_0006	GCF_000711905.1|G0000213
split_0007	ERR2282092_bin.34|G0000002
split_0007	ERR4283445_bin.66|G0000004
split_0007	ERR4283445_bin.66|G0000005
split_0007	GCA_002010075.1|G0000028
split_0007	GCA_002067865.1|G0000041
split_0007	GCA_002508545.1|G0000046
split_0007	GCA_009780575.1|G0000062
split_0007	GCA_905202485.1|G0000197
split_0007	GCA_905202485.1|G0000198
split_0007	GCA_964297655.1|G0000202
split_0007	GCA_964297655.1|G0000204
split_0007	GCF_000308215.1|G0000206
split_0007	GCF_000308215.1|G0000207
split_0007	GCF_000308215.1|G0000208
split_0007	GCF_000308215.1|G0000211
split_0007	GCF_000711905.1|G0000213
split_0008	ERR2282092_bin.34|G0000002
split_0008	ERR4283445_bin.66|G0000004
split_0008	ERR4283445_bin.66|G0000005
split_0008	GCA_002010075.1|G0000028
split_0008	GCA_002067865.1|G0000041
split_0008	GCA_002508545.1|G0000046
split_0008	GCA_009780575.1|G0000062
split_0008	GCA_054385715.1|G0000194
split_0008	GCA_905202485.1|G0000197
split_0008	GCA_905202485.1|G0000198
split_0008	GCA_964297655.1|G0000202
split_0008	GCA_964297655.1|G0000204
split_0008	GCF_000308215.1|G0000206
split_0008	GCF_000308215.1|G0000207
split_0008	GCF_000308215.1|G0000208
split_0008	GCF_000308215.1|G0000211
split_0008	GCF_000711905.1|G0000213
split_0008	GCF_002153915.1|G0000216
split_0008	GCF_002153915.1|G0000218
split_0009	ERR2282092_bin.34|G0000002
split_0009	ERR4283445_bin.66|G0000004
split_0009	ERR4283445_bin.66|G0000005
split_0009	GCA_001914405.1|G0000019
split_0009	GCA_001914405.1|G0000020
split_0009	GCA_001914405.1|G0000023
split_0009	GCA_002010075.1|G0000028
split_0009	GCA_002011035.2|G0000037
split_0009	GCA_002067865.1|G0000041
split_0009	GCA_002508545.1|G0000046
split_0009	GCA_009780575.1|G0000062
split_0009	GCA_054385715.1|G0000194
split_0009	GCA_905202485.1|G0000197
split_0009	GCA_905202485.1|G0000198
split_0009	GCA_964297655.1|G0000202
split_0009	GCA_964297655.1|G0000204
split_0009	GCF_000308215.1|G0000206
split_0009	GCF_000308215.1|G0000207
split_0009	GCF_000308215.1|G0000208
split_0009	GCF_000308215.1|G0000211
split_0009	GCF_000711905.1|G0000213
split_0009	GCF_002153915.1|G0000216
split_0009	GCF_002153915.1|G0000218
split_0009	GOMC.bin.874|G0000238
split_0010	ERR2282092_bin.34|G0000002
split_0010	ERR4283445_bin.66|G0000004
split_0010	ERR4283445_bin.66|G0000005
split_0010	GCA_000306725.1|G0000007
split_0010	GCA_000306725.1|G0000012
split_0010	GCA_001914405.1|G0000019
split_0010	GCA_001914405.1|G0000020
split_0010	GCA_001914405.1|G0000023
split_0010	GCA_002010075.1|G0000028
split_0010	GCA_002011035.2|G0000037
split_0010	GCA_002067865.1|G0000041
split_0010	GCA_002508545.1|G0000046
split_0010	GCA_009780575.1|G0000062
split_0010	GCA_016841265.1|G0000085
split_0010	GCA_016841265.1|G0000088
split_0010	GCA_030611265.1|G0000150
split_0010	GCA_054385715.1|G0000194
split_0010	GCA_905202485.1|G0000197
split_0010	GCA_905202485.1|G0000198
split_0010	GCA_964297655.1|G0000202
split_0010	GCA_964297655.1|G0000204
split_0010	GCF_000308215.1|G0000206
split_0010	GCF_000308215.1|G0000207
split_0010	GCF_000308215.1|G0000208
split_0010	GCF_000308215.1|G0000211
split_0010	GCF_000711905.1|G0000213
split_0010	GCF_002153915.1|G0000216
split_0010	GCF_002153915.1|G0000218
split_0010	GOMC.bin.874|G0000238
split_0011	ERR2282092_bin.34|G0000001
split_0011	ERR2282092_bin.34|G0000003
split_0011	ERR4283445_bin.66|G0000006
split_0011	GCA_000306725.1|G0000008
split_0011	GCA_000306725.1|G0000009
split_0011	GCA_000306725.1|G0000010
split_0011	GCA_000306725.1|G0000011
split_0011	GCA_001914405.1|G0000018
split_0011	GCA_001914405.1|G0000021
split_0011	GCA_002010075.1|G0000027
split_0011	GCA_002010075.1|G0000029
split_0011	GCA_002508545.1|G0000044
split_0011	GCA_002508545.1|G0000045
split_0011	GCA_009780575.1|G0000060
split_0011	GCA_009780575.1|G0000061
split_0011	GCA_016841265.1|G0000083
split_0011	GCA_016841265.1|G0000084
split_0011	GCA_016841265.1|G0000086
split_0011	GCA_016841265.1|G0000087
split_0011	GCA_016841265.1|G0000089
split_0011	GCA_030611265.1|G0000148
split_0011	GCA_030611265.1|G0000149
split_0011	GCA_046546175.1|G0000187
split_0011	GCA_905202485.1|G0000199
split_0011	GCA_905202485.1|G0000200
split_0011	GCA_964297655.1|G0000203
split_0011	GCF_000308215.1|G0000209
split_0011	GCF_000308215.1|G0000210
split_0011	GCF_000711905.1|G0000214
split_0011	GCF_000711905.1|G0000215
split_0011	GCF_002153915.1|G0000219
split_0011	GOMC.bin.874|G0000237
split_0011	GOMC.bin.874|G0000239
split_0012	ERR2282092_bin.34|G0000001
split_0012	ERR2282092_bin.34|G0000003
split_0012	GCA_000306725.1|G0000009
split_0012	GCA_001914405.1|G0000018
split_0012	GCA_001914405.1|G0000021
split_0012	GCA_002010075.1|G0000027
split_0012	GCA_002508545.1|G0000044
split_0012	GCA_009780575.1|G0000061
split_0012	GCA_016841265.1|G0000084
split_0012	GCA_016841265.1|G0000086
split_0012	GCA_030611265.1|G0000148
split_0012	GCA_905202485.1|G0000199
split_0012	GCF_000308215.1|G0000209
split_0012	GCF_000711905.1|G0000215
split_0012	GCF_002153915.1|G0000219
split_0012	GOMC.bin.874|G0000237
split_0013	ERR2282092_bin.34|G0000001
split_0013	ERR2282092_bin.34|G0000003
split_0013	GCA_000306725.1|G0000009
split_0013	GCA_002010075.1|G0000027
split_0013	GCA_002508545.1|G0000044
split_0013	GCA_009780575.1|G0000061
split_0013	GCA_016841265.1|G0000084
split_0013	GCA_016841265.1|G0000086
split_0013	GCA_030611265.1|G0000148
split_0013	GCA_905202485.1|G0000199
split_0013	GCF_000308215.1|G0000209
split_0013	GCF_000711905.1|G0000215
split_0013	GOMC.bin.874|G0000237
split_0014	ERR2282092_bin.34|G0000001
split_0014	ERR2282092_bin.34|G0000003
split_0014	GCA_000306725.1|G0000009
split_0014	GCA_002508545.1|G0000044
split_0014	GCA_009780575.1|G0000061
split_0014	GCA_016841265.1|G0000084
split_0014	GCA_016841265.1|G0000086
split_0014	GCA_030611265.1|G0000148
split_0014	GCA_905202485.1|G0000199
split_0014	GCF_000308215.1|G0000209
split_0014	GOMC.bin.874|G0000237
split_0015	ERR2282092_bin.34|G0000001
split_0015	ERR2282092_bin.34|G0000003
split_0015	GCA_000306725.1|G0000009
split_0015	GCA_002508545.1|G0000044
split_0015	GCA_009780575.1|G0000061
split_0015	GCA_016841265.1|G0000084
split_0015	GCA_016841265.1|G0000086
split_0015	GCA_030611265.1|G0000148
split_0015	GCA_905202485.1|G0000199
split_0015	GCF_000308215.1|G0000209
split_0016	ERR2282092_bin.34|G0000001
split_0016	ERR2282092_bin.34|G0000003
split_0016	GCA_002508545.1|G0000044
split_0016	GCA_009780575.1|G0000061
split_0016	GCA_905202485.1|G0000199
split_0016	GCF_000308215.1|G0000209
split_0017	ERR2282092_bin.34|G0000001
split_0017	ERR2282092_bin.34|G0000003
split_0017	GCA_009780575.1|G0000061
split_0018	ERR2282092_bin.34|G0000001
split_0018	ERR2282092_bin.34|G0000003
split_0019	GCA_002508545.1|G0000044
split_0019	GCA_905202485.1|G0000199
split_0019	GCF_000308215.1|G0000209
split_0020	GCA_002508545.1|G0000044
split_0020	GCA_905202485.1|G0000199
split_0021	GCA_000306725.1|G0000009
split_0021	GCA_016841265.1|G0000084
split_0021	GCA_016841265.1|G0000086
split_0021	GCA_030611265.1|G0000148
split_0022	GCA_000306725.1|G0000009
split_0022	GCA_030611265.1|G0000148
split_0023	GCA_016841265.1|G0000084
split_0023	GCA_016841265.1|G0000086
split_0024	GCA_002010075.1|G0000027
split_0024	GCF_000711905.1|G0000215
split_0025	GCA_001914405.1|G0000018
split_0025	GCA_001914405.1|G0000021
split_0025	GCF_002153915.1|G0000219
split_0026	GCA_001914405.1|G0000018
split_0026	GCF_002153915.1|G0000219
split_0027	ERR4283445_bin.66|G0000006
split_0027	GCA_000306725.1|G0000008
split_0027	GCA_000306725.1|G0000010
split_0027	GCA_000306725.1|G0000011
split_0027	GCA_002010075.1|G0000029
split_0027	GCA_002508545.1|G0000045
split_0027	GCA_009780575.1|G0000060
split_0027	GCA_016841265.1|G0000083
split_0027	GCA_016841265.1|G0000087
split_0027	GCA_016841265.1|G0000089
split_0027	GCA_030611265.1|G0000149
split_0027	GCA_046546175.1|G0000187
split_0027	GCA_905202485.1|G0000200
split_0027	GCA_964297655.1|G0000203
split_0027	GCF_000308215.1|G0000210
split_0027	GCF_000711905.1|G0000214
split_0027	GOMC.bin.874|G0000239
split_0028	ERR4283445_bin.66|G0000006
split_0028	GCA_000306725.1|G0000008
split_0028	GCA_000306725.1|G0000010
split_0028	GCA_000306725.1|G0000011
split_0028	GCA_002508545.1|G0000045
split_0028	GCA_009780575.1|G0000060
split_0028	GCA_016841265.1|G0000083
split_0028	GCA_016841265.1|G0000087
split_0028	GCA_016841265.1|G0000089
split_0028	GCA_030611265.1|G0000149
split_0028	GCA_046546175.1|G0000187
split_0028	GCA_905202485.1|G0000200
split_0028	GCA_964297655.1|G0000203
split_0028	GCF_000308215.1|G0000210
split_0028	GOMC.bin.874|G0000239
split_0029	ERR4283445_bin.66|G0000006
split_0029	GCA_000306725.1|G0000008
split_0029	GCA_000306725.1|G0000010
split_0029	GCA_000306725.1|G0000011
split_0029	GCA_002508545.1|G0000045
split_0029	GCA_009780575.1|G0000060
split_0029	GCA_016841265.1|G0000083
split_0029	GCA_016841265.1|G0000087
split_0029	GCA_016841265.1|G0000089
split_0029	GCA_030611265.1|G0000149
split_0029	GCA_046546175.1|G0000187
split_0029	GCA_905202485.1|G0000200
split_0029	GCA_964297655.1|G0000203
split_0029	GCF_000308215.1|G0000210
split_0030	ERR4283445_bin.66|G0000006
split_0030	GCA_000306725.1|G0000008
split_0030	GCA_000306725.1|G0000010
split_0030	GCA_000306725.1|G0000011
split_0030	GCA_002508545.1|G0000045
split_0030	GCA_009780575.1|G0000060
split_0030	GCA_016841265.1|G0000087
split_0030	GCA_016841265.1|G0000089
split_0030	GCA_030611265.1|G0000149
split_0030	GCA_046546175.1|G0000187
split_0030	GCA_905202485.1|G0000200
split_0030	GCA_964297655.1|G0000203
split_0030	GCF_000308215.1|G0000210
split_0031	ERR4283445_bin.66|G0000006
split_0031	GCA_000306725.1|G0000008
split_0031	GCA_000306725.1|G0000010
split_0031	GCA_000306725.1|G0000011
split_0031	GCA_002508545.1|G0000045
split_0031	GCA_009780575.1|G0000060
split_0031	GCA_016841265.1|G0000089
split_0031	GCA_030611265.1|G0000149
split_0031	GCA_905202485.1|G0000200
split_0031	GCA_964297655.1|G0000203
split_0031	GCF_000308215.1|G0000210
split_0032	ERR4283445_bin.66|G0000006
split_0032	GCA_000306725.1|G0000008
split_0032	GCA_000306725.1|G0000010
split_0032	GCA_000306725.1|G0000011
split_0032	GCA_002508545.1|G0000045
split_0032	GCA_009780575.1|G0000060
split_0032	GCA_030611265.1|G0000149
split_0032	GCA_905202485.1|G0000200
split_0032	GCA_964297655.1|G0000203
split_0032	GCF_000308215.1|G0000210
split_0033	ERR4283445_bin.66|G0000006
split_0033	GCA_002508545.1|G0000045
split_0033	GCA_009780575.1|G0000060
split_0033	GCA_905202485.1|G0000200
split_0033	GCA_964297655.1|G0000203
split_0033	GCF_000308215.1|G0000210
split_0034	ERR4283445_bin.66|G0000006
split_0034	GCA_002508545.1|G0000045
split_0034	GCF_000308215.1|G0000210
split_0035	GCA_002508545.1|G0000045
split_0035	GCF_000308215.1|G0000210
split_0036	GCA_009780575.1|G0000060
split_0036	GCA_905202485.1|G0000200
split_0036	GCA_964297655.1|G0000203
split_0037	GCA_009780575.1|G0000060
split_0037	GCA_964297655.1|G0000203
split_0038	GCA_000306725.1|G0000008
split_0038	GCA_000306725.1|G0000010
split_0038	GCA_000306725.1|G0000011
split_0038	GCA_030611265.1|G0000149
split_0039	GCA_000306725.1|G0000008
split_0039	GCA_000306725.1|G0000010
split_0039	GCA_030611265.1|G0000149
split_0040	GCA_000306725.1|G0000008
split_0040	GCA_000306725.1|G0000010
split_0041	GCA_016841265.1|G0000087
split_0041	GCA_046546175.1|G0000187
split_0042	GCA_002010075.1|G0000029
split_0042	GCF_000711905.1|G0000214
split_0043	ERR2282092_bin.34|G0000001
split_0043	ERR2282092_bin.34|G0000002
split_0043	ERR2282092_bin.34|G0000003
split_0043	ERR4283445_bin.66|G0000004
split_0043	ERR4283445_bin.66|G0000005
split_0043	ERR4283445_bin.66|G0000006
split_0043	GCA_000306725.1|G0000007
split_0043	GCA_000306725.1|G0000008
split_0043	GCA_000306725.1|G0000009
split_0043	GCA_000306725.1|G0000010
split_0043	GCA_000306725.1|G0000011
split_0043	GCA_000306725.1|G0000012
split_0043	GCA_001914405.1|G0000018
split_0043	GCA_001914405.1|G0000019
split_0043	GCA_001914405.1|G0000020
split_0043	GCA_001914405.1|G0000021
split_0043	GCA_001914405.1|G0000023
split_0043	GCA_002010075.1|G0000027
split_0043	GCA_002010075.1|G0000028
split_0043	GCA_002010075.1|G0000029
split_0043	GCA_002011035.2|G0000037
split_0043	GCA_002067865.1|G0000041
split_0043	GCA_002508545.1|G0000044
split_0043	GCA_002508545.1|G0000045
split_0043	GCA_002508545.1|G0000046
split_0043	GCA_009780575.1|G0000060
split_0043	GCA_009780575.1|G0000061
split_0043	GCA_009780575.1|G0000062
split_0043	GCA_016841265.1|G0000083
split_0043	GCA_016841265.1|G0000084
split_0043	GCA_016841265.1|G0000085
split_0043	GCA_016841265.1|G0000086
split_0043	GCA_016841265.1|G0000087
split_0043	GCA_016841265.1|G0000088
split_0043	GCA_016841265.1|G0000089
split_0043	GCA_030611265.1|G0000148
split_0043	GCA_030611265.1|G0000149
split_0043	GCA_030611265.1|G0000150
split_0043	GCA_046546175.1|G0000187
split_0043	GCA_054385715.1|G0000194
split_0043	GCA_905202485.1|G0000197
split_0043	GCA_905202485.1|G0000198
split_0043	GCA_905202485.1|G0000199
split_0043	GCA_905202485.1|G0000200
split_0043	GCA_964297655.1|G0000202
split_0043	GCA_964297655.1|G0000203
split_0043	GCA_964297655.1|G0000204
split_0043	GCF_000308215.1|G0000206
split_0043	GCF_000308215.1|G0000207
split_0043	GCF_000308215.1|G0000208
split_0043	GCF_000308215.1|G0000209
split_0043	GCF_000308215.1|G0000210
split_0043	GCF_000308215.1|G0000211
split_0043	GCF_000711905.1|G0000213
split_0043	GCF_000711905.1|G0000214
split_0043	GCF_000711905.1|G0000215
split_0043	GCF_002153915.1|G0000216
split_0043	GCF_002153915.1|G0000218
split_0043	GCF_002153915.1|G0000219
split_0043	GOMC.bin.874|G0000237
split_0043	GOMC.bin.874|G0000238
split_0043	GOMC.bin.874|G0000239
split_0044	ERR2282092_bin.34|G0000001
split_0044	ERR2282092_bin.34|G0000002
split_0044	ERR2282092_bin.34|G0000003
split_0044	ERR4283445_bin.66|G0000004
split_0044	ERR4283445_bin.66|G0000005
split_0044	ERR4283445_bin.66|G0000006
split_0044	GCA_000306725.1|G0000007
split_0044	GCA_000306725.1|G0000008
split_0044	GCA_000306725.1|G0000009
split_0044	GCA_000306725.1|G0000010
split_0044	GCA_000306725.1|G0000011
split_0044	GCA_000306725.1|G0000012
split_0044	GCA_001914405.1|G0000017
split_0044	GCA_001914405.1|G0000018
split_0044	GCA_001914405.1|G0000019
split_0044	GCA_001914405.1|G0000020
split_0044	GCA_001914405.1|G0000021
split_0044	GCA_001914405.1|G0000022
split_0044	GCA_001914405.1|G0000023
split_0044	GCA_001914405.1|G0000024
split_0044	GCA_001940655.1|G0000025
split_0044	GCA_002010065.2|G0000026
split_0044	GCA_002010075.1|G0000027
split_0044	GCA_002010075.1|G0000028
split_0044	GCA_002010075.1|G0000029
split_0044	GCA_002010215.1|G0000030
split_0044	GCA_002011035.2|G0000037
split_0044	GCA_002067865.1|G0000041
split_0044	GCA_002494725.1|G0000042
split_0044	GCA_002508545.1|G0000044
split_0044	GCA_002508545.1|G0000045
split_0044	GCA_002508545.1|G0000046
split_0044	GCA_003695745.1|G0000051
split_0044	GCA_005223125.1|G0000058
split_0044	GCA_009780575.1|G0000060
split_0044	GCA_009780575.1|G0000061
split_0044	GCA_009780575.1|G0000062
split_0044	GCA_013152845.1|G0000068
split_0044	GCA_015523685.1|G0000072
split_0044	GCA_016839585.1|G0000079
split_0044	GCA_016839765.1|G0000080
split_0044	GCA_016841265.1|G0000083
split_0044	GCA_016841265.1|G0000084
split_0044	GCA_016841265.1|G0000085
split_0044	GCA_016841265.1|G0000086
split_0044	GCA_016841265.1|G0000087
split_0044	GCA_016841265.1|G0000088
split_0044	GCA_016841265.1|G0000089
split_0044	GCA_016932935.1|G0000090
split_0044	GCA_019058135.1|G0000104
split_0044	GCA_019058315.1|G0000107
split_0044	GCA_024256165.1|G0000125
split_0044	GCA_027021185.1|G0000136
split_0044	GCA_030587475.2|G0000147
split_0044	GCA_030611265.1|G0000148
split_0044	GCA_030611265.1|G0000149
split_0044	GCA_030611265.1|G0000150
split_0044	GCA_036444275.1|G0000158
split_0044	GCA_036446635.1|G0000159
split_0044	GCA_038046745.1|G0000161
split_0044	GCA_046546175.1|G0000187
split_0044	GCA_048887225.1|G0000190
split_0044	GCA_054385715.1|G0000194
split_0044	GCA_905202485.1|G0000197
split_0044	GCA_905202485.1|G0000198
split_0044	GCA_905202485.1|G0000199
split_0044	GCA_905202485.1|G0000200
split_0044	GCA_964297655.1|G0000202
split_0044	GCA_964297655.1|G0000203
split_0044	GCA_964297655.1|G0000204
split_0044	GCF_000308215.1|G0000206
split_0044	GCF_000308215.1|G0000207
split_0044	GCF_000308215.1|G0000208
split_0044	GCF_000308215.1|G0000209
split_0044	GCF_000308215.1|G0000210
split_0044	GCF_000308215.1|G0000211
split_0044	GCF_000711905.1|G0000213
split_0044	GCF_000711905.1|G0000214
split_0044	GCF_000711905.1|G0000215
split_0044	GCF_002153915.1|G0000216
split_0044	GCF_002153915.1|G0000217
split_0044	GCF_002153915.1|G0000218
split_0044	GCF_002153915.1|G0000219
split_0044	GCF_002153915.1|G0000220
split_0044	GOMC.bin.3028|G0000225
split_0044	GOMC.bin.7887|G0000231
split_0044	GOMC.bin.7984|G0000232
split_0044	GOMC.bin.874|G0000236
split_0044	GOMC.bin.874|G0000237
split_0044	GOMC.bin.874|G0000238
split_0044	GOMC.bin.874|G0000239
split_0045	ERR2282092_bin.34|G0000001
split_0045	ERR2282092_bin.34|G0000002
split_0045	ERR2282092_bin.34|G0000003
split_0045	ERR4283445_bin.66|G0000004
split_0045	ERR4283445_bin.66|G0000005
split_0045	ERR4283445_bin.66|G0000006
split_0045	GCA_000306725.1|G0000007
split_0045	GCA_000306725.1|G0000008
split_0045	GCA_000306725.1|G0000009
split_0045	GCA_000306725.1|G0000010
split_0045	GCA_000306725.1|G0000011
split_0045	GCA_000306725.1|G0000012
split_0045	GCA_001914405.1|G0000017
split_0045	GCA_001914405.1|G0000018
split_0045	GCA_001914405.1|G0000019
split_0045	GCA_001914405.1|G0000020
split_0045	GCA_001914405.1|G0000021
split_0045	GCA_001914405.1|G0000022
split_0045	GCA_001914405.1|G0000023
split_0045	GCA_001914405.1|G0000024
split_0045	GCA_001940655.1|G0000025
split_0045	GCA_002010065.2|G0000026
split_0045	GCA_002010075.1|G0000027
split_0045	GCA_002010075.1|G0000028
split_0045	GCA_002010075.1|G0000029
split_0045	GCA_002010215.1|G0000030
split_0045	GCA_002011035.2|G0000037
split_0045	GCA_002067865.1|G0000041
split_0045	GCA_002494725.1|G0000042
split_0045	GCA_002508545.1|G0000044
split_0045	GCA_002508545.1|G0000045
split_0045	GCA_002508545.1|G0000046
split_0045	GCA_003695745.1|G0000051
split_0045	GCA_005223125.1|G0000058
split_0045	GCA_009780575.1|G0000060
split_0045	GCA_009780575.1|G0000061
split_0045	GCA_009780575.1|G0000062
split_0045	GCA_013152845.1|G0000068
split_0045	GCA_015523685.1|G0000072
split_0045	GCA_016839585.1|G0000079
split_0045	GCA_016839765.1|G0000080
split_0045	GCA_016841265.1|G0000083
split_0045	GCA_016841265.1|G0000084
split_0045	GCA_016841265.1|G0000085
split_0045	GCA_016841265.1|G0000086
split_0045	GCA_016841265.1|G0000087
split_0045	GCA_016841265.1|G0000088
split_0045	GCA_016841265.1|G0000089
split_0045	GCA_016932935.1|G0000090
split_0045	GCA_019058135.1|G0000104
split_0045	GCA_019058315.1|G0000107
split_0045	GCA_024256165.1|G0000125
split_0045	GCA_027021185.1|G0000136
split_0045	GCA_030587475.2|G0000147
split_0045	GCA_030611265.1|G0000148
split_0045	GCA_030611265.1|G0000149
split_0045	GCA_030611265.1|G0000150
split_0045	GCA_036444275.1|G0000158
split_0045	GCA_036446635.1|G0000159
split_0045	GCA_038046745.1|G0000161
split_0045	GCA_046546175.1|G0000187
split_0045	GCA_048887225.1|G0000190
split_0045	GCA_054385715.1|G0000194
split_0045	GCA_905202485.1|G0000197
split_0045	GCA_905202485.1|G0000198
split_0045	GCA_905202485.1|G0000199
split_0045	GCA_905202485.1|G0000200
split_0045	GCA_964297655.1|G0000202
split_0045	GCA_964297655.1|G0000203
split_0045	GCA_964297655.1|G0000204
split_0045	GCF_000308215.1|G0000205
split_0045	GCF_000308215.1|G0000206
split_0045	GCF_000308215.1|G0000207
split_0045	GCF_000308215.1|G0000208
split_0045	GCF_000308215.1|G0000209
split_0045	GCF_000308215.1|G0000210
split_0045	GCF_000308215.1|G0000211
split_0045	GCF_000711905.1|G0000212
split_0045	GCF_000711905.1|G0000213
split_0045	GCF_000711905.1|G0000214
split_0045	GCF_000711905.1|G0000215
split_0045	GCF_002153915.1|G0000216
split_0045	GCF_002153915.1|G0000217
split_0045	GCF_002153915.1|G0000218
split_0045	GCF_002153915.1|G0000219
split_0045	GCF_002153915.1|G0000220
split_0045	GOMC.bin.3028|G0000225
split_0045	GOMC.bin.7887|G0000231
split_0045	GOMC.bin.7984|G0000232
split_0045	GOMC.bin.874|G0000235
split_0045	GOMC.bin.874|G0000236
split_0045	GOMC.bin.874|G0000237
split_0045	GOMC.bin.874|G0000238
split_0045	GOMC.bin.874|G0000239
split_0046	GCA_001515205.2|G0000013
split_0046	GCA_001515205.2|G0000014
split_0046	GCA_001563335.1|G0000015
split_0046	GCA_002010305.1|G0000032
split_0046	GCA_002011035.2|G0000034
split_0046	GCA_002011035.2|G0000036
split_0046	GCA_002011035.2|G0000038
split_0046	GCA_002011035.2|G0000040
split_0046	GCA_003056285.1|G0000047
split_0046	GCA_004028775.1|G0000052
split_0046	GCA_004348015.1|G0000053
split_0046	GCA_011046235.1|G0000063
split_0046	GCA_011046235.1|G0000064
split_0046	GCA_011046235.1|G0000066
split_0046	GCA_014859835.1|G0000071
split_0046	GCA_015523685.1|G0000073
split_0046	GCA_015661855.1|G0000074
split_0046	GCA_018814355.1|G0000097
split_0046	GCA_019057475.1|G0000101
split_0046	GCA_020345945.1|G0000109
split_0046	GCA_020348985.1|G0000110
split_0046	GCA_020355125.1|G0000112
split_0046	GCA_020355125.1|G0000114
split_0046	GCA_020355125.1|G0000115
split_0046	GCA_020725985.1|G0000119
split_0046	GCA_026014815.1|G0000129
split_0046	GCA_026015035.1|G0000130
split_0046	GCA_026015035.1|G0000131
split_0046	GCA_026015035.1|G0000132
split_0046	GCA_026015035.1|G0000133
split_0046	GCA_026015225.1|G0000134
split_0046	GCA_027491415.1|G0000137
split_0046	GCA_027491455.1|G0000139
split_0046	GCA_027492035.1|G0000142
split_0046	GCA_029858465.1|G0000146
split_0046	GCA_035529455.1|G0000154
split_0046	GCA_038840055.1|G0000174
split_0046	GCA_038852135.1|G0000177
split_0046	GCA_038852135.1|G0000178
split_0046	GCA_038852315.1|G0000181
split_0046	GCA_038861055.1|G0000182
split_0046	GCA_054381495.1|G0000192
split_0046	GOMC.bin.2890|G0000224
split_0046	GOMC.bin.5632|G0000226
split_0046	GOMC.bin.8344|G0000234
split_0047	GCA_001515205.2|G0000013
split_0047	GCA_001563335.1|G0000015
split_0047	GCA_002011035.2|G0000034
split_0047	GCA_002011035.2|G0000036
split_0047	GCA_002011035.2|G0000038
split_0047	GCA_002011035.2|G0000040
split_0047	GCA_003056285.1|G0000047
split_0047	GCA_004028775.1|G0000052
split_0047	GCA_004348015.1|G0000053
split_0047	GCA_011046235.1|G0000063
split_0047	GCA_011046235.1|G0000064
split_0047	GCA_011046235.1|G0000066
split_0047	GCA_014859835.1|G0000071
split_0047	GCA_015661855.1|G0000074
split_0047	GCA_018814355.1|G0000097
split_0047	GCA_019057475.1|G0000101
split_0047	GCA_020348985.1|G0000110
split_0047	GCA_020355125.1|G0000112
split_0047	GCA_020355125.1|G0000115
split_0047	GCA_027491415.1|G0000137
split_0047	GCA_027491455.1|G0000139
split_0047	GCA_027492035.1|G0000142
split_0047	GCA_029858465.1|G0000146
split_0047	GCA_035529455.1|G0000154
split_0047	GCA_038840055.1|G0000174
split_0047	GCA_038852135.1|G0000177
split_0047	GCA_038852135.1|G0000178
split_0047	GCA_038852315.1|G0000181
split_0047	GCA_038861055.1|G0000182
split_0047	GCA_054381495.1|G0000192
split_0047	GOMC.bin.2890|G0000224
split_0047	GOMC.bin.8344|G0000234
split_0048	GCA_001515205.2|G0000013
split_0048	GCA_001563335.1|G0000015
split_0048	GCA_002011035.2|G0000034
split_0048	GCA_002011035.2|G0000036
split_0048	GCA_002011035.2|G0000038
split_0048	GCA_002011035.2|G0000040
split_0048	GCA_003056285.1|G0000047
split_0048	GCA_011046235.1|G0000063
split_0048	GCA_011046235.1|G0000064
split_0048	GCA_011046235.1|G0000066
split_0048	GCA_014859835.1|G0000071
split_0048	GCA_018814355.1|G0000097
split_0048	GCA_019057475.1|G0000101
split_0048	GCA_020348985.1|G0000110
split_0048	GCA_020355125.1|G0000112
split_0048	GCA_020355125.1|G0000115
split_0048	GCA_027491455.1|G0000139
split_0048	GCA_027492035.1|G0000142
split_0048	GCA_029858465.1|G0000146
split_0048	GCA_035529455.1|G0000154
split_0048	GCA_038840055.1|G0000174
split_0048	GCA_038852135.1|G0000177
split_0048	GCA_038852135.1|G0000178
split_0048	GCA_038852315.1|G0000181
split_0048	GCA_054381495.1|G0000192
split_0048	GOMC.bin.8344|G0000234
split_0049	GCA_001515205.2|G0000013
split_0049	GCA_002011035.2|G0000040
split_0049	GCA_020355125.1|G0000112
split_0049	GCA_020355125.1|G0000115
split_0049	GCA_038852135.1|G0000178
split_0050	GCA_001515205.2|G0000013
split_0050	GCA_038852135.1|G0000178
split_0051	GCA_002011035.2|G0000040
split_0051	GCA_020355125.1|G0000112
split_0051	GCA_020355125.1|G0000115
split_0052	GCA_020355125.1|G0000112
split_0052	GCA_020355125.1|G0000115
split_0053	GCA_001563335.1|G0000015
split_0053	GCA_002011035.2|G0000034
split_0053	GCA_002011035.2|G0000036
split_0053	GCA_002011035.2|G0000038
split_0053	GCA_003056285.1|G0000047
split_0053	GCA_011046235.1|G0000063
split_0053	GCA_011046235.1|G0000064
split_0053	GCA_011046235.1|G0000066
split_0053	GCA_014859835.1|G0000071
split_0053	GCA_018814355.1|G0000097
split_0053	GCA_019057475.1|G0000101
split_0053	GCA_020348985.1|G0000110
split_0053	GCA_027491455.1|G0000139
split_0053	GCA_027492035.1|G0000142
split_0053	GCA_029858465.1|G0000146
split_0053	GCA_035529455.1|G0000154
split_0053	GCA_038840055.1|G0000174
split_0053	GCA_038852135.1|G0000177
split_0053	GCA_038852315.1|G0000181
split_0053	GCA_054381495.1|G0000192
split_0053	GOMC.bin.8344|G0000234
split_0054	GCA_001563335.1|G0000015
split_0054	GCA_011046235.1|G0000063
split_0054	GCA_011046235.1|G0000064
split_0054	GCA_011046235.1|G0000066
split_0054	GCA_014859835.1|G0000071
split_0054	GCA_018814355.1|G0000097
split_0054	GCA_019057475.1|G0000101
split_0054	GCA_020348985.1|G0000110
split_0054	GCA_027491455.1|G0000139
split_0054	GCA_027492035.1|G0000142
split_0054	GCA_029858465.1|G0000146
split_0054	GCA_035529455.1|G0000154
split_0054	GCA_038840055.1|G0000174
split_0054	GCA_038852315.1|G0000181
split_0054	GCA_054381495.1|G0000192
split_0054	GOMC.bin.8344|G0000234
split_0055	GCA_001563335.1|G0000015
split_0055	GCA_019057475.1|G0000101
split_0055	GCA_020348985.1|G0000110
split_0055	GCA_027491455.1|G0000139
split_0055	GCA_027492035.1|G0000142
split_0055	GCA_038840055.1|G0000174
split_0055	GCA_054381495.1|G0000192
split_0056	GCA_001563335.1|G0000015
split_0056	GCA_019057475.1|G0000101
split_0056	GCA_020348985.1|G0000110
split_0056	GCA_038840055.1|G0000174
split_0056	GCA_054381495.1|G0000192
split_0057	GCA_001563335.1|G0000015
split_0057	GCA_019057475.1|G0000101
split_0057	GCA_020348985.1|G0000110
split_0057	GCA_054381495.1|G0000192
split_0058	GCA_001563335.1|G0000015
split_0058	GCA_054381495.1|G0000192
split_0059	GCA_019057475.1|G0000101
split_0059	GCA_020348985.1|G0000110
split_0060	GCA_027491455.1|G0000139
split_0060	GCA_027492035.1|G0000142
split_0061	GCA_011046235.1|G0000063
split_0061	GCA_011046235.1|G0000064
split_0061	GCA_011046235.1|G0000066
split_0061	GCA_014859835.1|G0000071
split_0061	GCA_018814355.1|G0000097
split_0061	GCA_029858465.1|G0000146
split_0061	GCA_035529455.1|G0000154
split_0061	GCA_038852315.1|G0000181
split_0061	GOMC.bin.8344|G0000234
split_0062	GCA_011046235.1|G0000063
split_0062	GCA_011046235.1|G0000064
split_0062	GCA_011046235.1|G0000066
split_0062	GCA_014859835.1|G0000071
split_0062	GCA_018814355.1|G0000097
split_0062	GCA_029858465.1|G0000146
split_0062	GCA_038852315.1|G0000181
split_0062	GOMC.bin.8344|G0000234
split_0063	GCA_011046235.1|G0000063
split_0063	GCA_011046235.1|G0000064
split_0063	GCA_011046235.1|G0000066
split_0063	GCA_029858465.1|G0000146
split_0063	GOMC.bin.8344|G0000234
split_0064	GCA_011046235.1|G0000064
split_0064	GCA_011046235.1|G0000066
split_0064	GCA_029858465.1|G0000146
split_0064	GOMC.bin.8344|G0000234
split_0065	GCA_011046235.1|G0000064
split_0065	GCA_011046235.1|G0000066
split_0065	GCA_029858465.1|G0000146
split_0066	GCA_011046235.1|G0000066
split_0066	GCA_029858465.1|G0000146
split_0067	GCA_014859835.1|G0000071
split_0067	GCA_018814355.1|G0000097
split_0067	GCA_038852315.1|G0000181
split_0068	GCA_014859835.1|G0000071
split_0068	GCA_018814355.1|G0000097
split_0069	GCA_002011035.2|G0000034
split_0069	GCA_002011035.2|G0000036
split_0069	GCA_002011035.2|G0000038
split_0069	GCA_003056285.1|G0000047
split_0069	GCA_038852135.1|G0000177
split_0070	GCA_002011035.2|G0000034
split_0070	GCA_003056285.1|G0000047
split_0070	GCA_038852135.1|G0000177
split_0071	GCA_002011035.2|G0000034
split_0071	GCA_038852135.1|G0000177
split_0072	GCA_002011035.2|G0000036
split_0072	GCA_002011035.2|G0000038
split_0073	GCA_004028775.1|G0000052
split_0073	GCA_004348015.1|G0000053
split_0073	GCA_015661855.1|G0000074
split_0073	GCA_027491415.1|G0000137
split_0073	GCA_038861055.1|G0000182
split_0073	GOMC.bin.2890|G0000224
split_0074	GCA_004028775.1|G0000052
split_0074	GCA_004348015.1|G0000053
split_0074	GCA_015661855.1|G0000074
split_0074	GCA_038861055.1|G0000182
split_0074	GOMC.bin.2890|G0000224
split_0075	GCA_004028775.1|G0000052
split_0075	GCA_004348015.1|G0000053
split_0075	GCA_038861055.1|G0000182
split_0076	GCA_004028775.1|G0000052
split_0076	GCA_038861055.1|G0000182
split_0077	GCA_015661855.1|G0000074
split_0077	GOMC.bin.2890|G0000224
split_0078	GCA_001515205.2|G0000014
split_0078	GCA_002010305.1|G0000032
split_0078	GCA_015523685.1|G0000073
split_0078	GCA_020345945.1|G0000109
split_0078	GCA_020355125.1|G0000114
split_0078	GCA_020725985.1|G0000119
split_0078	GCA_026014815.1|G0000129
split_0078	GCA_026015035.1|G0000130
split_0078	GCA_026015035.1|G0000131
split_0078	GCA_026015035.1|G0000132
split_0078	GCA_026015035.1|G0000133
split_0078	GCA_026015225.1|G0000134
split_0078	GOMC.bin.5632|G0000226
split_0079	GCA_001515205.2|G0000014
split_0079	GCA_020355125.1|G0000114
split_0080	GCA_002010305.1|G0000032
split_0080	GCA_015523685.1|G0000073
split_0080	GCA_020345945.1|G0000109
split_0080	GCA_020725985.1|G0000119
split_0080	GCA_026014815.1|G0000129
split_0080	GCA_026015035.1|G0000130
split_0080	GCA_026015035.1|G0000131
split_0080	GCA_026015035.1|G0000132
split_0080	GCA_026015035.1|G0000133
split_0080	GCA_026015225.1|G0000134
split_0080	GOMC.bin.5632|G0000226
split_0081	GCA_002010305.1|G0000032
split_0081	GCA_015523685.1|G0000073
split_0081	GCA_020725985.1|G0000119
split_0081	GCA_026014815.1|G0000129
split_0081	GCA_026015035.1|G0000130
split_0081	GCA_026015035.1|G0000132
split_0081	GCA_026015035.1|G0000133
split_0081	GCA_026015225.1|G0000134
split_0081	GOMC.bin.5632|G0000226
split_0082	GCA_002010305.1|G0000032
split_0082	GCA_015523685.1|G0000073
split_0082	GCA_020725985.1|G0000119
split_0082	GCA_026015225.1|G0000134
split_0083	GCA_002010305.1|G0000032
split_0083	GCA_015523685.1|G0000073
split_0083	GCA_020725985.1|G0000119
split_0084	GCA_002010305.1|G0000032
split_0084	GCA_015523685.1|G0000073
split_0085	GCA_026014815.1|G0000129
split_0085	GCA_026015035.1|G0000130
split_0085	GCA_026015035.1|G0000132
split_0085	GCA_026015035.1|G0000133
split_0085	GOMC.bin.5632|G0000226
split_0086	GCA_026014815.1|G0000129
split_0086	GOMC.bin.5632|G0000226
split_0087	GCA_026015035.1|G0000130
split_0087	GCA_026015035.1|G0000132
split_0087	GCA_026015035.1|G0000133
split_0088	GCA_026015035.1|G0000130
split_0088	GCA_026015035.1|G0000133
split_0089	GCA_020345945.1|G0000109
split_0089	GCA_026015035.1|G0000131
split_0090	GCA_001563335.1|G0000016
split_0090	GCA_002010305.1|G0000031
split_0090	GCA_002011035.2|G0000033
split_0090	GCA_002011035.2|G0000035
split_0090	GCA_002011035.2|G0000039
split_0090	GCA_002507245.1|G0000043
split_0090	GCA_003144275.1|G0000048
split_0090	GCA_003345595.1|G0000049
split_0090	GCA_003601775.1|G0000050
split_0090	GCA_004524445.1|G0000054
split_0090	GCA_004524445.1|G0000055
split_0090	GCA_004524545.1|G0000056
split_0090	GCA_005223125.1|G0000057
split_0090	GCA_007118075.1|G0000059
split_0090	GCA_011046235.1|G0000065
split_0090	GCA_011364925.1|G0000067
split_0090	GCA_013166775.1|G0000069
split_0090	GCA_014859835.1|G0000070
split_0090	GCA_016294985.1|G0000075
split_0090	GCA_016839295.1|G0000076
split_0090	GCA_016839425.1|G0000077
split_0090	GCA_016839585.1|G0000078
split_0090	GCA_016839765.1|G0000081
split_0090	GCA_016840695.1|G0000082
split_0090	GCA_016932935.1|G0000091
split_0090	GCA_018238545.1|G0000092
split_0090	GCA_018397035.1|G0000093
split_0090	GCA_018814355.1|G0000094
split_0090	GCA_018814355.1|G0000095
split_0090	GCA_018814355.1|G0000096
split_0090	GCA_019056805.1|G0000098
split_0090	GCA_019057385.1|G0000099
split_0090	GCA_019057385.1|G0000100
split_0090	GCA_019057815.1|G0000102
split_0090	GCA_019058015.1|G0000103
split_0090	GCA_019058135.1|G0000105
split_0090	GCA_019058165.1|G0000106
split_0090	GCA_019058445.1|G0000108
split_0090	GCA_020352645.1|G0000111
split_0090	GCA_020355125.1|G0000113
split_0090	GCA_020355125.1|G0000116
split_0090	GCA_020355125.1|G0000117
split_0090	GCA_020355125.1|G0000118
split_0090	GCA_020833005.1|G0000120
split_0090	GCA_021161045.1|G0000121
split_0090	GCA_021498085.1|G0000122
split_0090	GCA_023379805.1|G0000123
split_0090	GCA_023705985.1|G0000124
split_0090	GCA_025059075.1|G0000126
split_0090	GCA_026014815.1|G0000127
split_0090	GCA_026014815.1|G0000128
split_0090	GCA_026015225.1|G0000135
split_0090	GCA_027491455.1|G0000138
split_0090	GCA_027491455.1|G0000140
split_0090	GCA_027492035.1|G0000141
split_0090	GCA_029856435.1|G0000143
split_0090	GCA_029856435.1|G0000144
split_0090	GCA_029858465.1|G0000145
split_0090	GCA_030668165.1|G0000151
split_0090	GCA_034521615.1|G0000152
split_0090	GCA_035529455.1|G0000153
split_0090	GCA_035529455.1|G0000155
split_0090	GCA_035531115.1|G0000156
split_0090	GCA_036012225.1|G0000157
split_0090	GCA_037386725.1|G0000160
split_0090	GCA_038817485.1|G0000162
split_0090	GCA_038817485.1|G0000163
split_0090	GCA_038817485.1|G0000164
split_0090	GCA_038817485.1|G0000165
split_0090	GCA_038819355.1|G0000166
split_0090	GCA_038819355.1|G0000167
split_0090	GCA_038820475.1|G0000168
split_0090	GCA_038820475.1|G0000169
split_0090	GCA_038825165.1|G0000170
split_0090	GCA_038825615.1|G0000171
split_0090	GCA_038825615.1|G0000172
split_0090	GCA_038825625.1|G0000173
split_0090	GCA_038840055.1|G0000175
split_0090	GCA_038852135.1|G0000176
split_0090	GCA_038852285.1|G0000179
split_0090	GCA_038852315.1|G0000180
split_0090	GCA_038873015.1|G0000183
split_0090	GCA_040225955.1|G0000184
split_0090	GCA_041862235.1|G0000185
split_0090	GCA_041862235.1|G0000186
split_0090	GCA_048882505.1|G0000188
split_0090	GCA_048882505.1|G0000189
split_0090	GCA_052584985.1|G0000191
split_0090	GCA_054383595.1|G0000193
split_0090	GCA_054385715.1|G0000195
split_0090	GCA_054389375.1|G0000196
split_0090	GCA_937892815.1|G0000201
split_0090	GCF_024227995.1|G0000221
split_0090	GOMC.bin.12128|G0000222
split_0090	GOMC.bin.2212|G0000223
split_0090	GOMC.bin.5632|G0000227
split_0090	GOMC.bin.5642|G0000228
split_0090	GOMC.bin.5642|G0000229
split_0090	GOMC.bin.5642|G0000230
split_0090	GOMC.bin.8344|G0000233
split_0091	GCA_001563335.1|G0000016
split_0091	GCA_002011035.2|G0000033
split_0091	GCA_002011035.2|G0000035
split_0091	GCA_002507245.1|G0000043
split_0091	GCA_003144275.1|G0000048
split_0091	GCA_003345595.1|G0000049
split_0091	GCA_003601775.1|G0000050
split_0091	GCA_004524445.1|G0000054
split_0091	GCA_004524445.1|G0000055
split_0091	GCA_004524545.1|G0000056
split_0091	GCA_005223125.1|G0000057
split_0091	GCA_007118075.1|G0000059
split_0091	GCA_011046235.1|G0000065
split_0091	GCA_011364925.1|G0000067
split_0091	GCA_013166775.1|G0000069
split_0091	GCA_014859835.1|G0000070
split_0091	GCA_016294985.1|G0000075
split_0091	GCA_016839295.1|G0000076
split_0091	GCA_016839425.1|G0000077
split_0091	GCA_016839585.1|G0000078
split_0091	GCA_016839765.1|G0000081
split_0091	GCA_016840695.1|G0000082
split_0091	GCA_016932935.1|G0000091
split_0091	GCA_018238545.1|G0000092
split_0091	GCA_018397035.1|G0000093
split_0091	GCA_018814355.1|G0000094
split_0091	GCA_018814355.1|G0000095
split_0091	GCA_018814355.1|G0000096
split_0091	GCA_019056805.1|G0000098
split_0091	GCA_019057385.1|G0000100
split_0091	GCA_019057815.1|G0000102
split_0091	GCA_019058015.1|G0000103
split_0091	GCA_019058135.1|G0000105
split_0091	GCA_019058165.1|G0000106
split_0091	GCA_019058445.1|G0000108
split_0091	GCA_020352645.1|G0000111
split_0091	GCA_020355125.1|G0000113
split_0091	GCA_020355125.1|G0000116
split_0091	GCA_020355125.1|G0000117
split_0091	GCA_020355125.1|G0000118
split_0091	GCA_020833005.1|G0000120
split_0091	GCA_021161045.1|G0000121
split_0091	GCA_021498085.1|G0000122
split_0091	GCA_023705985.1|G0000124
split_0091	GCA_025059075.1|G0000126
split_0091	GCA_026014815.1|G0000127
split_0091	GCA_026014815.1|G0000128
split_0091	GCA_026015225.1|G0000135
split_0091	GCA_027491455.1|G0000138
split_0091	GCA_029856435.1|G0000143
split_0091	GCA_029856435.1|G0000144
split_0091	GCA_029858465.1|G0000145
split_0091	GCA_030668165.1|G0000151
split_0091	GCA_034521615.1|G0000152
split_0091	GCA_035529455.1|G0000153
split_0091	GCA_035529455.1|G0000155
split_0091	GCA_035531115.1|G0000156
split_0091	GCA_037386725.1|G0000160
split_0091	GCA_038817485.1|G0000162
split_0091	GCA_038817485.1|G0000163
split_0091	GCA_038817485.1|G0000164
split_0091	GCA_038817485.1|G0000165
split_0091	GCA_038819355.1|G0000166
split_0091	GCA_038819355.1|G0000167
split_0091	GCA_038820475.1|G0000168
split_0091	GCA_038820475.1|G0000169
split_0091	GCA_038825165.1|G0000170
split_0091	GCA_038825615.1|G0000171
split_0091	GCA_038825615.1|G0000172
split_0091	GCA_038825625.1|G0000173
split_0091	GCA_038840055.1|G0000175
split_0091	GCA_038852135.1|G0000176
split_0091	GCA_038852285.1|G0000179
split_0091	GCA_038852315.1|G0000180
split_0091	GCA_038873015.1|G0000183
split_0091	GCA_040225955.1|G0000184
split_0091	GCA_041862235.1|G0000185
split_0091	GCA_041862235.1|G0000186
split_0091	GCA_048882505.1|G0000188
split_0091	GCA_052584985.1|G0000191
split_0091	GCA_054383595.1|G0000193
split_0091	GCA_054385715.1|G0000195
split_0091	GCA_054389375.1|G0000196
split_0091	GCF_024227995.1|G0000221
split_0091	GOMC.bin.12128|G0000222
split_0091	GOMC.bin.2212|G0000223
split_0091	GOMC.bin.5632|G0000227
split_0091	GOMC.bin.5642|G0000228
split_0091	GOMC.bin.5642|G0000229
split_0091	GOMC.bin.5642|G0000230
split_0091	GOMC.bin.8344|G0000233
split_0092	GCA_001563335.1|G0000016
split_0092	GCA_002011035.2|G0000033
split_0092	GCA_002011035.2|G0000035
split_0092	GCA_002507245.1|G0000043
split_0092	GCA_003345595.1|G0000049
split_0092	GCA_003601775.1|G0000050
split_0092	GCA_004524445.1|G0000054
split_0092	GCA_004524445.1|G0000055
split_0092	GCA_004524545.1|G0000056
split_0092	GCA_007118075.1|G0000059
split_0092	GCA_011046235.1|G0000065
split_0092	GCA_014859835.1|G0000070
split_0092	GCA_016294985.1|G0000075
split_0092	GCA_016839425.1|G0000077
split_0092	GCA_016840695.1|G0000082
split_0092	GCA_018397035.1|G0000093
split_0092	GCA_018814355.1|G0000094
split_0092	GCA_018814355.1|G0000095
split_0092	GCA_018814355.1|G0000096
split_0092	GCA_019056805.1|G0000098
split_0092	GCA_019057385.1|G0000100
split_0092	GCA_020352645.1|G0000111
split_0092	GCA_020355125.1|G0000113
split_0092	GCA_020355125.1|G0000116
split_0092	GCA_020355125.1|G0000117
split_0092	GCA_020355125.1|G0000118
split_0092	GCA_020833005.1|G0000120
split_0092	GCA_021161045.1|G0000121
split_0092	GCA_025059075.1|G0000126
split_0092	GCA_026014815.1|G0000127
split_0092	GCA_026014815.1|G0000128
split_0092	GCA_026015225.1|G0000135
split_0092	GCA_027491455.1|G0000138
split_0092	GCA_029856435.1|G0000144
split_0092	GCA_029858465.1|G0000145
split_0092	GCA_034521615.1|G0000152
split_0092	GCA_035529455.1|G0000153
split_0092	GCA_035529455.1|G0000155
split_0092	GCA_035531115.1|G0000156
split_0092	GCA_038817485.1|G0000163
split_0092	GCA_038817485.1|G0000164
split_0092	GCA_038817485.1|G0000165
split_0092	GCA_038819355.1|G0000167
split_0092	GCA_038820475.1|G0000168
split_0092	GCA_038825165.1|G0000170
split_0092	GCA_038825615.1|G0000172
split_0092	GCA_038825625.1|G0000173
split_0092	GCA_038840055.1|G0000175
split_0092	GCA_038852135.1|G0000176
split_0092	GCA_038852315.1|G0000180
split_0092	GCA_038873015.1|G0000183
split_0092	GCA_041862235.1|G0000185
split_0092	GCA_041862235.1|G0000186
split_0092	GCA_054383595.1|G0000193
split_0092	GCF_024227995.1|G0000221
split_0092	GOMC.bin.12128|G0000222
split_0092	GOMC.bin.2212|G0000223
split_0092	GOMC.bin.5632|G0000227
split_0092	GOMC.bin.5642|G0000228
split_0092	GOMC.bin.5642|G0000229
split_0092	GOMC.bin.5642|G0000230
split_0092	GOMC.bin.8344|G0000233
split_0093	GCA_001563335.1|G0000016
split_0093	GCA_002011035.2|G0000033
split_0093	GCA_002507245.1|G0000043
split_0093	GCA_003345595.1|G0000049
split_0093	GCA_003601775.1|G0000050
split_0093	GCA_004524445.1|G0000054
split_0093	GCA_004524445.1|G0000055
split_0093	GCA_007118075.1|G0000059
split_0093	GCA_011046235.1|G0000065
split_0093	GCA_014859835.1|G0000070
split_0093	GCA_016294985.1|G0000075
split_0093	GCA_018397035.1|G0000093
split_0093	GCA_018814355.1|G0000094
split_0093	GCA_019056805.1|G0000098
split_0093	GCA_019057385.1|G0000100
split_0093	GCA_020352645.1|G0000111
split_0093	GCA_020355125.1|G0000118
split_0093	GCA_020833005.1|G0000120
split_0093	GCA_021161045.1|G0000121
split_0093	GCA_025059075.1|G0000126
split_0093	GCA_026014815.1|G0000127
split_0093	GCA_026014815.1|G0000128
split_0093	GCA_026015225.1|G0000135
split_0093	GCA_027491455.1|G0000138
split_0093	GCA_029858465.1|G0000145
split_0093	GCA_034521615.1|G0000152
split_0093	GCA_035529455.1|G0000153
split_0093	GCA_038817485.1|G0000163
split_0093	GCA_038817485.1|G0000164
split_0093	GCA_038817485.1|G0000165
split_0093	GCA_038825165.1|G0000170
split_0093	GCA_038825625.1|G0000173
split_0093	GCA_038840055.1|G0000175
split_0093	GCA_038852135.1|G0000176
split_0093	GCA_038852315.1|G0000180
split_0093	GCA_038873015.1|G0000183
split_0093	GCA_041862235.1|G0000185
split_0093	GCA_041862235.1|G0000186
split_0093	GCF_024227995.1|G0000221
split_0093	GOMC.bin.12128|G0000222
split_0093	GOMC.bin.2212|G0000223
split_0093	GOMC.bin.5632|G0000227
split_0093	GOMC.bin.5642|G0000228
split_0093	GOMC.bin.5642|G0000229
split_0093	GOMC.bin.5642|G0000230
split_0093	GOMC.bin.8344|G0000233
split_0094	GCA_001563335.1|G0000016
split_0094	GCA_003345595.1|G0000049
split_0094	GCA_003601775.1|G0000050
split_0094	GCA_004524445.1|G0000054
split_0094	GCA_004524445.1|G0000055
split_0094	GCA_007118075.1|G0000059
split_0094	GCA_018397035.1|G0000093
split_0094	GCA_019056805.1|G0000098
split_0094	GCA_020355125.1|G0000118
split_0094	GCA_020833005.1|G0000120
split_0094	GCA_021161045.1|G0000121
split_0094	GCA_025059075.1|G0000126
split_0094	GCA_026014815.1|G0000127
split_0094	GCA_026014815.1|G0000128
split_0094	GCA_026015225.1|G0000135
split_0094	GCA_034521615.1|G0000152
split_0094	GCA_038817485.1|G0000164
split_0094	GCA_038825165.1|G0000170
split_0094	GCA_038873015.1|G0000183
split_0094	GCA_041862235.1|G0000185
split_0094	GCF_024227995.1|G0000221
split_0094	GOMC.bin.12128|G0000222
split_0094	GOMC.bin.2212|G0000223
split_0094	GOMC.bin.5632|G0000227
split_0094	GOMC.bin.5642|G0000228
split_0094	GOMC.bin.5642|G0000229
split_0094	GOMC.bin.5642|G0000230
split_0095	GCA_001563335.1|G0000016
split_0095	GCA_003345595.1|G0000049
split_0095	GCA_004524445.1|G0000054
split_0095	GCA_004524445.1|G0000055
split_0095	GCA_020833005.1|G0000120
split_0095	GCA_021161045.1|G0000121
split_0095	GCA_025059075.1|G0000126
split_0095	GCA_026014815.1|G0000128
split_0095	GCA_038825165.1|G0000170
split_0095	GOMC.bin.2212|G0000223
split_0095	GOMC.bin.5632|G0000227
split_0096	GCA_001563335.1|G0000016
split_0096	GCA_003345595.1|G0000049
split_0096	GCA_004524445.1|G0000054
split_0096	GCA_004524445.1|G0000055
split_0096	GCA_038825165.1|G0000170
split_0097	GCA_001563335.1|G0000016
split_0097	GCA_003345595.1|G0000049
split_0097	GCA_004524445.1|G0000054
split_0097	GCA_004524445.1|G0000055
split_0098	GCA_001563335.1|G0000016
split_0098	GCA_003345595.1|G0000049
split_0098	GCA_004524445.1|G0000054
split_0099	GCA_001563335.1|G0000016
split_0099	GCA_003345595.1|G0000049
split_0100	GCA_020833005.1|G0000120
split_0100	GCA_021161045.1|G0000121
split_0100	GCA_025059075.1|G0000126
split_0100	GCA_026014815.1|G0000128
split_0100	GOMC.bin.2212|G0000223
split_0100	GOMC.bin.5632|G0000227
split_0101	GCA_020833005.1|G0000120
split_0101	GCA_025059075.1|G0000126
split_0102	GCA_021161045.1|G0000121
split_0102	GCA_026014815.1|G0000128
split_0102	GOMC.bin.2212|G0000223
split_0102	GOMC.bin.5632|G0000227
split_0103	GCA_021161045.1|G0000121
split_0103	GCA_026014815.1|G0000128
split_0103	GOMC.bin.5632|G0000227
split_0104	GCA_026014815.1|G0000128
split_0104	GOMC.bin.5632|G0000227
split_0105	GCA_003601775.1|G0000050
split_0105	GCA_007118075.1|G0000059
split_0105	GCA_018397035.1|G0000093
split_0105	GCA_019056805.1|G0000098
split_0105	GCA_020355125.1|G0000118
split_0105	GCA_026014815.1|G0000127
split_0105	GCA_026015225.1|G0000135
split_0105	GCA_034521615.1|G0000152
split_0105	GCA_038817485.1|G0000164
split_0105	GCA_038873015.1|G0000183
split_0105	GCA_041862235.1|G0000185
split_0105	GCF_024227995.1|G0000221
split_0105	GOMC.bin.12128|G0000222
split_0105	GOMC.bin.5642|G0000228
split_0105	GOMC.bin.5642|G0000229
split_0105	GOMC.bin.5642|G0000230
split_0106	GCA_003601775.1|G0000050
split_0106	GCA_019056805.1|G0000098
split_0106	GCA_020355125.1|G0000118
split_0106	GCA_026014815.1|G0000127
split_0106	GCA_038817485.1|G0000164
split_0106	GCA_041862235.1|G0000185
split_0106	GOMC.bin.5642|G0000228
split_0106	GOMC.bin.5642|G0000229
split_0106	GOMC.bin.5642|G0000230
split_0107	GCA_003601775.1|G0000050
split_0107	GCA_019056805.1|G0000098
split_0107	GCA_020355125.1|G0000118
split_0107	GCA_026014815.1|G0000127
split_0107	GCA_038817485.1|G0000164
split_0107	GCA_041862235.1|G0000185
split_0107	GOMC.bin.5642|G0000229
split_0108	GCA_019056805.1|G0000098
split_0108	GCA_020355125.1|G0000118
split_0108	GCA_026014815.1|G0000127
split_0108	GCA_038817485.1|G0000164
split_0108	GCA_041862235.1|G0000185
split_0108	GOMC.bin.5642|G0000229
split_0109	GCA_019056805.1|G0000098
split_0109	GCA_020355125.1|G0000118
split_0109	GCA_026014815.1|G0000127
split_0110	GCA_020355125.1|G0000118
split_0110	GCA_026014815.1|G0000127
split_0111	GCA_038817485.1|G0000164
split_0111	GCA_041862235.1|G0000185
split_0111	GOMC.bin.5642|G0000229
split_0112	GCA_038817485.1|G0000164
split_0112	GCA_041862235.1|G0000185
split_0113	GOMC.bin.5642|G0000228
split_0113	GOMC.bin.5642|G0000230
split_0114	GCA_007118075.1|G0000059
split_0114	GCA_018397035.1|G0000093
split_0114	GCA_026015225.1|G0000135
split_0114	GCA_034521615.1|G0000152
split_0114	GCA_038873015.1|G0000183
split_0114	GCF_024227995.1|G0000221
split_0114	GOMC.bin.12128|G0000222
split_0115	GCA_007118075.1|G0000059
split_0115	GCA_034521615.1|G0000152
split_0115	GCF_024227995.1|G0000221
split_0115	GOMC.bin.12128|G0000222
split_0116	GCA_007118075.1|G0000059
split_0116	GCA_034521615.1|G0000152
split_0116	GCF_024227995.1|G0000221
split_0117	GCA_007118075.1|G0000059
split_0117	GCA_034521615.1|G0000152
split_0118	GCA_018397035.1|G0000093
split_0118	GCA_026015225.1|G0000135
split_0118	GCA_038873015.1|G0000183
split_0119	GCA_026015225.1|G0000135
split_0119	GCA_038873015.1|G0000183
split_0120	GCA_002011035.2|G0000033
split_0120	GCA_002507245.1|G0000043
split_0120	GCA_011046235.1|G0000065
split_0120	GCA_014859835.1|G0000070
split_0120	GCA_016294985.1|G0000075
split_0120	GCA_018814355.1|G0000094
split_0120	GCA_019057385.1|G0000100
split_0120	GCA_020352645.1|G0000111
split_0120	GCA_027491455.1|G0000138
split_0120	GCA_029858465.1|G0000145
split_0120	GCA_035529455.1|G0000153
split_0120	GCA_038817485.1|G0000163
split_0120	GCA_038817485.1|G0000165
split_0120	GCA_038825625.1|G0000173
split_0120	GCA_038840055.1|G0000175
split_0120	GCA_038852135.1|G0000176
split_0120	GCA_038852315.1|G0000180
split_0120	GCA_041862235.1|G0000186
split_0120	GOMC.bin.8344|G0000233
split_0121	GCA_002011035.2|G0000033
split_0121	GCA_011046235.1|G0000065
split_0121	GCA_014859835.1|G0000070
split_0121	GCA_016294985.1|G0000075
split_0121	GCA_018814355.1|G0000094
split_0121	GCA_019057385.1|G0000100
split_0121	GCA_020352645.1|G0000111
split_0121	GCA_029858465.1|G0000145
split_0121	GCA_035529455.1|G0000153
split_0121	GCA_038825625.1|G0000173
split_0121	GCA_038852135.1|G0000176
split_0121	GCA_038852315.1|G0000180
split_0121	GOMC.bin.8344|G0000233
split_0122	GCA_002011035.2|G0000033
split_0122	GCA_011046235.1|G0000065
split_0122	GCA_014859835.1|G0000070
split_0122	GCA_016294985.1|G0000075
split_0122	GCA_018814355.1|G0000094
split_0122	GCA_019057385.1|G0000100
split_0122	GCA_029858465.1|G0000145
split_0122	GCA_035529455.1|G0000153
split_0122	GCA_038852135.1|G0000176
split_0122	GCA_038852315.1|G0000180
split_0122	GOMC.bin.8344|G0000233
split_0123	GCA_002011035.2|G0000033
split_0123	GCA_016294985.1|G0000075
split_0123	GCA_019057385.1|G0000100
split_0123	GCA_038852135.1|G0000176
split_0124	GCA_002011035.2|G0000033
split_0124	GCA_038852135.1|G0000176
split_0125	GCA_016294985.1|G0000075
split_0125	GCA_019057385.1|G0000100
split_0126	GCA_011046235.1|G0000065
split_0126	GCA_014859835.1|G0000070
split_0126	GCA_018814355.1|G0000094
split_0126	GCA_029858465.1|G0000145
split_0126	GCA_035529455.1|G0000153
split_0126	GCA_038852315.1|G0000180
split_0126	GOMC.bin.8344|G0000233
split_0127	GCA_011046235.1|G0000065
split_0127	GCA_029858465.1|G0000145
split_0127	GOMC.bin.8344|G0000233
split_0128	GCA_011046235.1|G0000065
split_0128	GCA_029858465.1|G0000145
split_0129	GCA_014859835.1|G0000070
split_0129	GCA_018814355.1|G0000094
split_0129	GCA_035529455.1|G0000153
split_0129	GCA_038852315.1|G0000180
split_0130	GCA_014859835.1|G0000070
split_0130	GCA_018814355.1|G0000094
split_0130	GCA_035529455.1|G0000153
split_0131	GCA_014859835.1|G0000070
split_0131	GCA_018814355.1|G0000094
split_0132	GCA_020352645.1|G0000111
split_0132	GCA_038825625.1|G0000173
split_0133	GCA_002507245.1|G0000043
split_0133	GCA_027491455.1|G0000138
split_0133	GCA_038817485.1|G0000163
split_0133	GCA_038817485.1|G0000165
split_0133	GCA_038840055.1|G0000175
split_0133	GCA_041862235.1|G0000186
split_0134	GCA_002507245.1|G0000043
split_0134	GCA_027491455.1|G0000138
split_0135	GCA_038817485.1|G0000163
split_0135	GCA_038817485.1|G0000165
split_0135	GCA_038840055.1|G0000175
split_0135	GCA_041862235.1|G0000186
split_0136	GCA_038817485.1|G0000163
split_0136	GCA_038817485.1|G0000165
split_0136	GCA_041862235.1|G0000186
split_0137	GCA_038817485.1|G0000163
split_0137	GCA_041862235.1|G0000186
split_0138	GCA_002011035.2|G0000035
split_0138	GCA_004524545.1|G0000056
split_0138	GCA_016839425.1|G0000077
split_0138	GCA_016840695.1|G0000082
split_0138	GCA_018814355.1|G0000095
split_0138	GCA_018814355.1|G0000096
split_0138	GCA_020355125.1|G0000113
split_0138	GCA_020355125.1|G0000116
split_0138	GCA_020355125.1|G0000117
split_0138	GCA_029856435.1|G0000144
split_0138	GCA_035529455.1|G0000155
split_0138	GCA_035531115.1|G0000156
split_0138	GCA_038819355.1|G0000167
split_0138	GCA_038820475.1|G0000168
split_0138	GCA_038825615.1|G0000172
split_0138	GCA_054383595.1|G0000193
split_0139	GCA_002011035.2|G0000035
split_0139	GCA_018814355.1|G0000095
split_0139	GCA_018814355.1|G0000096
split_0139	GCA_020355125.1|G0000113
split_0139	GCA_020355125.1|G0000116
split_0139	GCA_020355125.1|G0000117
split_0139	GCA_035529455.1|G0000155
split_0140	GCA_002011035.2|G0000035
split_0140	GCA_020355125.1|G0000113
split_0140	GCA_020355125.1|G0000116
split_0140	GCA_020355125.1|G0000117
split_0141	GCA_020355125.1|G0000113
split_0141	GCA_020355125.1|G0000116
split_0141	GCA_020355125.1|G0000117
split_0142	GCA_020355125.1|G0000113
split_0142	GCA_020355125.1|G0000117
split_0143	GCA_018814355.1|G0000095
split_0143	GCA_018814355.1|G0000096
split_0143	GCA_035529455.1|G0000155
split_0144	GCA_018814355.1|G0000095
split_0144	GCA_018814355.1|G0000096
split_0145	GCA_004524545.1|G0000056
split_0145	GCA_016839425.1|G0000077
split_0145	GCA_016840695.1|G0000082
split_0145	GCA_029856435.1|G0000144
split_0145	GCA_035531115.1|G0000156
split_0145	GCA_038819355.1|G0000167
split_0145	GCA_038820475.1|G0000168
split_0145	GCA_038825615.1|G0000172
split_0145	GCA_054383595.1|G0000193
split_0146	GCA_004524545.1|G0000056
split_0146	GCA_016839425.1|G0000077
split_0146	GCA_016840695.1|G0000082
split_0146	GCA_035531115.1|G0000156
split_0146	GCA_054383595.1|G0000193
split_0147	GCA_004524545.1|G0000056
split_0147	GCA_016839425.1|G0000077
split_0147	GCA_016840695.1|G0000082
split_0147	GCA_035531115.1|G0000156
split_0148	GCA_004524545.1|G0000056
split_0148	GCA_016839425.1|G0000077
split_0148	GCA_016840695.1|G0000082
split_0149	GCA_016839425.1|G0000077
split_0149	GCA_016840695.1|G0000082
split_0150	GCA_029856435.1|G0000144
split_0150	GCA_038819355.1|G0000167
split_0150	GCA_038820475.1|G0000168
split_0150	GCA_038825615.1|G0000172
split_0151	GCA_029856435.1|G0000144
split_0151	GCA_038819355.1|G0000167
split_0151	GCA_038825615.1|G0000172
split_0152	GCA_029856435.1|G0000144
split_0152	GCA_038825615.1|G0000172
split_0153	GCA_003144275.1|G0000048
split_0153	GCA_005223125.1|G0000057
split_0153	GCA_011364925.1|G0000067
split_0153	GCA_013166775.1|G0000069
split_0153	GCA_016839295.1|G0000076
split_0153	GCA_016839585.1|G0000078
split_0153	GCA_016839765.1|G0000081
split_0153	GCA_016932935.1|G0000091
split_0153	GCA_018238545.1|G0000092
split_0153	GCA_019057815.1|G0000102
split_0153	GCA_019058015.1|G0000103
split_0153	GCA_019058135.1|G0000105
split_0153	GCA_019058165.1|G0000106
split_0153	GCA_019058445.1|G0000108
split_0153	GCA_021498085.1|G0000122
split_0153	GCA_023705985.1|G0000124
split_0153	GCA_029856435.1|G0000143
split_0153	GCA_030668165.1|G0000151
split_0153	GCA_037386725.1|G0000160
split_0153	GCA_038817485.1|G0000162
split_0153	GCA_038819355.1|G0000166
split_0153	GCA_038820475.1|G0000169
split_0153	GCA_038825615.1|G0000171
split_0153	GCA_038852285.1|G0000179
split_0153	GCA_040225955.1|G0000184
split_0153	GCA_048882505.1|G0000188
split_0153	GCA_052584985.1|G0000191
split_0153	GCA_054385715.1|G0000195
split_0153	GCA_054389375.1|G0000196
split_0154	GCA_003144275.1|G0000048
split_0154	GCA_005223125.1|G0000057
split_0154	GCA_011364925.1|G0000067
split_0154	GCA_013166775.1|G0000069
split_0154	GCA_016839295.1|G0000076
split_0154	GCA_016839585.1|G0000078
split_0154	GCA_016839765.1|G0000081
split_0154	GCA_016932935.1|G0000091
split_0154	GCA_018238545.1|G0000092
split_0154	GCA_019057815.1|G0000102
split_0154	GCA_019058015.1|G0000103
split_0154	GCA_019058135.1|G0000105
split_0154	GCA_019058165.1|G0000106
split_0154	GCA_019058445.1|G0000108
split_0154	GCA_021498085.1|G0000122
split_0154	GCA_023705985.1|G0000124
split_0154	GCA_029856435.1|G0000143
split_0154	GCA_030668165.1|G0000151
split_0154	GCA_037386725.1|G0000160
split_0154	GCA_038819355.1|G0000166
split_0154	GCA_038820475.1|G0000169
split_0154	GCA_038825615.1|G0000171
split_0154	GCA_038852285.1|G0000179
split_0154	GCA_048882505.1|G0000188
split_0154	GCA_054385715.1|G0000195
split_0154	GCA_054389375.1|G0000196
split_0155	GCA_003144275.1|G0000048
split_0155	GCA_005223125.1|G0000057
split_0155	GCA_011364925.1|G0000067
split_0155	GCA_013166775.1|G0000069
split_0155	GCA_016839295.1|G0000076
split_0155	GCA_016839585.1|G0000078
split_0155	GCA_016839765.1|G0000081
split_0155	GCA_016932935.1|G0000091
split_0155	GCA_018238545.1|G0000092
split_0155	GCA_019057815.1|G0000102
split_0155	GCA_019058015.1|G0000103
split_0155	GCA_019058135.1|G0000105
split_0155	GCA_019058165.1|G0000106
split_0155	GCA_019058445.1|G0000108
split_0155	GCA_021498085.1|G0000122
split_0155	GCA_023705985.1|G0000124
split_0155	GCA_030668165.1|G0000151
split_0155	GCA_037386725.1|G0000160
split_0155	GCA_048882505.1|G0000188
split_0155	GCA_054389375.1|G0000196
split_0156	GCA_003144275.1|G0000048
split_0156	GCA_005223125.1|G0000057
split_0156	GCA_011364925.1|G0000067
split_0156	GCA_013166775.1|G0000069
split_0156	GCA_016839295.1|G0000076
split_0156	GCA_016839585.1|G0000078
split_0156	GCA_016839765.1|G0000081
split_0156	GCA_016932935.1|G0000091
split_0156	GCA_018238545.1|G0000092
split_0156	GCA_019057815.1|G0000102
split_0156	GCA_019058015.1|G0000103
split_0156	GCA_019058135.1|G0000105
split_0156	GCA_019058165.1|G0000106
split_0156	GCA_019058445.1|G0000108
split_0156	GCA_021498085.1|G0000122
split_0156	GCA_023705985.1|G0000124
split_0156	GCA_037386725.1|G0000160
split_0156	GCA_048882505.1|G0000188
split_0157	GCA_003144275.1|G0000048
split_0157	GCA_005223125.1|G0000057
split_0157	GCA_011364925.1|G0000067
split_0157	GCA_016839295.1|G0000076
split_0157	GCA_016839585.1|G0000078
split_0157	GCA_016839765.1|G0000081
split_0157	GCA_016932935.1|G0000091
split_0157	GCA_019058015.1|G0000103
split_0157	GCA_019058135.1|G0000105
split_0157	GCA_019058445.1|G0000108
split_0157	GCA_037386725.1|G0000160
split_0157	GCA_048882505.1|G0000188
split_0158	GCA_003144275.1|G0000048
split_0158	GCA_016839295.1|G0000076
split_0158	GCA_048882505.1|G0000188
split_0159	GCA_016839295.1|G0000076
split_0159	GCA_048882505.1|G0000188
split_0160	GCA_005223125.1|G0000057
split_0160	GCA_011364925.1|G0000067
split_0160	GCA_016839585.1|G0000078
split_0160	GCA_016839765.1|G0000081
split_0160	GCA_016932935.1|G0000091
split_0160	GCA_019058015.1|G0000103
split_0160	GCA_019058135.1|G0000105
split_0160	GCA_019058445.1|G0000108
split_0160	GCA_037386725.1|G0000160
split_0161	GCA_005223125.1|G0000057
split_0161	GCA_016839585.1|G0000078
split_0161	GCA_019058015.1|G0000103
split_0161	GCA_019058135.1|G0000105
split_0161	GCA_019058445.1|G0000108
split_0162	GCA_005223125.1|G0000057
split_0162	GCA_016839585.1|G0000078
split_0163	GCA_019058015.1|G0000103
split_0163	GCA_019058135.1|G0000105
split_0163	GCA_019058445.1|G0000108
split_0164	GCA_019058015.1|G0000103
split_0164	GCA_019058135.1|G0000105
split_0165	GCA_011364925.1|G0000067
split_0165	GCA_016839765.1|G0000081
split_0165	GCA_016932935.1|G0000091
split_0165	GCA_037386725.1|G0000160
split_0166	GCA_011364925.1|G0000067
split_0166	GCA_016839765.1|G0000081
split_0167	GCA_016932935.1|G0000091
split_0167	GCA_037386725.1|G0000160
split_0168	GCA_013166775.1|G0000069
split_0168	GCA_018238545.1|G0000092
split_0168	GCA_019057815.1|G0000102
split_0168	GCA_019058165.1|G0000106
split_0168	GCA_021498085.1|G0000122
split_0168	GCA_023705985.1|G0000124
split_0169	GCA_013166775.1|G0000069
split_0169	GCA_018238545.1|G0000092
split_0169	GCA_019057815.1|G0000102
split_0169	GCA_021498085.1|G0000122
split_0169	GCA_023705985.1|G0000124
split_0170	GCA_013166775.1|G0000069
split_0170	GCA_018238545.1|G0000092
split_0170	GCA_021498085.1|G0000122
split_0171	GCA_013166775.1|G0000069
split_0171	GCA_018238545.1|G0000092
split_0172	GCA_019057815.1|G0000102
split_0172	GCA_023705985.1|G0000124
split_0173	GCA_030668165.1|G0000151
split_0173	GCA_054389375.1|G0000196
split_0174	GCA_029856435.1|G0000143
split_0174	GCA_038819355.1|G0000166
split_0174	GCA_038820475.1|G0000169
split_0174	GCA_038825615.1|G0000171
split_0174	GCA_038852285.1|G0000179
split_0174	GCA_054385715.1|G0000195
split_0175	GCA_029856435.1|G0000143
split_0175	GCA_038819355.1|G0000166
split_0175	GCA_038820475.1|G0000169
split_0175	GCA_038825615.1|G0000171
split_0175	GCA_054385715.1|G0000195
split_0176	GCA_029856435.1|G0000143
split_0176	GCA_038825615.1|G0000171
split_0177	GCA_038819355.1|G0000166
split_0177	GCA_038820475.1|G0000169
split_0177	GCA_054385715.1|G0000195
split_0178	GCA_038819355.1|G0000166
split_0178	GCA_038820475.1|G0000169
split_0179	GCA_038817485.1|G0000162
split_0179	GCA_040225955.1|G0000184
split_0179	GCA_052584985.1|G0000191
split_0180	GCA_040225955.1|G0000184
split_0180	GCA_052584985.1|G0000191
split_0181	GCA_002010305.1|G0000031
split_0181	GCA_002011035.2|G0000039
split_0181	GCA_019057385.1|G0000099
split_0181	GCA_023379805.1|G0000123
split_0181	GCA_027491455.1|G0000140
split_0181	GCA_027492035.1|G0000141
split_0181	GCA_036012225.1|G0000157
split_0181	GCA_048882505.1|G0000189
split_0181	GCA_937892815.1|G0000201
split_0182	GCA_002010305.1|G0000031
split_0182	GCA_002011035.2|G0000039
split_0182	GCA_023379805.1|G0000123
split_0182	GCA_027491455.1|G0000140
split_0182	GCA_027492035.1|G0000141
split_0182	GCA_036012225.1|G0000157
split_0182	GCA_937892815.1|G0000201
split_0183	GCA_002010305.1|G0000031
split_0183	GCA_002011035.2|G0000039
split_0183	GCA_027491455.1|G0000140
split_0183	GCA_027492035.1|G0000141
split_0183	GCA_937892815.1|G0000201
split_0184	GCA_002010305.1|G0000031
split_0184	GCA_002011035.2|G0000039
split_0184	GCA_027491455.1|G0000140
split_0184	GCA_027492035.1|G0000141
split_0185	GCA_002010305.1|G0000031
split_0185	GCA_002011035.2|G0000039
split_0185	GCA_027491455.1|G0000140
split_0186	GCA_002010305.1|G0000031
split_0186	GCA_002011035.2|G0000039
split_0187	GCA_023379805.1|G0000123
split_0187	GCA_036012225.1|G0000157
split_0188	GCA_019057385.1|G0000099
split_0188	GCA_048882505.1|G0000189
split_0189	GCF_000308215.1|G0000205
split_0189	GCF_000711905.1|G0000212
split_0189	GOMC.bin.874|G0000235
split_0190	GCF_000308215.1|G0000205
split_0190	GCF_000711905.1|G0000212
split_0191	GCA_001914405.1|G0000017
split_0191	GCA_001914405.1|G0000022
split_0191	GCA_001914405.1|G0000024
split_0191	GCA_001940655.1|G0000025
split_0191	GCA_002010065.2|G0000026
split_0191	GCA_002010215.1|G0000030
split_0191	GCA_002494725.1|G0000042
split_0191	GCA_003695745.1|G0000051
split_0191	GCA_005223125.1|G0000058
split_0191	GCA_013152845.1|G0000068
split_0191	GCA_015523685.1|G0000072
split_0191	GCA_016839585.1|G0000079
split_0191	GCA_016839765.1|G0000080
split_0191	GCA_016932935.1|G0000090
split_0191	GCA_019058135.1|G0000104
split_0191	GCA_019058315.1|G0000107
split_0191	GCA_024256165.1|G0000125
split_0191	GCA_027021185.1|G0000136
split_0191	GCA_030587475.2|G0000147
split_0191	GCA_036444275.1|G0000158
split_0191	GCA_036446635.1|G0000159
split_0191	GCA_038046745.1|G0000161
split_0191	GCA_048887225.1|G0000190
split_0191	GCF_002153915.1|G0000217
split_0191	GCF_002153915.1|G0000220
split_0191	GOMC.bin.3028|G0000225
split_0191	GOMC.bin.7887|G0000231
split_0191	GOMC.bin.7984|G0000232
split_0191	GOMC.bin.874|G0000236
split_0192	GCA_001914405.1|G0000017
split_0192	GCA_001914405.1|G0000022
split_0192	GCA_001914405.1|G0000024
split_0192	GCA_001940655.1|G0000025
split_0192	GCA_002010065.2|G0000026
split_0192	GCA_002010215.1|G0000030
split_0192	GCA_002494725.1|G0000042
split_0192	GCA_003695745.1|G0000051
split_0192	GCA_005223125.1|G0000058
split_0192	GCA_013152845.1|G0000068
split_0192	GCA_015523685.1|G0000072
split_0192	GCA_016839585.1|G0000079
split_0192	GCA_016839765.1|G0000080
split_0192	GCA_016932935.1|G0000090
split_0192	GCA_019058135.1|G0000104
split_0192	GCA_019058315.1|G0000107
split_0192	GCA_027021185.1|G0000136
split_0192	GCA_030587475.2|G0000147
split_0192	GCA_036444275.1|G0000158
split_0192	GCA_036446635.1|G0000159
split_0192	GCA_038046745.1|G0000161
split_0192	GCA_048887225.1|G0000190
split_0192	GCF_002153915.1|G0000217
split_0192	GCF_002153915.1|G0000220
split_0192	GOMC.bin.7887|G0000231
split_0192	GOMC.bin.7984|G0000232
split_0192	GOMC.bin.874|G0000236
split_0193	GCA_001914405.1|G0000017
split_0193	GCA_001914405.1|G0000022
split_0193	GCA_001914405.1|G0000024
split_0193	GCA_001940655.1|G0000025
split_0193	GCA_005223125.1|G0000058
split_0193	GCA_016839585.1|G0000079
split_0193	GCA_016839765.1|G0000080
split_0193	GCA_016932935.1|G0000090
split_0193	GCA_019058135.1|G0000104
split_0193	GCA_019058315.1|G0000107
split_0193	GCA_030587475.2|G0000147
split_0193	GCA_048887225.1|G0000190
split_0193	GCF_002153915.1|G0000217
split_0193	GCF_002153915.1|G0000220
split_0193	GOMC.bin.7984|G0000232
split_0194	GCA_001914405.1|G0000017
split_0194	GCA_001914405.1|G0000022
split_0194	GCA_001914405.1|G0000024
split_0194	GCF_002153915.1|G0000217
split_0194	GCF_002153915.1|G0000220
split_0195	GCA_001914405.1|G0000022
split_0195	GCA_001914405.1|G0000024
split_0196	GCA_001914405.1|G0000017
split_0196	GCF_002153915.1|G0000217
split_0196	GCF_002153915.1|G0000220
split_0197	GCF_002153915.1|G0000217
split_0197	GCF_002153915.1|G0000220
split_0198	GCA_001940655.1|G0000025
split_0198	GCA_005223125.1|G0000058
split_0198	GCA_016839585.1|G0000079
split_0198	GCA_016839765.1|G0000080
split_0198	GCA_016932935.1|G0000090
split_0198	GCA_019058135.1|G0000104
split_0198	GCA_019058315.1|G0000107
split_0198	GCA_030587475.2|G0000147
split_0198	GCA_048887225.1|G0000190
split_0198	GOMC.bin.7984|G0000232
split_0199	GCA_005223125.1|G0000058
split_0199	GCA_016839585.1|G0000079
split_0199	GCA_016839765.1|G0000080
split_0199	GCA_016932935.1|G0000090
split_0199	GCA_019058135.1|G0000104
split_0199	GCA_019058315.1|G0000107
split_0199	GCA_030587475.2|G0000147
split_0199	GCA_048887225.1|G0000190
split_0199	GOMC.bin.7984|G0000232
split_0200	GCA_005223125.1|G0000058
split_0200	GCA_016932935.1|G0000090
split_0200	GCA_019058135.1|G0000104
split_0200	GCA_030587475.2|G0000147
split_0200	GCA_048887225.1|G0000190
split_0201	GCA_005223125.1|G0000058
split_0201	GCA_019058135.1|G0000104
split_0201	GCA_048887225.1|G0000190
split_0202	GCA_005223125.1|G0000058
split_0202	GCA_019058135.1|G0000104
split_0203	GCA_016932935.1|G0000090
split_0203	GCA_030587475.2|G0000147
split_0204	GCA_016839585.1|G0000079
split_0204	GCA_016839765.1|G0000080
split_0204	GCA_019058315.1|G0000107
split_0204	GOMC.bin.7984|G0000232
split_0205	GCA_016839585.1|G0000079
split_0205	GCA_016839765.1|G0000080
split_0206	GCA_019058315.1|G0000107
split_0206	GOMC.bin.7984|G0000232
split_0207	GCA_002010065.2|G0000026
split_0207	GCA_002010215.1|G0000030
split_0207	GCA_002494725.1|G0000042
split_0207	GCA_003695745.1|G0000051
split_0207	GCA_013152845.1|G0000068
split_0207	GCA_015523685.1|G0000072
split_0207	GCA_027021185.1|G0000136
split_0207	GCA_036444275.1|G0000158
split_0207	GCA_036446635.1|G0000159
split_0207	GCA_038046745.1|G0000161
split_0207	GOMC.bin.7887|G0000231
split_0207	GOMC.bin.874|G0000236
split_0208	GCA_002010065.2|G0000026
split_0208	GCA_002010215.1|G0000030
split_0208	GCA_002494725.1|G0000042
split_0208	GCA_003695745.1|G0000051
split_0208	GCA_013152845.1|G0000068
split_0208	GCA_027021185.1|G0000136
split_0208	GCA_036444275.1|G0000158
split_0208	GCA_036446635.1|G0000159
split_0208	GCA_038046745.1|G0000161
split_0208	GOMC.bin.7887|G0000231
split_0208	GOMC.bin.874|G0000236
split_0209	GCA_002010065.2|G0000026
split_0209	GCA_002494725.1|G0000042
split_0209	GCA_003695745.1|G0000051
split_0209	GCA_013152845.1|G0000068
split_0209	GCA_027021185.1|G0000136
split_0209	GCA_036444275.1|G0000158
split_0209	GCA_036446635.1|G0000159
split_0209	GCA_038046745.1|G0000161
split_0209	GOMC.bin.7887|G0000231
split_0209	GOMC.bin.874|G0000236
split_0210	GCA_002010065.2|G0000026
split_0210	GCA_003695745.1|G0000051
split_0210	GCA_013152845.1|G0000068
split_0210	GCA_027021185.1|G0000136
split_0210	GCA_036444275.1|G0000158
split_0210	GCA_036446635.1|G0000159
split_0210	GCA_038046745.1|G0000161
split_0210	GOMC.bin.7887|G0000231
split_0210	GOMC.bin.874|G0000236
split_0211	GCA_002010065.2|G0000026
split_0211	GCA_013152845.1|G0000068
split_0211	GCA_027021185.1|G0000136
split_0211	GCA_036444275.1|G0000158
split_0211	GCA_036446635.1|G0000159
split_0211	GCA_038046745.1|G0000161
split_0211	GOMC.bin.7887|G0000231
split_0211	GOMC.bin.874|G0000236
split_0212	GCA_002010065.2|G0000026
split_0212	GCA_013152845.1|G0000068
split_0212	GCA_027021185.1|G0000136
split_0212	GCA_036444275.1|G0000158
split_0212	GCA_036446635.1|G0000159
split_0212	GOMC.bin.7887|G0000231
split_0212	GOMC.bin.874|G0000236
split_0213	GCA_002010065.2|G0000026
split_0213	GCA_013152845.1|G0000068
split_0213	GCA_027021185.1|G0000136
split_0213	GOMC.bin.7887|G0000231
split_0213	GOMC.bin.874|G0000236
split_0214	GCA_002010065.2|G0000026
split_0214	GCA_027021185.1|G0000136
split_0214	GOMC.bin.874|G0000236
split_0215	GCA_002010065.2|G0000026
split_0215	GOMC.bin.874|G0000236
split_0216	GCA_013152845.1|G0000068
split_0216	GOMC.bin.7887|G0000231
split_0217	GCA_036444275.1|G0000158
split_0217	GCA_036446635.1|G0000159
split_0218	GCA_024256165.1|G0000125
split_0218	GOMC.bin.3028|G0000225
split_0219	GCA_000306725.1|G0000007
split_0219	GCA_000306725.1|G0000012
split_0219	GCA_016841265.1|G0000085
split_0219	GCA_016841265.1|G0000088
split_0219	GCA_030611265.1|G0000150
split_0220	GCA_000306725.1|G0000007
split_0220	GCA_000306725.1|G0000012
split_0221	GCA_016841265.1|G0000085
split_0221	GCA_016841265.1|G0000088
split_0221	GCA_030611265.1|G0000150
split_0222	GCA_016841265.1|G0000085
split_0222	GCA_016841265.1|G0000088
split_0223	GCA_001914405.1|G0000019
split_0223	GCA_001914405.1|G0000020
split_0223	GCA_001914405.1|G0000023
split_0223	GCA_002011035.2|G0000037
split_0223	GOMC.bin.874|G0000238
split_0224	GCA_001914405.1|G0000019
split_0224	GCA_001914405.1|G0000020
split_0224	GCA_001914405.1|G0000023
split_0224	GOMC.bin.874|G0000238
split_0225	GCA_001914405.1|G0000019
split_0225	GCA_001914405.1|G0000020
split_0226	GCA_001914405.1|G0000023
split_0226	GOMC.bin.874|G0000238
split_0227	GCA_054385715.1|G0000194
split_0227	GCF_002153915.1|G0000216
split_0227	GCF_002153915.1|G0000218
split_0228	GCF_002153915.1|G0000216
split_0228	GCF_002153915.1|G0000218
split_0229	ERR4283445_bin.66|G0000004
split_0229	GCA_002067865.1|G0000041
split_0229	GCA_002508545.1|G0000046
split_0229	GCA_905202485.1|G0000198
split_0229	GCF_000308215.1|G0000206
split_0229	GCF_000308215.1|G0000208
split_0229	GCF_000308215.1|G0000211
split_0230	ERR4283445_bin.66|G0000004
split_0230	GCA_002508545.1|G0000046
split_0230	GCA_905202485.1|G0000198
split_0230	GCF_000308215.1|G0000206
split_0230	GCF_000308215.1|G0000208
split_0230	GCF_000308215.1|G0000211
split_0231	ERR4283445_bin.66|G0000004
split_0231	GCA_002508545.1|G0000046
split_0231	GCA_905202485.1|G0000198
split_0231	GCF_000308215.1|G0000208
split_0232	ERR4283445_bin.66|G0000004
split_0232	GCA_905202485.1|G0000198
split_0233	GCA_002508545.1|G0000046
split_0233	GCF_000308215.1|G0000208
split_0234	GCF_000308215.1|G0000206
split_0234	GCF_000308215.1|G0000211
split_0235	ERR4283445_bin.66|G0000005
split_0235	GCA_905202485.1|G0000197
split_0235	GCF_000308215.1|G0000207
split_0236	ERR4283445_bin.66|G0000005
split_0236	GCA_905202485.1|G0000197
