split_id	n_genes_side	n_genes_other	branch_support	member_sha256	first_gene
split_0001	3	389	NA	500603cafc601d2efa1336d839a81b95f45fbfd52aee01c988d2421e7554ddb4	GCA_000247545.1|G0000002
split_0002	2	390	NA	7b4cec8f1df0f744ddefc734ac1a1cd1843935e7168bcd7c97b00ffbf472fda9	GCA_000247545.1|G0000002
split_0003	4	388	NA	0ae4b6b2c61a876e99720506d7a515c7ee46a79ed6dea14f40d5a079adf72e06	ERR4283445_bin.66|G0000001
split_0004	8	384	NA	40d35cd63c0c49e90bc506b546cc29a6a4bf81f1417c09e8170c2633b579cbc8	ERR4283445_bin.66|G0000001
split_0005	28	364	NA	61b1bb3ea6cfefb03b81a44d182e40c6a2c47541ed47307af915de5f13a8605d	ERR4283445_bin.66|G0000001
split_0006	123	269	NA	07b55f373c49af002a5eb7a624dafec05ddba46919c31786f29668b110dc99bc	GCA_000270325.1|G0000003
split_0007	113	279	NA	e9758150d256d826ee0ef64fd5838de633de399f56b1e31a9de44c3001896b9f	GCA_000270325.1|G0000003
split_0008	107	285	NA	5b6af7239d7a6587e90b3094bc5b14f08bce2d69937e22df8bb0238d26f1475b	GCA_000270325.1|G0000003
split_0009	64	328	NA	f5dcd071349e24b4f321edae1e342ea20bfb6ba096c446ee9c5b174dfa6375ff	GCA_000270325.1|G0000003
split_0010	45	347	NA	f30e21a2036cbd18fc9cecfeb125d1c9eb1ac199f40374ecf086e615969d5fa1	GCA_000270325.1|G0000003
split_0011	31	361	NA	bffb8c25000cefff1c26fb681506c4ebd9c18fea434c2c42bff068cda552cf68	GCA_000270325.1|G0000003
split_0012	17	375	NA	8b710765b2b2af10aa0d49ff5e851b684883f44ec3e9ca9da34a385e6f0f460c	GCA_000270325.1|G0000005
split_0013	7	385	NA	8645f0d7facf704e910da52668a4ba1ee0d28c08db6a3f84eb7ed53db971c009	GCA_000270325.1|G0000005
split_0014	6	386	NA	96eee26acb8ae44e7af640ac2cd06d67eb7994f190af034bd688a225637534c6	GCA_000270325.1|G0000005
split_0015	5	387	NA	ca0537d28168c902eee0d5a78f16fc0d1141e2808c278c4677e008edfb2b88b4	GCA_000270325.1|G0000005
split_0016	4	388	NA	932b51675e374917b267ab6dbd098200d27a329781540f85140c77f222297a11	GCA_000270325.1|G0000005
split_0017	3	389	NA	adf20250b48313d43c3ace8ef387603c7e8de5e6530e3280f2bb298d2ece5576	GCA_000270325.1|G0000005
split_0018	2	390	NA	e3aa5d4e656b682ba9acbcebcb4b8eaf37c4f92b83061a27443038ee7be7286d	GCA_000270325.1|G0000005
split_0019	10	382	NA	113a5a321e3fb395acfa1b504c8b0336aa43cf12e2874fd848782456b235a43a	GCA_003662535.1|G0000053
split_0020	4	388	NA	67b67e157951dbbd2e55cbe030a2529e7e9adf9fbbddaaa6ffc230fce7da2437	GCA_003662535.1|G0000053
split_0021	3	389	NA	5b2d33647bc55a6bef3e4094b7c0cbc8c46bc5c263d11c1ffb2f6ca98dbd1875	GCA_015521325.1|G0000093
split_0022	2	390	NA	79ec3b3bb7d07c569f269cfb41f9c02a0bfb781f293c97a062b2af0a0a9e1532	GCA_015521325.1|G0000093
split_0023	6	386	NA	85d4343695ecfd3de7efe1cd898f577f3fa43b24ab40270bdd1344d11fd5a38b	GCA_011046235.1|G0000073
split_0024	2	390	NA	91d73c964a25c63dc1de2a300ad9b93c7f4b766dbc130bc0f9faa810a274e764	GCA_011046235.1|G0000073
split_0025	4	388	NA	2aad53dbc18e0f30835416247c0a03a5d264bdf0bc36bc612f977c5198459b34	GCA_014859835.1|G0000087
split_0026	3	389	NA	5916dfe4ab6366467d84f7ff4672c6d57ee547bd14d6bd019d961eb8a88d3813	GCA_018814355.1|G0000132
split_0027	2	390	NA	8a78401fa511da9f17db26d15a93e9f6f7d2d58fd5dc247d39b21175444d00e3	GCA_018814355.1|G0000132
split_0028	14	378	NA	3332df10e41b22345ba65864b51748fae7178b64623bd6614d817055c937a0f9	GCA_000270325.1|G0000003
split_0029	13	379	NA	364e30810ac3c97792aa5fe3b7d5d3aad25209f960474c0e4f7ec3a04cd328d6	GCA_000270325.1|G0000003
split_0030	10	382	NA	0a92fb6420102f6d1107c81b628a2818035fe286c9ccfbc893c75b25cfce5b39	GCA_000270325.1|G0000003
split_0031	9	383	NA	1ef18ed60b9edb714421ce522edd5dc087c5a3d42bff74192719d629dccc83d9	GCA_000270325.1|G0000003
split_0032	6	386	NA	24a86ad602d65d2724d8decb12baca1eea8104155063e09cb9606b07ae06fa47	GCA_000270325.1|G0000003
split_0033	5	387	NA	5df3f2d658be6c7c919369d120af62f5ed9414555a6d5068fddf585259e256b6	GCA_000270325.1|G0000003
split_0034	3	389	NA	713fcb33b06a56e32b632697730d8605da3206c9f079810bc21422c14c8202fb	GCA_000270325.1|G0000003
split_0035	2	390	NA	6c9d5bc381d8caecdb88f0a50e6f6a8b91c8dcab600f1d2751fccc057e7cd822	GCA_000270325.1|G0000003
split_0036	2	390	NA	2b65772d097ce998817a122a178193815d4882cd05551e3b0d104b7737424ca3	GCA_038817485.1|G0000287
split_0037	3	389	NA	f78f57077a0e83e25dce6b672f941216e7a8411a34050f3f54ed1d7899f9dc7c	GCA_016840485.1|G0000113
split_0038	2	390	NA	60ffd9846524f6320239b926687973948a364086948a9d3e5e979db95568958b	GCA_038727395.1|G0000273
split_0039	3	389	NA	e540103cc33ee8b11b7fca6332a35c41c2ffe87d19bce09919633613ac30550a	GCA_038728585.1|G0000279
split_0040	2	390	NA	9d2cd9d6b7bcc4e3a644105280aa3d1f04cbd8d4b2c724ae9c6483ca84762a48	GCA_038728585.1|G0000279
split_0041	14	378	NA	c72e2bd6f2a5e5877e6553a7ecc72afc99120cf6692d59018f95269037358d37	GCA_002009975.1|G0000023
split_0042	6	386	NA	a99c0c2dfc0ee78d14c175b2fcc7f9f37f8c47d9f61d25dd1856d73b7d9ff20f	GCA_002009975.1|G0000023
split_0043	5	387	NA	7dab5eb068eeddb870498beb6dc263835dfd835af9b07226efac1a680e77ed02	GCA_002009975.1|G0000023
split_0044	4	388	NA	5bbcc80a85db4aa12cec984166968d61955a576729735b7d634b8674439f57f0	GCA_002009975.1|G0000023
split_0045	2	390	NA	17d0d1fd1706023a21fd9848150cabd4c4b3bf304b986bc9b35090aa0dba019a	GCA_002009975.1|G0000023
split_0046	2	390	NA	592cfedda037e7d725218357f01649e35c0b9c12035bd91269b4bf2695507df3	GCA_020345945.1|G0000146
split_0047	8	384	NA	02094fb92aa6e9e44466c2269d1af5ac642821c394bee0ba08c1ac337cfb7879	GCA_002506015.1|G0000030
split_0048	4	388	NA	59677d916cfd57f8be096576d82c606d48d2d8aa1879013676da5ab1ec70ca0f	GCA_002506015.1|G0000030
split_0049	2	390	NA	d8d8c97ae1ffbea19e5f6e2936d042dc37b28269873d867422a39583afec44b0	GCA_002506015.1|G0000030
split_0050	2	390	NA	56b17d10744c33b7d42c6d5b70e28a989261e6b4ffd0ab59f8be6e799300b9ef	GCA_003660605.1|G0000050
split_0051	4	388	NA	bca499ad45944607febae4b93995f055a05c1c2ff6f3d01f35c7d11fa00812a1	GCA_020854925.1|G0000152
split_0052	3	389	NA	958cece13c5a856cf0298b8a6ee7a174c7058cd4becc230ee4f478d02e741fb4	GCA_020854925.1|G0000152
split_0053	2	390	NA	7475401c2f5aa36655e8920285538797e68b641e4bc534a22b520090f38d2d7b	GCA_020854925.1|G0000152
split_0054	19	373	NA	d66aa450d161b7816bf0071728899fa9b39b9edbd7775cbde0f718f9ad10c962	GCA_017608045.1|G0000120
split_0055	17	375	NA	0224e15f0c52fad9d15943cff4f373917e51e71712cb37328039731c25dd0f68	GCA_017608045.1|G0000120
split_0056	16	376	NA	94629ef169271d84c56976f203b13a01017a62b783a418a12ac41d4dc5f3de03	GCA_017608045.1|G0000120
split_0057	11	381	NA	beed5f18fa50d36d0a87c86365ca2df3fcda5a305eef79879ac4d45be77f5dca	GCA_017608045.1|G0000120
split_0058	10	382	NA	936e266a6bb533138e688677fb51b4b5a80c855b1fc1faffa5c7b12f80e0822a	GCA_017608045.1|G0000120
split_0059	9	383	NA	a52d748c4d968395ce6b431c231ea01381b0c96caab9996afb6b5d325c05a2c0	GCA_017608045.1|G0000120
split_0060	3	389	NA	6de010b742d1c3377906e49cb7ec91bda42ef7d27f0214c401e01ff17ba258fd	GCA_017608045.1|G0000120
split_0061	2	390	NA	9db3de0b87a9ffbc182ee5236c43faff2c2a8b7cd68db348a2da11a856b23342	GCA_017608045.1|G0000120
split_0062	6	386	NA	b991810051bd834c0cd2da726aa53fed985f034d6cd81a9745767519c3cd84bf	GCA_028715295.1|G0000222
split_0063	5	387	NA	25cb75f2a61bb09492b850a13b94f60ea65bcc98d5c46fbbaa1ec72d0ee432bc	GCA_028715295.1|G0000222
split_0064	4	388	NA	4a04868082dab4ca3a6a27cb6b7c151de694781e40cf7a8830fcd288fe9b0fd4	GCA_028715295.1|G0000222
split_0065	3	389	NA	5d7512f9c8d80fe205f071edf1041dcffb21dad3139fb23d485ddfea6416b491	GCA_028715295.1|G0000222
split_0066	2	390	NA	59a0676f9b3bb23d318a7f5dc28bd1059ec18902601d6011f349dfaa7458cab7	GCA_028715295.1|G0000222
split_0067	5	387	NA	de59edc7dcc4c6fd56b51817314b61e8bc903d2b732eefdde680f47aa43b89c7	GCA_019058165.1|G0000140
split_0068	4	388	NA	fb3694e2f4f3608c4073cdac3edb0b0603a25d07f6a84d559c9b081443904704	GCA_019058165.1|G0000140
split_0069	3	389	NA	1b5765b3c709ea686642cf650020eb48c49da1fc797ce1e21bc4216cab9f671a	GCA_019058165.1|G0000140
split_0070	2	390	NA	6b0df07f3f7aa79233db7ac3a7ed3396354235150ff72eff610697e4829bb113	GCA_019058165.1|G0000140
split_0071	2	390	NA	d76f5250b1bc4a0203190182f60dd0e747ce323db014dddc276c9860995116bd	GCA_037917685.1|G0000272
split_0072	43	349	NA	43c4dfa9d22244642f0465ca7337cc7472983e544a436f334aa29f032c1097b7	GCA_000380705.1|G0000007
split_0073	18	374	NA	38c46c68cea07e4097f3600539de4e5ed6b0686585fd5a78ef4e80659fc3160e	GCA_000380705.1|G0000007
split_0074	8	384	NA	9dd3ba30e75277cfb0ec953aa305e3fb3143bc851463583dfba13fe651c4ee0a	GCA_000380705.1|G0000007
split_0075	5	387	NA	9956eb79b6ae4cdba7beeeca6cfe67ea1673a897b24ee7595d5135b1f989c48f	GCA_000380705.1|G0000007
split_0076	2	390	NA	da380ad3cded9309b0657c1f1a5456d1211827c3ad8757aa3ae3f1b1f7dbc204	GCA_000380705.1|G0000007
split_0077	3	389	NA	572333be85974b974b9bf27e853e36c847a3822dd168410d84232f7c5a5b106f	GCA_038727395.1|G0000276
split_0078	2	390	NA	57b29b3085b41a0707df9ffba3e03e0bea14f7c97ccadf576e71f961aee2e588	GCA_038727395.1|G0000276
split_0079	3	389	NA	70d1bdcf92d4eac4ffe13c0548df0098a2d9d629e28c046c0e6bb6beb7274886	GCA_902384935.1|G0000355
split_0080	2	390	NA	898270edad8a28842b96ea3788ca6a54c2b602d85694bb6a0317ded9adb6d0cc	GOMC.bin.16766|G0000369
split_0081	10	382	NA	8869098112c9f4db037eb5cfc6f06348b77e37f0437d90e52dfb41afac426da2	GCA_000508305.1|G0000008
split_0082	9	383	NA	2d27b0dd4a29478f466d727069e241b9dbffe3b5b4dfde8bc788ae06b9f931ae	GCA_000508305.1|G0000008
split_0083	2	390	NA	566388cc81a15abf1fe1d362fd1b72c2f204618c643aa450badba75b0a4d03e1	GCA_000508305.1|G0000008
split_0084	7	385	NA	1fcedf0df556587b796be2c426f2845fd54fb775544f389e9f01fce5c6b34bbb	GCA_000965745.1|G0000011
split_0085	6	386	NA	8a835a6d0983e3e16329d9f2bf72acec58b32bcee1f530dfbd21facf9ffda04a	GCA_000965745.1|G0000011
split_0086	2	390	NA	98bc0a39e6eb525b1eb27a173521b7758fcfd26643bd3f2a05526d7b22816034	GCA_000965745.1|G0000011
split_0087	4	388	NA	65e77b2edee3aabdb5bf01433a2eec148f32fb9ddaf8950e0f32e84a010a4f10	GCA_021324115.1|G0000168
split_0088	3	389	NA	5196fe53d7e84e59c2d8b8b1d3b635546ccc055d2a78ef4ea5cc876d01cc5255	GCA_021324115.1|G0000168
split_0089	2	390	NA	f3cf6cef92181a70f75c9daccb0b42fb3a8e2f9a4e92250edfda8227cb4ae338	GCA_029775965.1|G0000233
split_0090	25	367	NA	cbb2f48e854cd79526c979631997ec798412a808e7399c1fd4cd0f91c0080ebf	GCA_001871475.1|G0000020
split_0091	19	373	NA	4d16ca72fb0d143705f8514cd3c6edcc3db23cd86d449daf88a4abeb36c0eec8	GCA_001871475.1|G0000020
split_0092	18	374	NA	8a7a944e1d243e5c427be1d94cda934aa54ffd651078bc8ae56efb8883d1a7d7	GCA_001871475.1|G0000020
split_0093	16	376	NA	201c01ff0288518ed34fdbc86af012b9c24fc609ab4a3de3ec04b384edab489b	GCA_001871475.1|G0000020
split_0094	10	382	NA	2d5da1a3421edca96295b88f9eebd7dcd105b6c1afb59d099806b2d53b048d6a	GCA_001871475.1|G0000020
split_0095	8	384	NA	803f9667317a2a43a2b98c87497bc2d7b9e45f27f93de81b989c519884fccbe9	GCA_001871475.1|G0000020
split_0096	5	387	NA	5da8bb1cff838905d9935d91428ea8c788236a980a0447328accab142cb8bf74	GCA_001871475.1|G0000020
split_0097	4	388	NA	005007ae385b4ee15f44b914095e35da93b3465eccc9ef368c73e051ebce2c70	GCA_001871475.1|G0000020
split_0098	2	390	NA	df4b550a2c3051e64a5bb8bf6be996879e9cbc2e549911f64ca8c3bf1c8d23cf	GCA_001871475.1|G0000020
split_0099	2	390	NA	737a58203f04fcc3eb32365dff3f77837fc18308e097c7fd5d1a22b4feada720	GCA_026396425.1|G0000210
split_0100	3	389	NA	cf56670f44f55a063a725597e75c94472eaed58e4aebed54a7f50b08a95b6169	GCA_014727925.1|G0000081
split_0101	2	390	NA	52c445e986b89bd8d41dc67e11bc7e92d84f8507eb5a83af4f1f03d942dabb95	GCA_014727925.1|G0000081
split_0102	2	390	NA	301bb48a84559787c525553d4901edd5f63a30fc03a2e1db72347534fce2d65a	GCA_005239845.1|G0000067
split_0103	6	386	NA	6067b954c88089df9a6f10c13e15c8ccb18f711f32e77c87a45613dba37aab70	GCA_013426015.1|G0000080
split_0104	3	389	NA	2ed57c7beaa880b241751e0a7093a308ee24f9811bd344d0d4ff89fd90aca68d	GCA_013426015.1|G0000080
split_0105	2	390	NA	07884bac227ed8bfcddce4172a70a13261435a291bd95c10cec854c6711534b2	GCA_013426015.1|G0000080
split_0106	3	389	NA	c7d2f4e11f757d50a70edfbfbddf3f86d814181801e3b0c9a0e46e4547274928	GCA_021813385.1|G0000180
split_0107	2	390	NA	0663c6f1446907b6a008b813deef85581e5cc88b5d74a96f6911b86169d48a2d	GCA_021823945.1|G0000181
split_0108	2	390	NA	237b9234e5635413481f5260ba708f9357ad8e4aed77d179fb91e5af0446c49a	GCA_021107635.1|G0000153
split_0109	6	386	NA	856c824b1dfbaadd0db66e73b7910d6ec836bf0200579e10b32e9ab69e11e8d8	GCA_016931255.1|G0000116
split_0110	4	388	NA	a6d274b57e87078e8aa732af78ff6155c3205839aebfd0f01bb9f7d1eabad8c9	GCA_016931255.1|G0000116
split_0111	3	389	NA	76f135cb3b87c81d1af7c7153fdcb4f2bc18e94a4a017d6b87de7e6a2c6d3348	GCA_016931255.1|G0000116
split_0112	2	390	NA	2aa6ef4d3aaefc68be8aa5851a04e6d83b5dde4527f29cdbf2c13880c0059b1c	GCA_052246955.1|G0000335
split_0113	2	390	NA	7ca9c9c33355bef7260a33717f9045ae3f3e2a6831d09e862966ce9cb3d2aea0	GCA_021162425.1|G0000160
split_0114	6	386	NA	31a5e06ed9c175f7d4a9ca13574267780c5a52a75e07eb4a8451759ce02f3058	GCA_018396725.1|G0000127
split_0115	5	387	NA	5cc4fd7b032b7b62b91d2d3f52b816fd7af6fa71fd3c31849c72ec65d5a1d064	GCA_018396725.1|G0000127
split_0116	2	390	NA	b2f00fc4aa7d21e0f03740cf5e73a927a5d9e421323212616f923fecb75aca0c	GCA_018396725.1|G0000127
split_0117	3	389	NA	6a7a3f8514d69af1c16bbb9b64f20eed542920b4453771708a80cfdb6df4cc23	GCA_021161745.1|G0000158
split_0118	2	390	NA	4b8a77f8b027546aa21ab63be3ae6004920c83b2b0e7f5396f33052429c2b49c	GCA_021163245.1|G0000166
split_0119	10	382	NA	156263589ddb3452796de3b9504f0fe152dbff547a5701d5a6c2764dbee4faf2	GCA_003116855.1|G0000038
split_0120	4	388	NA	daa5cc577eb7e0483585a406ee5f4a95ceb5b4a296ffeece02657d4f29345eac	GCA_003116855.1|G0000038
split_0121	3	389	NA	6d99c3faeb57b635d4e91b2fd9e80db944f41bd7abf0823edffc6d467456fd48	GCA_038727395.1|G0000274
split_0122	2	390	NA	a1181754cd4c3fbae72a3721c26520b4964a7fcac9147253de6e125d9acbb05c	GCA_038741495.1|G0000283
split_0123	6	386	NA	e52a8b4e0bc2ea40d3980b4146aa9353276df779d223c190f86e6f730ca4d785	GCA_003650785.1|G0000047
split_0124	5	387	NA	89d5e90f192083c8a1aa5d4837ff52dab03bb768fe00f15548b454e65e892575	GCA_003650785.1|G0000047
split_0125	2	390	NA	4d03dda2860183a00ae08c539b0004802e3211c6956bdd75a8e0bf1caee5a88a	GCA_003650785.1|G0000047
split_0126	3	389	NA	332223b110baf7a9ec06b89925bf7f411ab4853b0eb56a033f39be985b99e744	GCA_037917685.1|G0000270
split_0127	2	390	NA	d8e2f9a2ab73080ecb04907e5a7c64c1459360c6b3b1fc0091d75c05e56cdd87	GCA_040225955.1|G0000316
split_0128	151	241	NA	a9ffe6c0dc66a46ce76efefaed9bafb9be90ff86c5bc2838492d61294443a15f	ERR4283445_bin.66|G0000001
split_0129	154	238	NA	59cc67c3dcb84b9ebded2938b8e7b787f568e48c3cd2ea3369c5b5f9349185c0	ERR4283445_bin.66|G0000001
split_0130	157	235	NA	b292590a0072b4366200b1ecccb6a6bc3dce58efdae1aa8776f02880fa420caf	ERR4283445_bin.66|G0000001
split_0131	168	224	NA	1c8d206304ccfea45943da62deaddbe64fa2805674a2e083668268a9e3712a28	ERR4283445_bin.66|G0000001
split_0132	147	245	NA	17c307f702508082aa9be2616559d33b8801b6b4d97c48cd43dfa1a4fc39ff52	GCA_000270325.1|G0000004
split_0133	129	263	NA	d3e98d99c7be4d9012be0b581da080c002243beb814cddd492dda2dc755e8e83	GCA_000270325.1|G0000004
split_0134	110	282	NA	032063bdeb4c894b4402a02d1aac14c81a5b84248b40b3506c7914a982161324	GCA_000270325.1|G0000004
split_0135	69	323	NA	0efa0fa54df5fba944db8e5f30c992705a7e357fd6ff57a0a4bbbeba75d451fb	GCA_000270325.1|G0000004
split_0136	14	378	NA	826c97ce8126f35a9ad48000ac6e8a35e80358a9617b8de159a0fd5f7f6217c1	GCA_000270325.1|G0000004
split_0137	7	385	NA	f441a238bff6318bb625ec673e3be3f894daad4fb7d474c9ffc2f36ec0e1895a	GCA_000270325.1|G0000004
split_0138	4	388	NA	6dbc585d78a14e6383464cc5872bb93f799c0dbf1c05b49964275941721d3ae3	GCA_000270325.1|G0000004
split_0139	3	389	NA	1b73055dcf11d77891e7e650b5891bea000d10453b531c2dd7ef8f46c62375eb	GCA_000270325.1|G0000004
split_0140	2	390	NA	c474db6ffaa7f60ec8d80589df5ffe613262083fee1f74cf71837b4bcec5cee2	GCA_000270325.1|G0000004
split_0141	3	389	NA	9d6a4c60a5b8c96cbb450fdfb1019f8e465c35713d3a94727363d2a035aaeb19	GCA_003056285.1|G0000037
split_0142	2	390	NA	77204409a6d151ffccf234e27187de0bbdb13fdf3bc30b2829a95c5ccb1d2a0b	GCA_003056285.1|G0000037
split_0143	7	385	NA	def4bc871b717cd0d54d1798e181f8fc38c67525e750db6a94fb0ec787d2c285	GCA_002507085.1|G0000031
split_0144	4	388	NA	1b0bd2f5aaa0c50a14f9ad132fff95698c0b7dc537db6cc4f5b1652f70a07121	GCA_002507085.1|G0000031
split_0145	2	390	NA	a72c52ab582cd1c0ed4b7a5a476ca1c685967ce427af1739a4ff7b483d8e4f8a	GCA_002507085.1|G0000031
split_0146	2	390	NA	31e7359f126e41dc57f93296b527f055d299883b0e5ab6c7663ccecce0853f17	GCA_002898395.1|G0000035
split_0147	3	389	NA	368eecf8502ec80311bc981f264d15becd380528b342726343dca1f37a5af61a	GCA_021323375.2|G0000167
split_0148	2	390	NA	32b6c0a701b8ba19795f544d29308e9f2c3918778dec5ddb8724ec2ddac821d7	GCA_021323375.2|G0000167
split_0149	55	337	NA	e67cbf620cf6251fd352dbdde5cd52fa5955611615ff80eb665a20e8e0fa839c	GCA_001273385.1|G0000012
split_0150	51	341	NA	4574e6ea2375ac39d730bf61dbd0b552906746e4160066d741eff3f4442be9a2	GCA_001273385.1|G0000012
split_0151	49	343	NA	018ed9d4a783602ebe5c917ce3c20a4eb14914d841a2e278a8320cb14aecc5dd	GCA_001273385.1|G0000012
split_0152	48	344	NA	79deaa30977e01e6f4b042a9912893616b0b10dc5d12805e68e5a1f12e22e9de	GCA_001273385.1|G0000012
split_0153	32	360	NA	3cdb8a955875476c7a68acf65cf2b9a894dbd62767241d464eced992c69fb14d	GCA_001273385.1|G0000012
split_0154	30	362	NA	f1cb98ef8ba33db883126a0a8aabe8f30230e6f18a18012ea237ceb3c8323f9c	GCA_001273385.1|G0000012
split_0155	25	367	NA	bb3a9f8155f3bafdefa1f35d6073ea2f0b34e9099880e08d388d8635a2ca9964	GCA_001273385.1|G0000012
split_0156	24	368	NA	028623f1ed7e6aafd1b6f4e649a844b852494721b3d09489b98ecc3a9331968b	GCA_001273385.1|G0000012
split_0157	23	369	NA	a6f021c6dc69298c27406b2cbffc0d01eff9200337384cce5e63645c151c30af	GCA_001273385.1|G0000012
split_0158	18	374	NA	063a126f46e8770dd391fbeed13bcff4edd9872be8c60e9b15f02dacec7ee1f4	GCA_001273385.1|G0000012
split_0159	12	380	NA	372a3f880f2d9ac4cbf822f0573594a693fa48cb8ef091c5559c23e18e9e3e1b	GCA_001273385.1|G0000012
split_0160	11	381	NA	a2a7e1653f01c319a2ce6f09c3a62c61bc43a77a6b07d7eecbe20f162a4e44ca	GCA_001273385.1|G0000012
split_0161	10	382	NA	b773033665bcdef24ab4ea87229d7a8d2f19599149aa719179421d7eb5f3b74a	GCA_001273385.1|G0000012
split_0162	9	383	NA	9c86d9248b4b02bdbaccfadb488ceebfa946e88ca75d4936e1d38c1e86632991	GCA_001273385.1|G0000012
split_0163	2	390	NA	2211629943e38f7c5ab882c405103d32448671ab866e36ee8ea4cff7493767b3	GCA_001273385.1|G0000012
split_0164	7	385	NA	36fd959c5284a104bd2afb05a65563a95d8fbf6ce3d307e504359c1350bf4503	GCA_004376295.1|G0000057
split_0165	3	389	NA	7244ebd1e9013e99879407335feb54bcba8a8db2507be0e85caaadd7abbd0f63	GCA_004376295.1|G0000057
split_0166	2	390	NA	1397a3f26d0d4f9c51abc6c0f2ffcc3f92f968d8e62bb9697516a771bab36dae	GCA_004376295.1|G0000057
split_0167	4	388	NA	d5a1e1d9f14cbbc352550ab6e51dfb8e8c8d6715ae3d14a1858c228abb5197c4	GCA_004376645.1|G0000058
split_0168	2	390	NA	f3528beed7226f513b42db29bc423b8152c24e018beef4a902e53b7b83533beb	GCA_004376645.1|G0000058
split_0169	2	390	NA	1846f554870906ddacf45eda2fec20c104ee9715dde5aa76e1177c3b7bf6cacf	GCA_034660895.1|G0000259
split_0170	6	386	NA	6ae61dfca2cb940286126c0d3678647ca7925143b939862bed31296203e220b2	GCA_003662645.1|G0000054
split_0171	3	389	NA	6676972ac840e2bb19a5b97e292c5632b379448cfab10b5b76cf40438b1a8df5	GCA_003662645.1|G0000054
split_0172	2	390	NA	a1da6a014a22cf97eeec9b0abcf23603bd487da8ef8e28fc015bda0d0e7d7cee	GCA_038846965.1|G0000295
split_0173	3	389	NA	6ebf16f7da9c90791058d74a5ddecad30e1c24db5aa46d708c26174dad8db9cf	GCA_009889585.1|G0000072
split_0174	2	390	NA	d4b8abdd5251b3f705fe478275ea9683090a952a72519c0178386c72b7b4b629	GCA_009889585.1|G0000072
split_0175	5	387	NA	99e1ff490e6363d202256787ae85cb9236a0ca924bd4ded5ddf7b28cf36e8b4d	GCA_003662535.1|G0000052
split_0176	2	390	NA	b2901017013dd354020d63722369d16e24d50357118e6ff0e1135196157387c5	GCA_003662535.1|G0000052
split_0177	3	389	NA	723a7595c59cc554cd0ab4578f140c3eb8bafc84c4ff9c5a0bdd617c1b715be6	GCA_021158125.1|G0000154
split_0178	2	390	NA	ff77c6002b4388c83b4cd5ac3468efe0f72d87ecef0d08fb307befc159d6d25c	GCA_021158125.1|G0000154
split_0179	5	387	NA	721258cb36d85697461389081eb5389cb4dcddc0cc5f102f4546acef050b3571	GCA_020355125.1|G0000149
split_0180	3	389	NA	626bbab2650303e8c87a226c71e16fee4f61638c072d2cddea6e22bc9ac70bf0	GCA_020355125.1|G0000149
split_0181	2	390	NA	68d097f4079393de9b4a643ca9d3dc91efe829c9521a79bd0556584055e5046a	GCA_026015035.1|G0000206
split_0182	2	390	NA	cf5103d842a2675c7fd5436a7f7d22eb86067653ec310b3c7684c7d0b4686e02	GCA_023128135.1|G0000185
split_0183	2	390	NA	9a533eb9347b29a0f53e82e1e6dc94022c2a7194359f60312571b33b8016fb5a	GCA_001775995.1|G0000019
split_0184	16	376	NA	4266c3b2b456de20b7dbdddac0a255f60bb5c1b2160f6b27f86164b66a3082b3	GCA_001768965.1|G0000018
split_0185	12	380	NA	3c96cc086ddf1d0068de56825e4e73bae51113aadb5df165eeb1e7cc369550bb	GCA_001768965.1|G0000018
split_0186	10	382	NA	35a14ad2310a237ef1bbbf34574b4a4462990d06a0e976795a1941c42e56d8c2	GCA_001768965.1|G0000018
split_0187	9	383	NA	4ee41d657b6cb0290f16806b391e57f340667f46c3d326528daabf803c05cb7e	GCA_005884195.1|G0000068
split_0188	6	386	NA	bbcf426df64a4f97b66559f6f6e9f7d66f5633c17b171e6aefa06fc6af6e6228	GCA_005884195.1|G0000068
split_0189	5	387	NA	00855540a461fd02eb684f23f21f208e8cfa78b564c72968e29d700efd3522ed	GCA_005884195.1|G0000068
split_0190	3	389	NA	026f7009f89bebbf382eb915920923a28354a78d40f8e28b45ef16fe9e241cd1	GCA_005884195.1|G0000068
split_0191	2	390	NA	5cf33fdae11669508fa15ddf39ad6ac39c040c640dbbb5f04aa0df7773cc95eb	GCA_005884195.1|G0000068
split_0192	2	390	NA	8915f441f5a29f04dfb395252676c508b2895951a9771169d8d0d82ecc677def	GCA_018397035.1|G0000131
split_0193	3	389	NA	f77bd22103ac8205bf77989de604ac70a452d9ef44cd646ab925c1c2707be6de	GCA_026015185.1|G0000207
split_0194	2	390	NA	55abf5e0a1a7905602d2fb6035e8304fef89bc038f9d861cf46bed70be36bd0e	GCA_026015185.1|G0000207
split_0195	2	390	NA	472c55ac0f95190db733a9ed3f693b72b5e3ac5dc63d6d71b3a91af7cda28003	GCA_018396775.1|G0000130
split_0196	4	388	NA	c7b25f21fd04e3d2e10f19b50adc262cc7522561d0906e018849307fe78bbcce	GCA_018396725.1|G0000128
split_0197	2	390	NA	67661370f7797df8d8625feed5c44af9513a00547ff1bcf6f5c4b1ffae29a946	GCA_018396725.1|G0000128
split_0198	2	390	NA	29ecd1e85f505a6958091636870970d75054e3052f58ec458aeba333151c76eb	GOMC.bin.2212|G0000372
split_0199	2	390	NA	de16dcdf9998fcf9b0599bb8feee565ae5e6347ff7c36202403da47e152ad3ea	GCA_002011035.2|G0000024
split_0200	4	388	NA	171b1f478e98abaa3290529ba5d8b64bac25202fb6e9f9cf4468958af58dca72	GCA_001593865.1|G0000015
split_0201	3	389	NA	3f5515bab4a9242b8ced1b9e73bf31f3d67bfea3449ce596bc9ab53ead8becdd	GCA_001593865.1|G0000015
split_0202	2	390	NA	a71681f8a44db78e08e8e420020358b4870affbd8df4478c53daf94cfa066b90	GCA_001593865.1|G0000015
split_0203	41	351	NA	ddc9b216f354180145e0e4bfbf153a79038a9a7fced928ad90787bbbdcc0000e	GCA_002011085.2|G0000025
split_0204	34	358	NA	fd936ebe01a426563ea97c0698442980b9f266920ba705c608abd8bceaab62a0	GCA_002011085.2|G0000025
split_0205	4	388	NA	b8d24a924ff7b28610a85a572d8b311b597dbefcb87346624896bf5c9920bd6c	GCA_002011085.2|G0000025
split_0206	3	389	NA	0ee1b9181673df72e31775cda5e3d9e34308ade343ad2038aed616d251f8a15f	GCA_002011085.2|G0000025
split_0207	2	390	NA	e4d62eaf1fd7bb1b61a613ad473c45742d61fd665de5f4c8d2a57e1f5c34ab95	GCA_002011085.2|G0000025
split_0208	30	362	NA	3af7f7b4f09665a7954840a9eb611cd8d734c8f1cca66ad1f6a689dd171f8a50	GCA_002495315.1|G0000029
split_0209	27	365	NA	1a9815aeb72754c780b74a481d55893110e8922d7229044c83475b7d3eb72c59	GCA_002495315.1|G0000029
split_0210	25	367	NA	ac5eb4fa79d63fb9ccc828f27c457ba38fe4b987b323932adbbd7801976c85bf	GCA_002495315.1|G0000029
split_0211	20	372	NA	afef856141e93843208f326a0788caec97e953bda6aad8a22f068b9530765fe3	GCA_002495315.1|G0000029
split_0212	19	373	NA	541711cbc4758a1c597a4a10b8a0ce3e8e0ec4499dcaf47ad8470027c850ec62	GCA_002495315.1|G0000029
split_0213	11	381	NA	cdcb288197c7fc099cdf298583521da43d934ab9c36b90c354f5f1eb62834381	GCA_002495315.1|G0000029
split_0214	7	385	NA	9e22609514a14d0b6e472cd26eee50bf4c02a0476a96ad66e04fcc3e43115363	GCA_002495315.1|G0000029
split_0215	3	389	NA	8e044a77d2b0c7ae28ac85d88310036279cebde69a3fcdd3b386992c460348d5	GCA_002495315.1|G0000029
split_0216	2	390	NA	f4bbdb3fc50198bce74a1eab25e1b1259d3b042adf0e06b8b0c3147093bd03e6	GCA_029775995.1|G0000234
split_0217	4	388	NA	9eccff2758dfbaf3eaa6528542262ffafe54e93b81ac09f1abce09e8a87ea4ef	GCA_003164815.1|G0000041
split_0218	3	389	NA	f2291444db42170abb103daba8ca298b729f22deafa39c8943bd1f84a246f762	GCA_021851265.1|G0000182
split_0219	2	390	NA	1df14ddf8758e7b3b52c8eca543694ff5c9f6eaa04883493a56514da1b79c700	GCA_021851265.1|G0000182
split_0220	4	388	NA	6b31794240784d52dc6defb094d93135f2d9a74e3921edeb77e7ba208894009e	GCA_011605775.1|G0000077
split_0221	3	389	NA	17404b9f7f97669304abf1231b9bee4f3da78459eb63ced6459797fcea4217ed	GCA_023266955.1|G0000190
split_0222	2	390	NA	a504a4b1f27fb9f24f3db3a50e0f7203b077b317f556177738eab287f72755ec	GCA_027886795.1|G0000219
split_0223	8	384	NA	2cc56d60d5052155db67be20f85051a710b5c7162837c9e8bde9a40ad2e74551	GCA_013306035.1|G0000078
split_0224	5	387	NA	20a2574c365943e3023b36ef8a1117ed817a8e5bc9e1e8c222b87d841a9c34ce	GCA_013306035.1|G0000078
split_0225	4	388	NA	d6ef52f5739a31a4b78a8c26b96f4b96724c63ccf40efc8c1fce45836b6457c8	GCA_013306035.1|G0000078
split_0226	2	390	NA	58838a8e2a151863b2d5afaa5662a3046538f9e60d2bf20b6eda9add32c24b8b	GCA_013306035.1|G0000078
split_0227	2	390	NA	d71d700a83b93995d1e2b0baa543345cdc3fd92c23cfebd88c0a4df10ab90052	GCA_016180375.1|G0000098
split_0228	3	389	NA	761abd519d7bc0abd8321334ae632a578b924885863ae0234d07321ab24fa3f4	GCA_023379805.1|G0000193
split_0229	2	390	NA	99ae09979023dd14550f6fc1c0de9e0ad17f3e1fddabfaf17aac0d4df06fbd96	GCA_023379805.1|G0000193
split_0230	5	387	NA	af5236466cd1ac1a79d89a04942aa2bcaf821aa79451ac670832c615327e4f17	GCA_021324115.1|G0000169
split_0231	4	388	NA	7a9707f206bed3b425066a135123898ba31a4f6c3da9dea66dc2bb084ae9f228	GCA_021324115.1|G0000169
split_0232	3	389	NA	0daff05ceafd483ac039ea8392d67863ad14c1ff4db10e84b7ff79743ef823f0	GCA_021324115.1|G0000169
split_0233	2	390	NA	358169b88598aa6f7838bba1a74a44504d72f3d4f5968586318b2d215d61a57e	GCA_021324115.1|G0000169
split_0234	2	390	NA	318ef4c5097d495957d19cdd7019499014867484f04c36ad479f8527070d7449	GCA_027297425.1|G0000214
split_0235	3	389	NA	82649e5fe7c2ce0b1d608943bcd60412c09feb43e41a852f0095dfbddd759f26	GCA_015522695.1|G0000094
split_0236	2	390	NA	693a24ee94cb7e8550ec40b2e7825fc1a41464158c3e76c25c8d4af833ac103e	GCA_021162925.1|G0000162
split_0237	7	385	NA	7bdbb7beaca49a18568328722d64614febde5b3fb6f5a2bcd720715e983dbc65	GCA_002255045.1|G0000027
split_0238	6	386	NA	a5aa497626d732a8adaea4ad31ad02f0de687d770c5efffeb591ce5c31bcca49	GCA_002255045.1|G0000027
split_0239	5	387	NA	6885216c123f73dd7cdda2fe2ff6dba62444890b6e979c06f4a285eeae390e44	GCA_011605725.1|G0000076
split_0240	3	389	NA	ef78f117b3f34af1caec773be520e272896da0b35e6b2a5b91e6f91db75e7fef	GCA_011605725.1|G0000076
split_0241	2	390	NA	575558a0555ab922b5c321c7af2a50779f4845537421fe6ec4529d46f11f26a6	GCA_011605725.1|G0000076
split_0242	2	390	NA	4a842109386e4d0452d181eacd20c403be0f140424a382cee4ad1c68d8c52c92	GCA_038730885.1|G0000280
split_0243	19	373	NA	0490bec6a611576520083bd05b42c1d158a65d31d1e90f19d5852b427729abcd	GCA_000380705.1|G0000006
split_0244	17	375	NA	2a2dd17cd60801d9a6c68aa90029304ac93f1772048c3e57996970f30a41de85	GCA_000380705.1|G0000006
split_0245	3	389	NA	5842353df6611db1f41dfa20f154bfb217b24a4fe80533768fad395208d8ec08	GCA_000380705.1|G0000006
split_0246	2	390	NA	f9a97f3ba478f5a8f881a65cdc1bbf85fb0ed6f0bfa036011bfbceb52744f6f8	GCA_000380705.1|G0000006
split_0247	14	378	NA	d9204ab020ae4f2e8cd854424ee4a243e713fa68809f4641ba72a4dc791778ca	GCA_001717025.1|G0000016
split_0248	9	383	NA	d01420815879a65b213e96de346fd9f84ed7e73815b74eebe21a2703471ae6e5	GCA_001717025.1|G0000016
split_0249	5	387	NA	41859d7c2d632a871c685ff86a5e588e0745dfb52c983b201c5bdfe38292cd08	GCA_001717025.1|G0000016
split_0250	4	388	NA	4bb76271d0304821c825cf28510af52f034b70d3356e73c257f617a0c7cdbb1e	GCA_001717025.1|G0000016
split_0251	2	390	NA	5ad63333616cb913d7deb6176d69cb7a8636667eb38e57f57e768dd25d9eb4fb	GCA_001717025.1|G0000016
split_0252	2	390	NA	9147d195f4ce3f40f2f191ba484146bbb9da6ed9232a0256baa80c8a8b4cdbe2	GCA_004348015.1|G0000056
split_0253	4	388	NA	d89bdc5bca61d0a6562d922608b9b155238da3c6d225ef47705171f0b43de355	GCA_026413605.1|G0000211
split_0254	3	389	NA	15e15e7243847e8a94ed19670f363da68fc427f4668b112a45ef14f2f9b1ae16	GCA_026413605.1|G0000211
split_0255	2	390	NA	b1d34844c87dc5918a123e3a4559a24d9a6c026e853974b5273f3b3d6de3f2b6	GCA_029259155.1|G0000228
split_0256	5	387	NA	add57e83542e273ff882f5790a9f5f0cbbe9687ac5f316d8fb6d94cb41302b5a	GCA_003649155.1|G0000044
split_0257	4	388	NA	b34dc5fb8c4abb753214843f8401e6605be2325ae52697b5536c185eb1e19df9	GCA_003649155.1|G0000044
split_0258	3	389	NA	4e303144ee900d5fed3cc05708fa59d3a24b23c463b20b3c99265470218943fc	GCA_003649155.1|G0000044
split_0259	2	390	NA	ea5f8833164cf4ec9f991a4ab0f9f717c4be461c04821fc4b496981ccea57364	GCA_003649155.1|G0000044
split_0260	2	390	NA	0e9620deafb4a3b140259c75a767b4c40f95bdd3171e2dc52117e4c74e30a030	GCA_015520395.1|G0000088
split_0261	18	374	NA	a2c26b710593b44a62e3acd470a25c1fc6277eab937fef435fe54c74ba71ec58	GCA_002254595.1|G0000026
split_0262	14	378	NA	9df568d11a57e853eb82c1bc9f811504e3d0cb71ea7b873849f82a1e8e0dc594	GCA_002254595.1|G0000026
split_0263	13	379	NA	aabeb13a7fc50d6befd73ce103462ba4d864424ca1f474c51babb0821bd2df67	GCA_003650785.1|G0000048
split_0264	3	389	NA	d4384ad7ad8a0d53382a86e892b4d2c16276768daa7f3d9625f4f9f9e89aa1a5	GCA_003650785.1|G0000048
split_0265	2	390	NA	22909cacdaf9c7dee58a1554930203b06b47e0406a3af1e931c529587ca40b5d	GOMC.bin.2724|G0000376
split_0266	10	382	NA	f309e5688a10f4e57634e381c9a1e8fd0b6f96af5f06c2ecafc926ba9b175011	GCA_021161825.1|G0000159
split_0267	5	387	NA	40ac4701960bbbbf6702f91e93efc2c03ebae0ce8fa8818d4bcc70b57dc81219	GCA_021161825.1|G0000159
split_0268	4	388	NA	906be1f490042a702a2fcc28ca9fee1393676d22f079c268478f03088b17319d	GCA_029258885.1|G0000225
split_0269	2	390	NA	ce1f5ddaab334dffc4b17e07b1eba4c15106e998275dae7060d12aebf46379ab	GCA_029258885.1|G0000225
split_0270	2	390	NA	8dd4b0bd970828d695c578958077bc9a14db5dc8c15f386f2d8d7975629d67c4	GOMC.bin.2847|G0000378
split_0271	5	387	NA	0e5d9e9d023d435ef62e48bb7beca45b0b37b1c82ebde265088a74502b04619e	GCA_021163245.1|G0000165
split_0272	4	388	NA	3e13fe4a7ba47a9a26835ade0a13bbe515a24eb32f124b1b5200ce260c9585c9	GCA_021163245.1|G0000165
split_0273	2	390	NA	5d8aa5347deffec4ec849b0ded67d2381bcc85b7a8e0b23b605a2073ddbf4549	GCA_021163245.1|G0000165
split_0274	2	390	NA	a22a1ffcdeff69f8635538c95a6711a862ff50d37859431b63e6b6a4e630f75a	GCA_038727395.1|G0000275
split_0275	4	388	NA	be4ff63d026ae1a3333368f649b29ef2651e74997ab2ad06a616a1818fc2e76d	GCA_003650925.1|G0000049
split_0276	3	389	NA	3f2a116a4bd56186d48f8d5f0a3de7c699b64922879e536f4f73b9fb76e67500	GCA_021162845.1|G0000161
split_0277	2	390	NA	15030453ce713ec48c0550d10fbd181d4bd5a9bf7d2719d7ec848b4685fc517f	GCA_021162845.1|G0000161
split_0278	77	315	NA	a239c6475060d23f7dfea5531e1166ae24916a648471cf18e5447ff23c058011	GCA_001563335.1|G0000013
split_0279	65	327	NA	a121e02e1a33d0e98d06c31dee05102b4440246ae777e30ea7cdb2a7eb0bd050	GCA_001563335.1|G0000013
split_0280	61	331	NA	416eb73c8b9c305ce240c415136f542e147bb9d160558030c051bcbdd31a38ce	GCA_001563335.1|G0000013
split_0281	27	365	NA	70923d1721e30748e53384f5003de0e79d2cc3def3e66208ca8df9a43e492d9d	GCA_001563335.1|G0000013
split_0282	26	366	NA	10d243b2452f368597105ad3641a690788042654fe341ed36a2ae04a39673e27	GCA_001563335.1|G0000013
split_0283	25	367	NA	940ccd7f0adff17a8076d60581c008237f3adbc3a2adc60ae9c7b7c26016ff66	GCA_001563335.1|G0000013
split_0284	24	368	NA	b38b2a9cc87b3cd9ab1102ae169d6fdc16fd448d74592bda2253233cd9ff5dff	GCA_003345555.1|G0000042
split_0285	22	370	NA	2c1bc636cdfdc77c7ffa2122d1ad751b873c6032f94913e2758c4bed69729b31	GCA_003345555.1|G0000042
split_0286	20	372	NA	00e5a8339d41aeff7f63915196adf043c1ced61bd26dcb7744a079d8a646a3d4	GCA_003345555.1|G0000042
split_0287	15	377	NA	9178081df2a577b6325fe946745697895fd572c485463832a28d315bcb425b48	GCA_003345555.1|G0000042
split_0288	12	380	NA	90feaa9882b0022bd59fad84dbf61318c7a236bc8c012e6e3b1a24be95e2debc	GCA_003345555.1|G0000042
split_0289	4	388	NA	2dea538952455aae6051599a35ae3efd40908fb9f0001781adbfb1f8845832b9	GCA_003345555.1|G0000042
split_0290	3	389	NA	07e2ba0b075aa5423760c551967973d8c05dee8dd0c916fb00eb1e53d9eb7328	GCA_003345555.1|G0000042
split_0291	2	390	NA	f8961ee3d70383294a2eb5fad0e217280bcfb3c4d2149a7a54734a0952f7f71d	GCA_003345555.1|G0000042
split_0292	8	384	NA	d97dbf8cace13a5ffc7bc55e16f4daad791ba2c51e45ebf2332bb16b070b3a40	GCA_008080745.1|G0000071
split_0293	7	385	NA	6fb07e76f0836895b74e8092ee28592fc444d8d221db97d69c54ee1b0e606631	GCA_008080745.1|G0000071
split_0294	5	387	NA	ca345059b1793b8115a384c12409d90e097a2a6c91e6f9bb1802d24d53ffdfae	GCA_008080745.1|G0000071
split_0295	3	389	NA	fe554d6793247db5298df65db1cfcfd4199287c4fae0b1bde6632a7d7cd919bc	GCA_008080745.1|G0000071
split_0296	2	390	NA	5ccadeb0a92bc47207940c99ca7cfda7ec924b6846195b8b2aaa579355dcce27	GCA_008080745.1|G0000071
split_0297	2	390	NA	61cb73936ee14fc704828c12e482ea9baaa58e0d25c9729aa5eb02055b7e84e7	GCA_011364985.1|G0000075
split_0298	2	390	NA	b668476b7803ff60781c3e6d59af2b86c7ea372d2507f90f64e484dbf7a7490d	GCA_014730275.1|G0000086
split_0299	3	389	NA	3f2f83541c34003d341cf1350dee14bcd10ba9083ff64b5b8fd7c39308516af2	GCA_004524435.1|G0000060
split_0300	2	390	NA	dd186198e4d7507d58faeac392d815c49beab3dcf946e587a6f4766e73a43f24	GCA_004524435.1|G0000060
split_0301	5	387	NA	1431434ec4865af8e0dcbaaa8e7b08b26b0f1fd26c772c8554e4155d96045676	GCA_019057475.1|G0000136
split_0302	2	390	NA	b4c76090bd8b74b3088262bcf238d1313d90c41864acdea26fb0a017d3951eb0	GCA_019057475.1|G0000136
split_0303	3	389	NA	9d2bda25b1c490be718e14db13d9fab6933dd31997a87440e759a67765d34d33	GCA_020348985.1|G0000148
split_0304	2	390	NA	493bd9a3df00e82cc877d46d87fc25aa035fd18227bbc84b5c7f62558fdb4a6d	GCA_024276825.1|G0000198
split_0305	2	390	NA	6e71ed45717e27f88be081e8af48cc6cc486f458cdaee0c23ea092a92b98c5d1	GCA_030612005.1|G0000252
split_0306	2	390	NA	fe330b67ef28acf0651dd930b9298fb8746c40b602dd63b638773cfaf549eee2	GCA_016839445.1|G0000107
split_0307	34	358	NA	7da8903c8a465bc17cc3f914661307ea6aa6a4d90bbafa39d9b7cdcaedf4ed0d	GCA_004524365.1|G0000059
split_0308	29	363	NA	d8a7d53f5694440a830078b75911be905c2fefb73ac638b3783a31ca1d8dc2e6	GCA_004524365.1|G0000059
split_0309	26	366	NA	29585d4f498d5304183cdf1ac8ca5be54f7b50dada0f2ed07f7f89d44adbfd79	GCA_004524365.1|G0000059
split_0310	22	370	NA	1d200ad68039a0e75925ee55ed693a3f0b0872b07129e831f87c9e9bd1128cc2	GCA_004524365.1|G0000059
split_0311	19	373	NA	dec2b9096e26d1c524d29863f55ef7267207f25a73879f7984fb27dadcde5865	GCA_004524365.1|G0000059
split_0312	17	375	NA	de8d0bbccf5f2b6ce3ca40b3e466c290654e238d63b6d91d024c05fcf10f363e	GCA_004524365.1|G0000059
split_0313	16	376	NA	d1a7e428f2e71461ef0e240d1a08c88881a78af3ac025134faa2b4b18c231884	GCA_004524365.1|G0000059
split_0314	15	377	NA	3ab6981fe76e1e2239a0ba11f3612088a421ecf30045ebc4b7a34280c5a4b4fb	GCA_004524365.1|G0000059
split_0315	11	381	NA	33cda9f2c7e0026e48879ff79b22deb0e77fb919218a63b8feadedb8df93313a	GCA_004524365.1|G0000059
split_0316	7	385	NA	3f6825f5124bfa60419fa43f94ff9f5682693ef4bd030112758f8b7444a89235	GCA_004524365.1|G0000059
split_0317	6	386	NA	25ed3f4df55a0c2db1a39b7c3b1cea2e1eea989c426b9762dcf09909e87a0062	GCA_004524365.1|G0000059
split_0318	4	388	NA	7fca2614d5155507361bca7fc0573ba53794a53abc149a936ea1819d16894abe	GCA_004524365.1|G0000059
split_0319	2	390	NA	41ac0e4e5b4d8db9c933e1de6c7e67027803382c7ef655f75e13b0e449da82eb	GCA_004524365.1|G0000059
split_0320	2	390	NA	be3ca7d33b9ea6e1fd2c484e1826ba984adfeb803d89b693129c092e87d16daf	GCA_011364925.1|G0000074
split_0321	2	390	NA	0718169006777b60e3ce53a7e7f4f9690c64475bdeca6fef8a2af00a0f0f20e2	GCA_029838175.1|G0000236
split_0322	4	388	NA	8b5d28376e242e5a1b40b6e10022c6f20a7c6f9ee3bf5ed1584ed150581ab311	GCA_004524535.1|G0000062
split_0323	3	389	NA	42a54f5dab3c5cbd0a60025ce5c4576095397c645e495971126f7ff2ca83935e	GCA_019058445.1|G0000141
split_0324	2	390	NA	13ade787efde9d70c71aa5f561da792db310d3d3f6d8460f61fee152673eb3a6	GCA_019058445.1|G0000141
split_0325	4	388	NA	ca386644c27c59d846b87ee1a7b4f260a13e267dcc1a340f3bbd0c6110f8c1f1	GCA_005223125.1|G0000066
split_0326	3	389	NA	85b18977fa1ffbd5161688a6213a9963f57771f874effe3dacd13c967edd0d6f	GCA_005223125.1|G0000066
split_0327	2	390	NA	a98718cb657d9c34a473da435989c74448e7cf7a0d71db751929d04709affc44	GCA_030610785.1|G0000251
split_0328	2	390	NA	ea344ee96e719430149545edbeb923db2e4e5c6753acd40753e8d23d14d4de68	GCA_019058015.1|G0000138
split_0329	3	389	NA	e9d19f32d97e6720814775a577ecac648c3b3688768d86bcc802eeb814dfc1da	GCA_004524545.1|G0000063
split_0330	2	390	NA	6c565981a51302e1dd8ec852745694736b94ffc9f4089ecf1bc549c7be18865c	GCA_004524545.1|G0000063
split_0331	4	388	NA	3efbf1e69493f68c2850436f8fa8a4536d79bd70ab5be203ba2f40f51a95a9aa	GCA_027492035.1|G0000218
split_0332	2	390	NA	e73cde53d885f406608f3f16bea8e5fe72e29b9abf5f5b35ff8e340fc049ae69	GCA_027492035.1|G0000218
split_0333	2	390	NA	ab0e2f73329068195046d1c8dc159f222f8d4458d65d1db903c8ed80c43f7e31	GCA_040225955.1|G0000315
split_0334	3	389	NA	0eb528e47276e2534b49958db285ef5ae257d5201fbac4f26d87a3476b8b1da2	GCA_038819355.1|G0000289
split_0335	2	390	NA	4eb62bbc8b6864a89f24967d3ca5032583ac2ac473cb40ec50ab75ac6cd1d6ad	GCA_038819355.1|G0000289
split_0336	5	387	NA	24ff69748e194b11a338d5a96aa15ce5c8eba5bec9e8319ed0ddde4b1f787d95	GCA_005191415.1|G0000064
split_0337	4	388	NA	5182afacabe81d1cbe7a8d327ce4f6e4ac03d1e843b4de0464f38120bb70bce8	GCA_005191415.1|G0000064
split_0338	2	390	NA	723737632ada2ca1deda5068f434e63f0fb2b6e608a8d993c84cb0d834464032	GCA_005191415.1|G0000064
split_0339	2	390	NA	2016ff791ea08ef5d6c6745718a91fe16249e53559a1e6675a2d44c6e1c6567f	GCA_005191425.1|G0000065
split_0340	4	388	NA	d9db478d3834bc93b4862c59e435f53a23db0ae167671423b47aa430fac42cd0	GCA_016550395.1|G0000103
split_0341	2	390	NA	3c01ca604d54b07712fe7061ae7ba45561b0937d20b3165f0feb37387b2ec1d3	GCA_016550395.1|G0000103
split_0342	2	390	NA	f58024903b6db60b559eb14d68e8e3e23eea624b5dc824a93989e50488f7071f	GCA_016840065.1|G0000110
split_0343	12	380	NA	2b6d3cd976ce194e52394ab9207009f41005668f8cbfe6d2c68ccf10fb69bc4b	GCA_001940665.2|G0000022
split_0344	2	390	NA	b19c5c21567a6b263fc8ebb033f9ec733d41d7255e433c25c2bb0b0a4faace76	GCA_001940665.2|G0000022
split_0345	10	382	NA	edb9097c2937a0bb29d3a295e8ec45a41bdca7b042d0bfcbd19ffb617d39b798	GCA_016292335.1|G0000101
split_0346	9	383	NA	72c88c7535157e574e213a35effe0d7a7fb343b71fcd39136a15c35d1c42109b	GCA_016292335.1|G0000101
split_0347	8	384	NA	0573b5ffc6071ace07e99a48162e623af87bb809c46fefb69d5b59b5be7ac08f	GCA_016292335.1|G0000101
split_0348	6	386	NA	d8373483f6366c897048ed011afd087a8f399b0686f81a0c2c9e63ffb077a56a	GCA_016292335.1|G0000101
split_0349	3	389	NA	ae7705ad2d73db43c804a8d778797b00a18bf5080ef9555fa1bcdf690a59d9a4	GCA_016292335.1|G0000101
split_0350	2	390	NA	80df54c4a2636aadf861d726bc74b86f9524b2b7788fd14236a2bb7e5815fd4c	GCA_016294985.1|G0000102
split_0351	3	389	NA	ec8e2b02b25075aac52aacf40903c1b8672cbcbbf8aa5154fa812ecc97067968	GCA_019058495.1|G0000142
split_0352	2	390	NA	6cbba13bde1c5c511a7bc81785930f47737fa3d35cba130db16a33fe86651584	GCA_019058495.1|G0000142
split_0353	2	390	NA	220ee6fe1023e8c2a6ac8474d3b6ad42c2635539c28895e4c472c4014ad1b6ba	GCA_016840485.1|G0000114
split_0354	11	381	NA	5a093107e61d014730b3579670b644aafaae7734f849e13c21d60cd886da93a2	GCA_001940655.1|G0000021
split_0355	8	384	NA	6ae7f2bb46deb0b4083460b6622e56e1d0af13c9bfb1e761fec19e832302b0c3	GCA_001940655.1|G0000021
split_0356	6	386	NA	1eb2b6157c4028eb2496586ef1d19e2322610dae49c1b547e6dc72da759b2ccf	GCA_001940655.1|G0000021
split_0357	5	387	NA	04993f94f72a58f01d5c4f656df121b38924670bc7b3c0729a7101341cb3c644	GCA_001940655.1|G0000021
split_0358	4	388	NA	33ce26f086e2add5779ac42539b8573602603cc9370f906b22947906a8ea4b38	GCA_014729935.1|G0000084
split_0359	2	390	NA	865811ac344c33ceb734f91904e16bf5f8e17dfa8dc2f3ac748f6645b5488411	GCA_014729935.1|G0000084
split_0360	2	390	NA	8320fad3def6b3df0464389b791a0c89d4356acb451678d0b271d0bc16ebe1b4	GCA_030587475.2|G0000247
split_0361	2	390	NA	e50bb674822b78da3d46a14f96a9c8ca5bfec40ac9277fa4013133609129f0bf	GCA_003649205.1|G0000045
split_0362	3	389	NA	ce86da6528f7280632948e50d67c96d81297ccdfc0454c23ded7990b7c397158	GCA_003019595.1|G0000036
split_0363	2	390	NA	b3eed773fca54d49d615692f008e74069e997c87ecaa0cb2427fb8ec0b017282	GCA_003019595.1|G0000036
split_0364	3	389	NA	5bbb8cf3191d43997af27e854acc248581219e74c39615ea7c1c4882e13c3e87	GCA_015661855.1|G0000097
split_0365	2	390	NA	febb018e6c6f61b6771c696b632be63280849ecc06d7c7fb993ccc3320052c1d	GCA_015661855.1|G0000097
split_0366	3	389	NA	1e863344d7d79fcdcaf9979145ad32b746b649f8f5cc13ed591e731fc1b39d27	GCA_003661385.1|G0000051
split_0367	2	390	NA	b3862c6953ddedacf5b30ad97ec28306138aff466e0ecc5f473df170fe175d2a	GCA_003661385.1|G0000051
split_0368	20	372	NA	d69550e94166d5804b704cc44769c0de7ef01e9f756db58841da4715354632f0	GCA_003144275.1|G0000040
split_0369	19	373	NA	f86540724c94637c84cbb85176b2a457fae3aa49016431c86c5f0065daa673f7	GCA_003144275.1|G0000040
split_0370	10	382	NA	74d8b1904c930490f906405e2758a06609ab0b053f7ac7f0ef462d64206dd324	GCA_003144275.1|G0000040
split_0371	9	383	NA	237c4ee5f7922e755a8a3d799336a560e7b91749b2767cb490fbc0d58d86a58f	GCA_003144275.1|G0000040
split_0372	7	385	NA	7224784374d2599ab10a3c3ca30a95f604149cbb861b6ca5735db74b474c3b4c	GCA_003144275.1|G0000040
split_0373	6	386	NA	a426345470254e7ff8b00d08eeea013d2153b1c984b783d321b3a8abb7df9aea	GCA_016839295.1|G0000105
split_0374	4	388	NA	ab58d3ca1b3dfbe8f7e7a77372ce58ebce645731c7cc57ba7a258308e90862aa	GCA_016839295.1|G0000105
split_0375	3	389	NA	8353570d67e4109888a9cb7eab65618e49d38157120ce6821cd8034a7f324a35	GCA_016839295.1|G0000105
split_0376	2	390	NA	dcafc55e6b138013ae7f800c6ff38621b662d3b0db4c3c047f5aa68b1261d06c	GCA_021513695.1|G0000174
split_0377	2	390	NA	87520b7a598cefff03d666b0a2379ee5882b791cde21a8017a5ad5a1932d77bd	GCA_018238545.1|G0000122
split_0378	2	390	NA	54bb30960b3597e01aa19bbdd3d768f0560fccd20a577d0a0aa8db96e97b4b8d	GCA_019057815.1|G0000137
split_0379	9	383	NA	c2cd25d8654a1a7f4b5f21e7a6aec936c70d18dfc901d07e06f59e8fdaed6d0b	GCA_024720815.1|G0000199
split_0380	8	384	NA	9c77ed697809244a8c0eec137da12f8e992fb19d285f6f81b414d76a9abc09e5	GCA_024720815.1|G0000199
split_0381	6	386	NA	01cb8b27249dce90bec2b06361eeee5a656b7b4e6dcc7089d68c21fe9160acae	GCA_024720815.1|G0000199
split_0382	4	388	NA	568035dec193737124e9d11709c8f7b4a4dbcb5bbd1ec77c9e3fee74d546a57a	GCA_024720815.1|G0000199
split_0383	3	389	NA	74890d3ce381f4ca461e797376d35016880054b8b500062ab0a1be26584f3c86	GCA_026993975.1|G0000212
split_0384	2	390	NA	fc9d3ed0ea2f38f56d9d3be327b6540c6b0bf1c284eaf82f7b6b22d5ae786b27	GCA_026993975.1|G0000212
split_0385	2	390	NA	4955ca688282cc37102d32577593a212c28242dbddae2f02bba10253f874b68d	GCA_029856635.1|G0000243
split_0386	2	390	NA	f49c74d11e12b745bcc425600a8383fead5e3e873319971db83fa9889f564299	GCA_054385655.1|G0000349
split_0387	4	388	NA	b0b613222d59acff03c4b439f6b1cd83b4e9c1e414e574a9145491daeb74ed19	GCA_022848835.1|G0000183
split_0388	3	389	NA	2bcff163baad64161da2877409f13b033965df7cd6324d0c12d87a610fe20d33	GCA_022848835.1|G0000183
split_0389	2	390	NA	9f3159a8655ba6881fabb32e90234a1b1925788a72c3900514a5b935d5cf00ff	GCA_022848835.1|G0000183
