case_id	og_id	input_complete	unit_complete	source_complete
archaea1338__OG0000244	OG0000244	true	true	true
archaea1338__OG0000323	OG0000323	true	true	true
archaea1338__OG0000345	OG0000345	true	true	true
archaea1338__OG0000355	OG0000355	true	true	true
archaea1338__OG0000455	OG0000455	true	true	true
archaea1338__OG0000477	OG0000477	true	true	true
archaea1338__OG0000566	OG0000566	true	true	true
archaea1338__OG0000637	OG0000637	true	true	true
archaea1338__OG0000648	OG0000648	true	true	true
archaea1338__OG0000688	OG0000688	true	true	true
archaea1338__OG0000701	OG0000701	true	true	true
archaea1338__OG0000710	OG0000710	true	true	true
archaea1338__OG0000762	OG0000762	true	true	true
archaea1338__OG0000843	OG0000843	true	true	true
archaea1338__OG0000979	OG0000979	true	true	true
archaea1338__OG0001050	OG0001050	true	true	true
archaea1338__OG0001088	OG0001088	true	true	true
archaea1338__OG0001103	OG0001103	true	true	true
archaea1338__OG0001243	OG0001243	true	true	true
archaea1338__OG0001360	OG0001360	true	true	true
archaea1338__OG0001449	OG0001449	true	true	true
archaea1338__OG0001565	OG0001565	true	true	true
archaea1338__OG0001568	OG0001568	true	true	true
archaea1338__OG0001580	OG0001580	true	true	true
archaea1338__OG0001582	OG0001582	true	true	true
archaea1338__OG0001589	OG0001589	true	true	true
archaea1338__OG0001771	OG0001771	true	true	true
archaea1338__OG0001785	OG0001785	true	true	true
archaea1338__OG0001791	OG0001791	true	true	true
archaea1338__OG0001833	OG0001833	true	true	true
archaea1338__OG0002358	OG0002358	true	true	true
archaea1338__OG0002388	OG0002388	true	true	true
archaea1338__OG0002523	OG0002523	true	true	true
