og_id	origin_set	branch_scale	n_hosts	retention_log_likelihood	ARD_log_likelihood	ARD_minus_retention_delta_logL	ARD_minus_retention_delta_logL_per_host	retention_minus_best_other_restricted_logL	ARD_retention_contribution_ratio	scale_pass75	scale_strong90	final_class
OG0000244	existing_formal40	unit_topology	318	-193.55652605658904	-188.1905209175461	5.366005139042926	0.01687422999699033	4.725761063247177	0.824120650736458	TRUE	FALSE	supported
OG0000244	existing_formal40	source_branch_lengths	318	-184.68603830586034	-182.97406694595188	1.7119713599084605	0.005383557735561197	10.15386973409818	0.9452629186532663	TRUE	TRUE	supported
OG0000355	existing_formal40	unit_topology	248	-85.30806425741277	-78.14537774303602	7.162686514376745	0.028881800461196552	-4.247769336148949	0.733765238370557	FALSE	FALSE	compatible
OG0000355	existing_formal40	source_branch_lengths	248	-73.20852231270042	-71.16427883329325	2.0442434794071715	0.008242917255674078	2.8232891911635107	0.7741744876128491	TRUE	FALSE	compatible
OG0000455	existing_formal40	unit_topology	295	-144.157199500715	-136.29591004214515	7.861289458569843	0.026648438842609635	-3.875188096238901	0.8617471562436134	FALSE	FALSE	compatible
OG0000455	existing_formal40	source_branch_lengths	295	-134.30529416014545	-133.149426886705	1.1558672734404638	0.00391819414725581	6.680102769470892	0.9498434634827078	TRUE	TRUE	compatible
OG0000477	existing_formal40	unit_topology	257	-218.22264034239035	-213.12668537213312	5.095954970257225	0.01982861856131216	9.260607376900793	0.730830769386408	FALSE	FALSE	compatible
OG0000477	existing_formal40	source_branch_lengths	257	-204.07213468163832	-202.35490856705349	1.7172261145848324	0.006681813675427363	17.744084992385552	0.8783592733655022	TRUE	FALSE	compatible
OG0000566	existing_formal40	unit_topology	272	-71.39364354089632	-70.19981234950934	1.1938311913869768	0.004389085262452121	12.077833401778165	0.9335635410982589	TRUE	TRUE	strong
OG0000566	existing_formal40	source_branch_lengths	272	-68.49269894914734	-68.43719999094259	0.05549895820475115	0.00020404028751746747	14.164632599450684	0.9831432775281698	TRUE	TRUE	strong
OG0000637	existing_formal40	unit_topology	197	-181.70718138502804	-173.35394591986312	8.353235465164914	0.04240221048307063	5.163878893375966	0.7243062260209842	FALSE	FALSE	compatible
OG0000637	existing_formal40	source_branch_lengths	197	-168.186858271239	-168.15190081104197	0.03495746019703461	0.0001774490365331706	7.048135173883452	0.9867754101981361	TRUE	TRUE	compatible
OG0000688	existing_formal40	unit_topology	227	-123.42253163286885	-118.89587765701673	4.526653975852128	0.019941206942079858	15.770270964693438	0.8479937842378886	TRUE	FALSE	supported
OG0000688	existing_formal40	source_branch_lengths	227	-106.78377691349493	-105.96169798102551	0.8220789324694238	0.003621493094578959	5.1906736665368385	0.9966743534552948	TRUE	TRUE	supported
OG0000701	existing_formal40	unit_topology	195	-163.4604105509856	-152.38667158568077	11.073738965304841	0.056788404950281236	-8.096023756474807	0.5888002355246731	FALSE	FALSE	compatible
OG0000701	existing_formal40	source_branch_lengths	195	-147.24681736834685	-142.43355044520985	4.813266923137007	0.02468342011865132	3.0522085521867552	0.8117803593270204	TRUE	FALSE	compatible
OG0000710	existing_formal40	unit_topology	196	-152.69695864081942	-142.85412163747824	9.842837003341174	0.05021855613949579	-3.4871045431791288	0.6930632087400734	FALSE	FALSE	compatible
OG0000710	existing_formal40	source_branch_lengths	196	-149.72303103880813	-147.2184602768664	2.5045707619417215	0.012778422254804701	7.167199797649658	0.8409145150923285	TRUE	FALSE	compatible
OG0000762	existing_formal40	unit_topology	236	-179.89960143686346	-166.66879094870674	13.23081048815672	0.05606275630574881	1.4321267420264974	0.6069613952084517	FALSE	FALSE	compatible
OG0000762	existing_formal40	source_branch_lengths	236	-157.4053876078261	-154.61270313947637	2.7926844683497336	0.011833408764193786	2.2734180274418065	0.9123994486539919	TRUE	TRUE	compatible
OG0001050	existing_formal40	unit_topology	172	-122.5035142471811	-118.78253358891779	3.720980658263315	0.02163360847827509	5.387625412517252	0.8422579920634614	TRUE	FALSE	supported
OG0001050	existing_formal40	source_branch_lengths	172	-114.66587818076549	-110.53424042881367	4.131637751951814	0.024021149720650083	11.232399689905023	0.8960399057898696	TRUE	FALSE	supported
OG0001103	existing_formal40	unit_topology	126	-117.57119282808411	-113.64661326881631	3.924579559267798	0.0311474568195857	4.842668352348184	0.7173689129949331	FALSE	FALSE	compatible
OG0001103	existing_formal40	source_branch_lengths	126	-120.7615788610184	-117.6108319870885	3.1507468739299043	0.025005927570872256	3.9967860590451636	0.7750570663265772	TRUE	FALSE	compatible
OG0001243	existing_formal40	unit_topology	164	-150.82342616840023	-148.26153163901157	2.561894529388667	0.015621308106028456	4.57558437866706	0.812933163479406	TRUE	FALSE	supported
OG0001243	existing_formal40	source_branch_lengths	164	-148.12205267511243	-147.38405694835294	0.7379957267594932	0.004499973943655446	1.9206529209129428	0.9452362444658042	TRUE	TRUE	supported
OG0001360	existing_formal40	unit_topology	121	-88.7382353035188	-85.44843036366586	3.2898049398529423	0.027188470577297043	0.05090073052511457	0.7061895584250819	FALSE	FALSE	compatible
OG0001360	existing_formal40	source_branch_lengths	121	-82.29172248647365	-79.89990384588923	2.391818640584418	0.01976709620317701	1.1143897610810285	0.752484964559721	TRUE	FALSE	compatible
OG0001565	existing_formal40	unit_topology	130	-122.9477668008863	-122.8598197985425	0.08794700234379604	0.0006765154026445849	1.350860215218276	0.8845369450208788	TRUE	FALSE	supported
OG0001565	existing_formal40	source_branch_lengths	130	-117.72412956734173	-117.60039061208882	0.123738955252918	0.0009518381173301385	3.6420017581128263	0.8018960884449114	TRUE	FALSE	supported
OG0001568	existing_formal40	unit_topology	167	-88.23853174625373	-85.6271874702455	2.611344276008225	0.01563679207190554	4.05762145875984	0.7563886622859541	TRUE	FALSE	supported
OG0001568	existing_formal40	source_branch_lengths	167	-82.41623356555897	-79.9982743538111	2.4179592117478705	0.01447879767513695	4.6040132996063505	0.9844891195752544	TRUE	TRUE	supported
OG0001580	existing_formal40	unit_topology	107	-109.4568837185306	-108.0574946182769	1.3993891002536998	0.013078402806109344	0.44265891727889084	0.7734931433576467	TRUE	FALSE	supported
OG0001580	existing_formal40	source_branch_lengths	107	-104.76783198198495	-104.34403993755407	0.4237920444308827	0.003960673312438156	3.215172761573541	0.7922052746406678	TRUE	FALSE	supported
OG0001589	existing_formal40	unit_topology	158	-131.3852314056761	-127.72958140065421	3.655650005021897	0.023137025348239856	2.1823662481138797	0.7396365934815123	FALSE	FALSE	compatible
OG0001589	existing_formal40	source_branch_lengths	158	-118.07914052189554	-117.40772206911652	0.6714184527790223	0.004249483878348242	10.275832444757555	0.9396245738633822	TRUE	TRUE	compatible
OG0001771	existing_formal40	unit_topology	142	-95.25730006181594	-88.59040723292273	6.666892828893211	0.04694994949924796	2.592947696210217	0.775397921008606	TRUE	FALSE	compatible
OG0001771	existing_formal40	source_branch_lengths	142	-84.31128855597315	-83.69952552337564	0.6117630325975085	0.00430819037040499	-4.394478202552378	0.9679793767118331	FALSE	FALSE	compatible
OG0001785	existing_formal40	unit_topology	120	-117.48927748950955	-113.94101122351255	3.5482662659970003	0.029568885549975003	2.396916484347699	0.7213730952042133	FALSE	FALSE	compatible
OG0001785	existing_formal40	source_branch_lengths	120	-115.5157942815409	-111.80829314326348	3.707501138277422	0.030895842818978517	3.3806166547616954	0.7807906630957243	TRUE	FALSE	compatible
OG0001833	existing_formal40	unit_topology	105	-93.68858947595031	-90.76864030456497	2.9199491713853405	0.02780903972747943	1.1349870789689191	0.806446272155161	TRUE	FALSE	supported
OG0001833	existing_formal40	source_branch_lengths	105	-88.21849340538095	-87.52542942214652	0.6930639832344383	0.006600609364137508	3.451657543562092	0.8740010962321874	TRUE	FALSE	supported
OG0002358	existing_formal40	unit_topology	107	-104.52252502040747	-104.28938698376194	0.2331380366455278	0.0021788601555656805	3.250961868160374	0.940529986099541	TRUE	TRUE	strong
OG0002358	existing_formal40	source_branch_lengths	107	-107.16375386650658	-107.16380806662136	-5.420011477497155e-05	-5.065431287380519e-07	2.27631805410536	0.9999831978383953	TRUE	TRUE	strong
OG0002388	existing_formal40	unit_topology	127	-104.43560738304183	-104.16827467205853	0.2673327109832968	0.0021049819762464315	0.06955525832186993	0.872564979614947	TRUE	FALSE	supported
OG0002388	existing_formal40	source_branch_lengths	127	-101.49326838947259	-100.35387927163607	1.1393891178365152	0.008971567856980434	2.853691643594175	0.8310273297383793	TRUE	FALSE	supported
OG0000345	new_formal39	unit_topology	338	-160.94427715969135	-157.69077534218317	3.2535018175081802	0.00962574502221355	4.753625369876318	0.8842363341231319	TRUE	FALSE	supported
OG0000345	new_formal39	source_branch_lengths	338	-156.40906715133264	-154.97605167054166	1.4330154807909707	0.004239690771570919	2.6702057564771167	0.9133518877436041	TRUE	TRUE	supported
OG0000648	new_formal39	unit_topology	251	-162.7583175274823	-150.2105172410417	12.547800286440577	0.049991236200958473	-0.18891942541495155	0.5513125417688718	FALSE	FALSE	compatible
OG0000648	new_formal39	source_branch_lengths	251	-145.7084163580526	-141.7063509799903	4.002065378062298	0.015944483577937443	12.14546666217555	0.7939353921650942	TRUE	FALSE	compatible
OG0000843	new_formal39	unit_topology	246	-67.95781305506635	-67.25000257109014	0.7078104839762176	0.002877278390147226	2.8143650158521325	0.8701353571788027	TRUE	FALSE	compatible
OG0000843	new_formal39	source_branch_lengths	246	-61.49345336021973	-59.832748591764194	1.6607047684555383	0.006750832392095684	0.7516865983025056	0.7177588838885909	FALSE	FALSE	compatible
OG0000979	new_formal39	unit_topology	146	-124.77816525831525	-118.92264612327463	5.855519135040623	0.04010629544548372	0.7873954508607	0.727387390996081	FALSE	FALSE	compatible
OG0000979	new_formal39	source_branch_lengths	146	-117.32480911551713	-115.32423426565502	2.0005748498621045	0.013702567464808935	4.100679385079417	0.8049947362719743	TRUE	FALSE	compatible
OG0001088	new_formal39	unit_topology	122	-107.65321724278444	-103.07689511114937	4.576322131635067	0.037510837144549725	2.099776024724875	0.8057105172035857	TRUE	FALSE	supported
OG0001088	new_formal39	source_branch_lengths	122	-99.24276636192165	-97.34696043947456	1.8958059224470958	0.015539392806943409	3.8231289532427866	0.8179810243045738	TRUE	FALSE	supported
OG0001449	new_formal39	unit_topology	134	-113.85810761795192	-108.78153779539323	5.076569822558682	0.03788484942207972	0.861218140539151	0.6962931687398641	FALSE	FALSE	compatible
OG0001449	new_formal39	source_branch_lengths	134	-113.05711442928472	-111.86239008388723	1.1947243453974892	0.008915853323861859	0.3263766454550705	0.88567315767137	TRUE	FALSE	compatible
OG0001582	new_formal39	unit_topology	126	-79.30917616823955	-77.02819909207464	2.280977076164902	0.018102992667975413	-0.3655727781121385	0.6925711677221705	FALSE	FALSE	compatible
OG0001582	new_formal39	source_branch_lengths	126	-74.43349073999809	-74.43460329399974	-0.0011125540016507784	-8.829793663895067e-06	2.3997115408196947	0.9999768833178244	TRUE	TRUE	compatible
OG0001791	new_formal39	unit_topology	117	-86.94767890114728	-86.82321502810555	0.12446387304173356	0.0010637937866814834	0.04289170088875949	0.8440233468791649	TRUE	FALSE	supported
OG0001791	new_formal39	source_branch_lengths	117	-83.44944717301956	-83.26889278340744	0.18055438961212644	0.0015431999112147559	0.4831381735151865	0.9727281094168398	TRUE	TRUE	supported
OG0002523	new_formal39	unit_topology	121	-88.62009314275177	-83.80219450861686	4.817898634134906	0.03981734408375955	-1.9461559461786067	0.6617060161694575	FALSE	FALSE	compatible
OG0002523	new_formal39	source_branch_lengths	121	-81.99077984855747	-81.04687550771045	0.9439043408470127	0.007800862321049692	0.23329541476714155	0.9528410805712318	TRUE	TRUE	compatible
OG0000323	late_formal1	unit_topology	300	-164.6676105522748	-156.27539048016183	8.392220072112963	0.02797406690704321	1.003008476620721	0.4934945031915494	FALSE	FALSE	compatible
OG0000323	late_formal1	source_branch_lengths	300	-151.76551317839022	-151.4549463323871	0.3105668460031268	0.0010352228200104226	14.458334459933525	0.8383084048353332	TRUE	FALSE	compatible
